PrecinctName,ReportingType,PrecinctID,Precincts,Registration,Ballots Cast,Turnout (%),VICTOR HWANG,PAUL HENDERSON,Under Vote,Over Vote
Pct 1101,Election Day,1101,1,586,159,27.13,86,40,33,0
Pct 1101,VBM,1101,1,586,287,48.98,142,101,43,1
Pct 1102,Election Day,1102,1,996,291,29.22,146,90,55,0
Pct 1102,VBM,1102,1,996,519,52.11,265,184,70,0
Pct 1103,Election Day,1103,1,971,263,27.09,115,86,62,0
Pct 1103,VBM,1103,1,971,518,53.35,290,164,64,0
Pct 1104/1105,Election Day,1104,1,991,329,33.20,168,91,70,0
Pct 1104/1105,VBM,1104,1,991,434,43.79,254,128,52,0
Pct 1106,Election Day,1106,1,808,217,26.86,116,58,43,0
Pct 1106,VBM,1106,1,808,383,47.40,207,124,51,1
Pct 1107,Election Day,1107,1,781,222,28.43,121,56,45,0
Pct 1107,VBM,1107,1,781,284,36.36,140,104,39,1
Pct 1108,Election Day,1108,1,951,250,26.29,128,58,64,0
Pct 1108,VBM,1108,1,951,494,51.95,272,153,69,0
Pct 1109,Election Day,1109,1,809,215,26.58,112,64,39,0
Pct 1109,VBM,1109,1,809,402,49.69,239,106,57,0
Pct 1111,Election Day,1111,1,1031,246,23.86,129,52,65,0
Pct 1111,VBM,1111,1,1031,471,45.68,268,133,69,1
Pct 1112,Election Day,1112,1,765,173,22.61,95,47,31,0
Pct 1112,VBM,1112,1,765,384,50.20,236,85,63,0
Pct 1113,Election Day,1113,1,713,145,20.34,84,37,24,0
Pct 1113,VBM,1113,1,713,402,56.38,232,112,58,0
Pct 1114,Election Day,1114,1,971,297,30.59,130,86,80,1
Pct 1114,VBM,1114,1,971,444,45.73,257,121,65,1
Pct 1115,Election Day,1115,1,910,233,25.60,136,47,49,1
Pct 1115,VBM,1115,1,910,513,56.37,272,148,93,0
Pct 1116,Election Day,1116,1,913,245,26.83,136,66,43,0
Pct 1116,VBM,1116,1,913,391,42.83,231,106,54,0
Pct 1117,Election Day,1117,1,886,273,30.81,117,99,56,1
Pct 1117,VBM,1117,1,886,371,41.87,196,119,55,1
Pct 1118,Election Day,1118,1,1031,261,25.32,143,78,39,1
Pct 1118,VBM,1118,1,1031,515,49.95,313,123,77,2
Pct 1119,Election Day,1119,1,783,176,22.48,86,50,40,0
Pct 1119,VBM,1119,1,783,411,52.49,221,125,63,2
Pct 1121,Election Day,1121,1,691,192,27.79,111,47,34,0
Pct 1121,VBM,1121,1,691,333,48.19,189,86,58,0
Pct 1122,Election Day,1122,1,658,166,25.23,93,46,27,0
Pct 1122,VBM,1122,1,658,316,48.02,187,79,50,0
Pct 1123,Election Day,1123,1,954,259,27.15,149,62,48,0
Pct 1123,VBM,1123,1,954,387,40.57,211,114,61,1
Pct 1124,Election Day,1124,1,831,210,25.27,108,69,33,0
Pct 1124,VBM,1124,1,831,346,41.64,209,94,42,1
Pct 1125,Election Day,1125,1,1029,234,22.74,116,60,57,1
Pct 1125,VBM,1125,1,1029,511,49.66,274,169,68,0
Pct 1126,Election Day,1126,1,954,254,26.62,117,87,50,0
Pct 1126,VBM,1126,1,954,447,46.86,249,144,54,0
Pct 1127,Election Day,1127,1,911,273,29.97,138,78,57,0
Pct 1127,VBM,1127,1,911,412,45.23,228,128,56,0
Pct 1128,Election Day,1128,1,907,237,26.13,114,71,52,0
Pct 1128,VBM,1128,1,907,449,49.50,240,142,67,0
Pct 1129,Election Day,1129,1,951,280,29.44,119,85,74,2
Pct 1129,VBM,1129,1,951,423,44.48,229,138,56,0
Pct 1131,Election Day,1131,1,853,192,22.51,90,55,47,0
Pct 1131,VBM,1131,1,853,382,44.78,203,123,55,1
Pct 1132,Election Day,1132,1,982,226,23.01,97,81,48,0
Pct 1132,VBM,1132,1,982,495,50.41,261,162,71,1
Pct 1133,Election Day,1133,1,870,223,25.63,100,65,58,0
Pct 1133,VBM,1133,1,870,438,50.34,215,147,76,0
Pct 1134,Election Day,1134,1,793,216,27.24,109,58,49,0
Pct 1134,VBM,1134,1,793,377,47.54,201,122,54,0
Pct 1135,Election Day,1135,1,521,122,23.42,57,46,19,0
Pct 1135,VBM,1135,1,521,299,57.39,172,90,36,1
Pct 1136,Election Day,1136,1,857,206,24.04,91,62,52,1
Pct 1136,VBM,1136,1,857,463,54.03,242,144,77,0
Pct 1141,Election Day,1141,1,1047,259,24.74,131,85,43,0
Pct 1141,VBM,1141,1,1047,553,52.82,303,174,76,0
Pct 1142,Election Day,1142,1,858,232,27.04,118,65,49,0
Pct 1142,VBM,1142,1,858,435,50.70,233,132,69,1
Pct 1143,Election Day,1143,1,1056,302,28.60,159,85,58,0
Pct 1143,VBM,1143,1,1056,499,47.25,281,143,75,0
Pct 1144,Election Day,1144,1,928,266,28.66,134,77,54,1
Pct 1144,VBM,1144,1,928,447,48.17,251,126,70,0
Pct 1145,Election Day,1145,1,931,237,25.46,115,62,60,0
Pct 1145,VBM,1145,1,931,516,55.42,283,182,51,0
Pct 1146,Election Day,1146,1,1036,241,23.26,130,68,43,0
Pct 1146,VBM,1146,1,1036,550,53.09,305,162,83,0
Pct 1147,Election Day,1147,1,927,270,29.13,145,74,51,0
Pct 1147,VBM,1147,1,927,464,50.05,267,139,58,0
Pct 1148,Election Day,1148,1,992,264,26.61,124,80,59,1
Pct 1148,VBM,1148,1,992,463,46.67,255,131,75,2
Pct 1149,Election Day,1149,1,950,291,30.63,140,88,63,0
Pct 1149,VBM,1149,1,950,456,48.00,267,132,57,0
Pct 1151 MB,Election Day,1151,1,0,0,0.00,0,0,0,0
Pct 1151 MB,VBM,1151,1,0,0,0.00,0,0,0,0
Pct 1152,Election Day,1152,1,898,236,26.28,92,89,55,0
Pct 1152,VBM,1152,1,898,435,48.44,226,142,64,3
Pct 1153,Election Day,1153,1,961,281,29.24,129,82,69,1
Pct 1153,VBM,1153,1,961,468,48.70,265,135,67,1
Pct 1154 MB,Election Day,1154,1,0,0,0.00,0,0,0,0
Pct 1154 MB,VBM,1154,1,0,0,0.00,0,0,0,0
Pct 7001,Election Day,7001,1,742,204,27.49,110,53,41,0
Pct 7001,VBM,7001,1,742,355,47.84,188,101,66,0
Pct 7002,Election Day,7002,1,1225,322,26.29,172,80,70,0
Pct 7002,VBM,7002,1,1225,675,55.10,363,162,149,1
Pct 7003,Election Day,7003,1,927,280,30.20,166,68,46,0
Pct 7003,VBM,7003,1,927,554,59.76,290,170,94,0
Pct 7004,Election Day,7004,1,896,253,28.24,136,58,59,0
Pct 7004,VBM,7004,1,896,555,61.94,294,150,111,0
Pct 7005,Election Day,7005,1,853,302,35.40,162,65,75,0
Pct 7005,VBM,7005,1,853,453,53.11,262,120,71,0
Pct 7006,Election Day,7006,1,966,290,30.02,160,70,60,0
Pct 7006,VBM,7006,1,966,509,52.69,292,148,69,0
Pct 7007,Election Day,7007,1,987,302,30.60,152,90,59,1
Pct 7007,VBM,7007,1,987,568,57.55,299,154,115,0
Pct 7008,Election Day,7008,1,882,293,33.22,149,76,67,1
Pct 7008,VBM,7008,1,882,527,59.75,233,189,104,1
Pct 7009,Election Day,7009,1,931,249,26.75,134,67,48,0
Pct 7009,VBM,7009,1,931,501,53.81,277,147,75,2
Pct 7011,Election Day,7011,1,1063,255,23.99,113,80,62,0
Pct 7011,VBM,7011,1,1063,366,34.43,191,113,62,0
Pct 7012,Election Day,7012,1,1034,361,34.91,185,88,87,1
Pct 7012,VBM,7012,1,1034,564,54.55,297,168,98,1
Pct 7013,Election Day,7013,1,733,209,28.51,102,57,50,0
Pct 7013,VBM,7013,1,733,431,58.80,221,124,86,0
Pct 7014,Election Day,7014,1,1073,311,28.98,178,68,65,0
Pct 7014,VBM,7014,1,1073,617,57.50,319,177,121,0
Pct 7015 MB,Election Day,7015,1,113,3,2.65,2,0,1,0
Pct 7015 MB,VBM,7015,1,113,78,69.03,55,13,9,1
Pct 7016,Election Day,7016,1,977,239,24.46,113,67,58,1
Pct 7016,VBM,7016,1,977,354,36.23,191,114,48,1
Pct 7017,Election Day,7017,1,786,200,25.45,77,87,36,0
Pct 7017,VBM,7017,1,786,269,34.22,129,91,47,2
Pct 7018,Election Day,7018,1,992,195,19.66,85,66,44,0
Pct 7018,VBM,7018,1,992,477,48.08,257,152,68,0
Pct 7019,Election Day,7019,1,945,228,24.13,94,95,39,0
Pct 7019,VBM,7019,1,945,468,49.52,234,168,66,0
Pct 7021,Election Day,7021,1,993,266,26.79,112,100,52,2
Pct 7021,VBM,7021,1,993,365,36.76,182,138,44,1
Pct 7022,Election Day,7022,1,1032,271,26.26,119,109,43,0
Pct 7022,VBM,7022,1,1032,396,38.37,211,130,54,1
Pct 7023,Election Day,7023,1,938,255,27.19,101,95,57,2
Pct 7023,VBM,7023,1,938,416,44.35,192,153,67,4
Pct 7024,Election Day,7024,1,309,75,24.27,31,28,16,0
Pct 7024,VBM,7024,1,309,44,14.24,23,18,2,1
Pct 7025,Election Day,7025,1,505,129,25.54,61,45,23,0
Pct 7025,VBM,7025,1,505,137,27.13,84,38,14,1
Pct 7026,Election Day,7026,1,1022,202,19.77,98,60,44,0
Pct 7026,VBM,7026,1,1022,498,48.73,299,117,82,0
Pct 7027,Election Day,7027,1,879,244,27.76,90,100,54,0
Pct 7027,VBM,7027,1,879,333,37.88,165,108,60,0
Pct 7028,Election Day,7028,1,900,267,29.67,110,101,56,0
Pct 7028,VBM,7028,1,900,277,30.78,124,108,42,3
Pct 7029,Election Day,7029,1,924,252,27.27,103,88,60,1
Pct 7029,VBM,7029,1,924,273,29.55,128,93,49,3
Pct 7030,Election Day,7030,1,787,162,20.58,81,44,37,0
Pct 7030,VBM,7030,1,787,396,50.32,232,94,69,1
Pct 7031,Election Day,7031,1,511,97,18.98,46,31,20,0
Pct 7031,VBM,7031,1,511,295,57.73,143,101,50,1
Pct 7032,Election Day,7032,1,938,227,24.20,96,95,34,2
Pct 7032,VBM,7032,1,938,362,38.59,178,132,46,6
Pct 7033,Election Day,7033,1,814,247,30.34,95,93,58,1
Pct 7033,VBM,7033,1,814,299,36.73,146,107,45,1
Pct 7034,Election Day,7034,1,954,264,27.67,98,104,62,0
Pct 7034,VBM,7034,1,954,251,26.31,126,88,37,0
Pct 7035,Election Day,7035,1,476,141,29.62,53,66,22,0
Pct 7035,VBM,7035,1,476,200,42.02,84,79,37,0
Pct 7036,Election Day,7036,1,967,175,18.10,89,49,36,1
Pct 7036,VBM,7036,1,967,421,43.54,216,153,52,0
Pct 7037,Election Day,7037,1,840,221,26.31,81,84,55,1
Pct 7037,VBM,7037,1,840,158,18.81,84,50,23,1
Pct 7038,Election Day,7038,1,960,209,21.77,76,84,49,0
Pct 7038,VBM,7038,1,960,386,40.21,211,124,48,3
Pct 7039,Election Day,7039,1,831,246,29.60,120,84,42,0
Pct 7039,VBM,7039,1,831,379,45.61,213,111,55,0
Pct 7041 MB,Election Day,7041,1,62,6,9.68,2,1,3,0
Pct 7041 MB,VBM,7041,1,62,36,58.06,18,8,10,0
Pct 7042,Election Day,7042,1,697,145,20.80,76,48,21,0
Pct 7042,VBM,7042,1,697,369,52.94,199,112,58,0
Pct 7043,Election Day,7043,1,990,208,21.01,96,73,39,0
Pct 7043,VBM,7043,1,990,432,43.64,218,145,67,2
Pct 7044,Election Day,7044,1,867,234,26.99,84,105,44,1
Pct 7044,VBM,7044,1,867,181,20.88,86,61,34,0
Pct 7045,Election Day,7045,1,803,205,25.53,110,54,41,0
Pct 7045,VBM,7045,1,803,326,40.60,185,86,55,0
Pct 7046,Election Day,7046,1,435,110,25.29,53,35,22,0
Pct 7046,VBM,7046,1,435,209,48.05,109,70,30,0
Pct 7047,Election Day,7047,1,858,178,20.75,89,55,34,0
Pct 7047,VBM,7047,1,858,424,49.42,217,137,70,0
Pct 7048,Election Day,7048,1,877,196,22.35,87,78,31,0
Pct 7048,VBM,7048,1,877,322,36.72,169,108,44,1
Pct 7049,Election Day,7049,1,829,219,26.42,107,64,48,0
Pct 7049,VBM,7049,1,829,315,38.00,171,90,53,1
Pct 7051,Election Day,7051,1,909,160,17.60,80,44,36,0
Pct 7051,VBM,7051,1,909,452,49.72,288,106,57,1
Pct 7052,Election Day,7052,1,894,214,23.94,99,70,44,1
Pct 7052,VBM,7052,1,894,461,51.57,270,120,70,1
Pct 7053,Election Day,7053,1,552,105,19.02,51,37,17,0
Pct 7053,VBM,7053,1,552,357,64.67,165,133,59,0
Pct 7054,Election Day,7054,1,1068,318,29.78,163,113,41,1
Pct 7054,VBM,7054,1,1068,365,34.18,194,111,59,1
Pct 7101 MB,Election Day,7101,1,150,3,2.00,1,0,2,0
Pct 7101 MB,VBM,7101,1,150,123,82.00,62,37,24,0
Pct 7201,Election Day,7201,1,983,268,27.26,120,94,54,0
Pct 7201,VBM,7201,1,983,600,61.04,244,207,148,1
Pct 7202,Election Day,7202,1,885,278,31.41,117,91,69,1
Pct 7202,VBM,7202,1,885,474,53.56,186,181,104,3
Pct 7203,Election Day,7203,1,950,341,35.89,113,131,97,0
Pct 7203,VBM,7203,1,950,499,52.53,224,161,114,0
Pct 7204,Election Day,7204,1,933,276,29.58,103,107,66,0
Pct 7204,VBM,7204,1,933,557,59.70,262,182,112,1
Pct 7205,Election Day,7205,1,903,292,32.34,120,98,73,1
Pct 7205,VBM,7205,1,903,523,57.92,210,209,104,0
Pct 7206,Election Day,7206,1,390,137,35.13,60,45,32,0
Pct 7206,VBM,7206,1,390,203,52.05,86,81,35,1
Pct 7207,Election Day,7207,1,712,184,25.84,72,58,54,0
Pct 7207,VBM,7207,1,712,411,57.72,183,124,102,2
Pct 7208,Election Day,7208,1,635,155,24.41,76,46,33,0
Pct 7208,VBM,7208,1,635,384,60.47,174,120,90,0
Pct 7209,Election Day,7209,1,563,84,14.92,39,23,21,1
Pct 7209,VBM,7209,1,563,407,72.29,185,131,90,1
Pct 7301,Election Day,7301,1,1080,258,23.89,128,67,63,0
Pct 7301,VBM,7301,1,1080,555,51.39,283,159,113,0
Pct 7302,Election Day,7302,1,862,224,25.99,116,49,59,0
Pct 7302,VBM,7302,1,862,508,58.93,261,166,80,1
Pct 7303,Election Day,7303,1,1032,313,30.33,158,78,77,0
Pct 7303,VBM,7303,1,1032,538,52.13,293,128,117,0
Pct 7304,Election Day,7304,1,993,327,32.93,171,77,79,0
Pct 7304,VBM,7304,1,993,501,50.45,254,155,92,0
Pct 7305,Election Day,7305,1,906,272,30.02,121,81,70,0
Pct 7305,VBM,7305,1,906,500,55.19,240,148,112,0
Pct 7306,Election Day,7306,1,1076,351,32.62,181,89,80,1
Pct 7306,VBM,7306,1,1076,531,49.35,255,160,116,0
Pct 7307,Election Day,7307,1,826,267,32.32,142,51,74,0
Pct 7307,VBM,7307,1,826,407,49.27,198,119,88,2
Pct 7308,Election Day,7308,1,641,209,32.61,114,52,43,0
Pct 7308,VBM,7308,1,641,339,52.89,167,94,78,0
Pct 7309,Election Day,7309,1,897,295,32.89,140,80,75,0
Pct 7309,VBM,7309,1,897,469,52.29,223,138,107,1
Pct 7311,Election Day,7311,1,986,333,33.77,174,66,93,0
Pct 7311,VBM,7311,1,986,520,52.74,278,130,111,1
Pct 7312,Election Day,7312,1,874,229,26.20,107,62,60,0
Pct 7312,VBM,7312,1,874,539,61.67,222,183,134,0
Pct 7313,Election Day,7313,1,1001,261,26.07,143,59,59,0
Pct 7313,VBM,7313,1,1001,537,53.65,293,139,105,0
Pct 7314,Election Day,7314,1,833,164,19.69,92,32,40,0
Pct 7314,VBM,7314,1,833,347,41.66,227,59,61,0
Pct 7315,Election Day,7315,1,783,226,28.86,132,35,59,0
Pct 7315,VBM,7315,1,783,371,47.38,210,77,84,0
Pct 7316,Election Day,7316,1,893,220,24.64,130,44,46,0
Pct 7316,VBM,7316,1,893,441,49.38,274,93,72,2
Pct 7317,Election Day,7317,1,938,225,23.99,129,58,38,0
Pct 7317,VBM,7317,1,938,518,55.22,271,146,101,0
Pct 7318,Election Day,7318,1,788,252,31.98,109,68,75,0
Pct 7318,VBM,7318,1,788,437,55.46,255,97,85,0
Pct 7319,Election Day,7319,1,1123,330,29.39,167,80,83,0
Pct 7319,VBM,7319,1,1123,578,51.47,267,168,143,0
Pct 7321,Election Day,7321,1,683,179,26.21,116,26,37,0
Pct 7321,VBM,7321,1,683,314,45.97,191,79,44,0
Pct 7322,Election Day,7322,1,937,122,13.02,66,22,33,1
Pct 7322,VBM,7322,1,937,404,43.12,309,45,50,0
Pct 7323,Election Day,7323,1,888,277,31.19,149,52,76,0
Pct 7323,VBM,7323,1,888,450,50.68,242,120,88,0
Pct 7324,Election Day,7324,1,756,216,28.57,126,29,61,0
Pct 7324,VBM,7324,1,756,385,50.93,214,87,84,0
Pct 7325,Election Day,7325,1,973,282,28.98,148,72,62,0
Pct 7325,VBM,7325,1,973,510,52.42,281,114,115,0
Pct 7326,Election Day,7326,1,922,266,28.85,140,66,59,1
Pct 7326,VBM,7326,1,922,483,52.39,291,115,77,0
Pct 7327,Election Day,7327,1,762,95,12.47,59,18,17,1
Pct 7327,VBM,7327,1,762,339,44.49,252,41,46,0
Pct 7328,Election Day,7328,1,1024,115,11.23,72,16,27,0
Pct 7328,VBM,7328,1,1024,502,49.02,335,100,67,0
Pct 7329,Election Day,7329,1,607,120,19.77,64,27,29,0
Pct 7329,VBM,7329,1,607,334,55.02,182,98,54,0
Pct 7331,Election Day,7331,1,933,260,27.87,116,79,65,0
Pct 7331,VBM,7331,1,933,533,57.13,244,175,112,2
Pct 7332,Election Day,7332,1,889,274,30.82,146,67,61,0
Pct 7332,VBM,7332,1,889,444,49.94,249,114,81,0
Pct 7333,Election Day,7333,1,1101,324,29.43,185,70,69,0
Pct 7333,VBM,7333,1,1101,564,51.23,312,127,125,0
Pct 7334,Election Day,7334,1,963,248,25.75,136,60,52,0
Pct 7334,VBM,7334,1,963,526,54.62,285,122,118,1
Pct 7335,Election Day,7335,1,1002,306,30.54,160,71,75,0
Pct 7335,VBM,7335,1,1002,588,58.68,304,153,129,2
Pct 7336,Election Day,7336,1,1017,275,27.04,137,76,61,1
Pct 7336,VBM,7336,1,1017,608,59.78,299,197,111,1
Pct 7337,Election Day,7337,1,944,223,23.62,124,47,52,0
Pct 7337,VBM,7337,1,944,532,56.36,285,148,99,0
Pct 7338,Election Day,7338,1,1005,195,19.40,107,26,62,0
Pct 7338,VBM,7338,1,1005,500,49.75,318,101,79,2
Pct 7339,Election Day,7339,1,660,179,27.12,102,43,34,0
Pct 7339,VBM,7339,1,660,316,47.88,167,87,61,1
Pct 7341,Election Day,7341,1,974,289,29.67,136,79,74,0
Pct 7341,VBM,7341,1,974,476,48.87,254,127,92,3
Pct 7342,Election Day,7342,1,1034,380,36.75,210,93,77,0
Pct 7342,VBM,7342,1,1034,411,39.75,220,120,71,0
Pct 7343,Election Day,7343,1,746,267,35.79,150,53,64,0
Pct 7343,VBM,7343,1,746,351,47.05,209,76,65,1
Pct 7344,Election Day,7344,1,1143,352,30.80,193,81,78,0
Pct 7344,VBM,7344,1,1143,564,49.34,286,178,100,0
Pct 7345,Election Day,7345,1,1186,365,30.78,196,82,86,1
Pct 7345,VBM,7345,1,1186,526,44.35,269,149,107,1
Pct 7346,Election Day,7346,1,991,328,33.10,206,73,48,1
Pct 7346,VBM,7346,1,991,434,43.79,224,128,82,0
Pct 7347,Election Day,7347,1,1085,335,30.88,208,65,62,0
Pct 7347,VBM,7347,1,1085,506,46.64,287,138,81,0
Pct 7348,Election Day,7348,1,957,231,24.14,117,56,58,0
Pct 7348,VBM,7348,1,957,416,43.47,232,104,79,1
Pct 7349,Election Day,7349,1,1006,277,27.53,159,58,60,0
Pct 7349,VBM,7349,1,1006,494,49.11,270,136,88,0
Pct 7501,Election Day,7501,1,574,201,35.02,89,62,50,0
Pct 7501,VBM,7501,1,574,321,55.92,145,102,73,1
Pct 7502,Election Day,7502,1,808,240,29.70,132,55,53,0
Pct 7502,VBM,7502,1,808,454,56.19,221,145,87,1
Pct 7503,Election Day,7503,1,808,252,31.19,136,65,49,2
Pct 7503,VBM,7503,1,808,436,53.96,225,120,90,1
Pct 7504,Election Day,7504,1,503,158,31.41,73,35,49,1
Pct 7504,VBM,7504,1,503,262,52.09,160,46,55,1
Pct 7505,Election Day,7505,1,915,181,19.78,103,40,38,0
Pct 7505,VBM,7505,1,915,581,63.50,302,158,118,3
Pct 7506,Election Day,7506,1,1018,261,25.64,130,69,60,2
Pct 7506,VBM,7506,1,1018,537,52.75,285,164,88,0
Pct 7507,Election Day,7507,1,992,244,24.60,126,72,46,0
Pct 7507,VBM,7507,1,992,387,39.01,251,90,45,1
Pct 7508,Election Day,7508,1,735,150,20.41,77,43,29,1
Pct 7508,VBM,7508,1,735,456,62.04,235,134,87,0
Pct 7509/7511,Election Day,7509,1,1006,260,25.84,141,75,43,1
Pct 7509/7511,VBM,7509,1,1006,565,56.16,297,164,103,1
Pct 7512,Election Day,7512,1,638,168,26.33,87,37,44,0
Pct 7512,VBM,7512,1,638,325,50.94,154,106,65,0
Pct 7513,Election Day,7513,1,836,257,30.74,120,77,59,1
Pct 7513,VBM,7513,1,836,344,41.15,192,98,54,0
Pct 7514,Election Day,7514,1,886,186,20.99,68,66,52,0
Pct 7514,VBM,7514,1,886,358,40.41,182,126,49,1
Pct 7515,Election Day,7515,1,898,262,29.18,126,81,55,0
Pct 7515,VBM,7515,1,898,448,49.89,231,134,83,0
Pct 7516,Election Day,7516,1,907,201,22.16,96,65,40,0
Pct 7516,VBM,7516,1,907,558,61.52,303,160,94,1
Pct 7517,Election Day,7517,1,956,354,37.03,207,72,75,0
Pct 7517,VBM,7517,1,956,472,49.37,286,109,77,0
Pct 7518,Election Day,7518,1,993,356,35.85,199,73,84,0
Pct 7518,VBM,7518,1,993,502,50.55,288,144,70,0
Pct 7519,Election Day,7519,1,802,283,35.29,179,45,57,2
Pct 7519,VBM,7519,1,802,393,49.00,207,102,84,0
Pct 7521,Election Day,7521,1,854,321,37.59,191,68,62,0
Pct 7521,VBM,7521,1,854,405,47.42,230,89,86,0
Pct 7522,Election Day,7522,1,848,307,36.20,209,54,44,0
Pct 7522,VBM,7522,1,848,435,51.30,257,108,70,0
Pct 7523,Election Day,7523,1,821,288,35.08,203,44,41,0
Pct 7523,VBM,7523,1,821,401,48.84,231,96,74,0
Pct 7524,Election Day,7524,1,728,228,31.32,143,54,31,0
Pct 7524,VBM,7524,1,728,304,41.76,172,76,56,0
Pct 7525,Election Day,7525,1,870,236,27.13,137,62,37,0
Pct 7525,VBM,7525,1,870,400,45.98,227,88,83,2
Pct 7526,Election Day,7526,1,999,280,28.03,176,54,50,0
Pct 7526,VBM,7526,1,999,578,57.86,327,146,105,0
Pct 7527/7528,Election Day,7527,1,773,258,33.38,149,56,53,0
Pct 7527/7528,VBM,7527,1,773,366,47.35,215,94,57,0
Pct 7529,Election Day,7529,1,992,318,32.06,192,57,69,0
Pct 7529,VBM,7529,1,992,542,54.64,311,135,96,0
Pct 7531,Election Day,7531,1,954,301,31.55,190,53,58,0
Pct 7531,VBM,7531,1,954,504,52.83,300,104,100,0
Pct 7532,Election Day,7532,1,886,280,31.60,166,56,58,0
Pct 7532,VBM,7532,1,886,461,52.03,249,122,90,0
Pct 7533,Election Day,7533,1,1025,428,41.76,283,79,65,1
Pct 7533,VBM,7533,1,1025,482,47.02,299,100,83,0
Pct 7534,Election Day,7534,1,967,337,34.85,217,56,64,0
Pct 7534,VBM,7534,1,967,438,45.29,253,113,72,0
Pct 7535,Election Day,7535,1,807,296,36.68,190,50,56,0
Pct 7535,VBM,7535,1,807,415,51.43,242,89,84,0
Pct 7536,Election Day,7536,1,895,295,32.96,182,57,56,0
Pct 7536,VBM,7536,1,895,480,53.63,268,122,90,0
Pct 7537,Election Day,7537,1,783,294,37.55,177,56,61,0
Pct 7537,VBM,7537,1,783,370,47.25,227,89,54,0
Pct 7538,Election Day,7538,1,831,291,35.02,190,47,53,1
Pct 7538,VBM,7538,1,831,445,53.55,254,105,86,0
Pct 7539,Election Day,7539,1,978,363,37.12,239,70,53,1
Pct 7539,VBM,7539,1,978,458,46.83,266,103,89,0
Pct 7541,Election Day,7541,1,865,271,31.33,187,48,36,0
Pct 7541,VBM,7541,1,865,457,52.83,252,120,85,0
Pct 7542,Election Day,7542,1,906,291,32.12,177,63,51,0
Pct 7542,VBM,7542,1,906,465,51.32,283,105,77,0
Pct 7543,Election Day,7543,1,993,267,26.89,158,55,53,1
Pct 7543,VBM,7543,1,993,539,54.28,284,152,103,0
Pct 7544,Election Day,7544,1,962,295,30.67,156,81,58,0
Pct 7544,VBM,7544,1,962,526,54.68,294,139,93,0
Pct 7545,Election Day,7545,1,970,276,28.45,160,62,54,0
Pct 7545,VBM,7545,1,970,557,57.42,303,137,117,0
Pct 7546,Election Day,7546,1,935,365,39.04,224,69,71,1
Pct 7546,VBM,7546,1,935,452,48.34,279,114,59,0
Pct 7547,Election Day,7547,1,1057,335,31.69,216,50,69,0
Pct 7547,VBM,7547,1,1057,502,47.49,274,112,116,0
Pct 7548,Election Day,7548,1,1135,338,29.78,205,67,66,0
Pct 7548,VBM,7548,1,1135,556,48.99,311,137,108,0
Pct 7549,Election Day,7549,1,854,276,32.32,168,37,70,1
Pct 7549,VBM,7549,1,854,458,53.63,267,104,86,1
Pct 7551,Election Day,7551,1,762,252,33.07,164,45,43,0
Pct 7551,VBM,7551,1,762,417,54.72,235,99,83,0
Pct 7552,Election Day,7552,1,756,256,33.86,164,55,37,0
Pct 7552,VBM,7552,1,756,422,55.82,232,116,74,0
Pct 7553 MB,Election Day,7553,1,187,5,2.67,2,0,3,0
Pct 7553 MB,VBM,7553,1,187,163,87.17,89,48,26,0
Pct 7554,Election Day,7554,1,859,279,32.48,159,71,49,0
Pct 7554,VBM,7554,1,859,490,57.04,275,137,76,2
Pct 7555,Election Day,7555,1,893,298,33.37,177,68,53,0
Pct 7555,VBM,7555,1,893,548,61.37,311,134,102,1
Pct 7556/7557,Election Day,7556,1,1008,315,31.25,178,82,55,0
Pct 7556/7557,VBM,7556,1,1008,591,58.63,335,170,86,0
Pct 7601,Election Day,7601,1,929,223,24.00,114,65,44,0
Pct 7601,VBM,7601,1,929,365,39.29,193,108,64,0
Pct 7602,Election Day,7602,1,962,267,27.75,138,70,59,0
Pct 7602,VBM,7602,1,962,422,43.87,237,125,57,3
Pct 7603,Election Day,7603,1,888,286,32.21,179,54,53,0
Pct 7603,VBM,7603,1,888,404,45.50,222,114,67,1
Pct 7604,Election Day,7604,1,989,284,28.72,170,57,57,0
Pct 7604,VBM,7604,1,989,393,39.74,202,128,63,0
Pct 7605,Election Day,7605,1,771,191,24.77,86,61,43,1
Pct 7605,VBM,7605,1,771,237,30.74,135,72,30,0
Pct 7606,Election Day,7606,1,992,247,24.90,124,67,55,1
Pct 7606,VBM,7606,1,992,393,39.62,224,92,74,3
Pct 7607,Election Day,7607,1,1055,272,25.78,144,77,50,1
Pct 7607,VBM,7607,1,1055,438,41.52,253,125,60,0
Pct 7608,Election Day,7608,1,456,89,19.52,35,26,28,0
Pct 7608,VBM,7608,1,456,155,33.99,78,55,22,0
Pct 7609,Election Day,7609,1,1051,153,14.56,78,35,40,0
Pct 7609,VBM,7609,1,1051,398,37.87,226,115,54,3
Pct 7611,Election Day,7611,1,898,155,17.26,77,43,35,0
Pct 7611,VBM,7611,1,898,324,36.08,173,93,57,1
Pct 7612,Election Day,7612,1,668,120,17.96,65,28,27,0
Pct 7612,VBM,7612,1,668,298,44.61,156,87,55,0
Pct 7613,Election Day,7613,1,1015,225,22.17,115,60,50,0
Pct 7613,VBM,7613,1,1015,392,38.62,200,120,70,2
Pct 7614,Election Day,7614,1,1177,275,23.36,141,85,49,0
Pct 7614,VBM,7614,1,1177,518,44.01,282,166,70,0
Pct 7615,Election Day,7615,1,1020,216,21.18,101,65,50,0
Pct 7615,VBM,7615,1,1020,312,30.59,154,94,64,0
Pct 7616,Election Day,7616,1,981,195,19.88,105,54,36,0
Pct 7616,VBM,7616,1,981,612,62.39,295,197,120,0
Pct 7617,Election Day,7617,1,898,151,16.82,59,46,45,1
Pct 7617,VBM,7617,1,898,365,40.65,176,127,60,2
Pct 7618,Election Day,7618,1,948,184,19.41,110,38,36,0
Pct 7618,VBM,7618,1,948,505,53.27,276,147,82,0
Pct 7619,Election Day,7619,1,1971,418,21.21,215,104,98,1
Pct 7619,VBM,7619,1,1971,1067,54.13,558,311,196,2
Pct 7621,Election Day,7621,1,1082,254,23.48,131,64,59,0
Pct 7621,VBM,7621,1,1082,546,50.46,262,176,108,0
Pct 7622,Election Day,7622,1,1007,181,17.97,91,42,47,1
Pct 7622,VBM,7622,1,1007,353,35.05,171,111,68,3
Pct 7623,Election Day,7623,1,839,171,20.38,81,55,35,0
Pct 7623,VBM,7623,1,839,296,35.28,150,97,47,2
Pct 7624,Election Day,7624,1,1074,212,19.74,92,74,46,0
Pct 7624,VBM,7624,1,1074,353,32.87,176,113,61,3
Pct 7625,Election Day,7625,1,896,87,9.71,32,23,32,0
Pct 7625,VBM,7625,1,896,530,59.15,279,168,79,4
Pct 7626,Election Day,7626,1,1177,291,24.72,136,85,69,1
Pct 7626,VBM,7626,1,1177,720,61.17,347,231,140,2
Pct 7627,Election Day,7627,1,1586,411,25.91,184,140,87,0
Pct 7627,VBM,7627,1,1586,915,57.69,424,273,217,1
Pct 7628,Election Day,7628,1,1006,255,25.35,137,62,56,0
Pct 7628,VBM,7628,1,1006,465,46.22,239,143,82,1
Pct 7629,Election Day,7629,1,837,212,25.33,126,45,41,0
Pct 7629,VBM,7629,1,837,365,43.61,188,105,72,0
Pct 7631,Election Day,7631,1,1143,313,27.38,157,80,76,0
Pct 7631,VBM,7631,1,1143,602,52.67,341,167,94,0
Pct 7632,Election Day,7632,1,727,190,26.13,107,51,32,0
Pct 7632,VBM,7632,1,727,342,47.04,178,107,55,2
Pct 7633,Election Day,7633,1,731,182,24.90,90,55,37,0
Pct 7633,VBM,7633,1,731,392,53.63,209,113,70,0
Pct 7634,Election Day,7634,1,1017,222,21.83,91,78,53,0
Pct 7634,VBM,7634,1,1017,484,47.59,240,155,88,1
Pct 7635,Election Day,7635,1,868,202,23.27,103,54,45,0
Pct 7635,VBM,7635,1,868,441,50.81,234,137,69,1
Pct 7636,Election Day,7636,1,993,282,28.40,149,67,66,0
Pct 7636,VBM,7636,1,993,502,50.55,237,143,121,1
Pct 7637,Election Day,7637,1,1361,370,27.19,165,108,97,0
Pct 7637,VBM,7637,1,1361,781,57.38,365,229,185,2
Pct 7638,Election Day,7638,1,1285,300,23.35,123,101,76,0
Pct 7638,VBM,7638,1,1285,835,64.98,397,284,154,0
Pct 7639,Election Day,7639,1,1011,267,26.41,123,72,72,0
Pct 7639,VBM,7639,1,1011,624,61.72,271,217,135,1
Pct 7641,Election Day,7641,1,977,224,22.93,110,71,42,1
Pct 7641,VBM,7641,1,977,571,58.44,263,205,103,0
Pct 7642,Election Day,7642,1,967,212,21.92,120,48,44,0
Pct 7642,VBM,7642,1,967,598,61.84,272,179,147,0
Pct 7643,Election Day,7643,1,959,203,21.17,94,60,49,0
Pct 7643,VBM,7643,1,959,555,57.87,284,165,105,1
Pct 7644,Election Day,7644,1,1111,322,28.98,152,97,73,0
Pct 7644,VBM,7644,1,1111,603,54.28,303,151,147,2
Pct 7645,Election Day,7645,1,669,142,21.23,56,51,35,0
Pct 7645,VBM,7645,1,669,445,66.52,181,158,104,2
Pct 7646,Election Day,7646,1,2163,586,27.09,278,157,151,0
Pct 7646,VBM,7646,1,2163,1307,60.43,682,358,266,1
Pct 7647,Election Day,7647,1,1028,260,25.29,156,56,48,0
Pct 7647,VBM,7647,1,1028,338,32.88,181,106,51,0
Pct 7648 MB,Election Day,7648,1,4,0,0.00,0,0,0,0
Pct 7648 MB,VBM,7648,1,4,3,75.00,1,0,2,0
Pct 7701,Election Day,7701,1,1049,354,33.75,203,89,62,0
Pct 7701,VBM,7701,1,1049,560,53.38,302,151,107,0
Pct 7702,Election Day,7702,1,775,192,24.77,92,60,40,0
Pct 7702,VBM,7702,1,775,471,60.77,201,189,81,0
Pct 7703 MB,Election Day,7703,1,178,0,0.00,0,0,0,0
Pct 7703 MB,VBM,7703,1,178,100,56.18,46,29,25,0
Pct 7704,Election Day,7704,1,1006,302,30.02,148,86,68,0
Pct 7704,VBM,7704,1,1006,579,57.55,299,194,85,1
Pct 7705,Election Day,7705,1,554,186,33.57,91,62,33,0
Pct 7705,VBM,7705,1,554,309,55.78,148,113,48,0
Pct 7706,Election Day,7706,1,853,282,33.06,138,99,45,0
Pct 7706,VBM,7706,1,853,491,57.56,234,178,79,0
Pct 7707,Election Day,7707,1,854,285,33.37,157,93,35,0
Pct 7707,VBM,7707,1,854,499,58.43,229,187,83,0
Pct 7708,Election Day,7708,1,894,231,25.84,115,74,42,0
Pct 7708,VBM,7708,1,894,552,61.74,265,211,75,1
Pct 7709,Election Day,7709,1,390,120,30.77,73,25,22,0
Pct 7709,VBM,7709,1,390,234,60.00,147,64,23,0
Pct 7711,Election Day,7711,1,789,223,28.26,109,65,49,0
Pct 7711,VBM,7711,1,789,462,58.56,246,131,84,1
Pct 7712,Election Day,7712,1,577,180,31.20,123,33,24,0
Pct 7712,VBM,7712,1,577,338,58.58,188,86,64,0
Pct 7801,Election Day,7801,1,975,309,31.69,148,104,56,1
Pct 7801,VBM,7801,1,975,655,67.18,280,250,125,0
Pct 7802,Election Day,7802,1,760,261,34.34,131,68,62,0
Pct 7802,VBM,7802,1,760,462,60.79,214,145,101,2
Pct 7803,Election Day,7803,1,827,200,24.18,112,52,36,0
Pct 7803,VBM,7803,1,827,574,69.41,271,196,107,0
Pct 7804,Election Day,7804,1,932,310,33.26,154,85,71,0
Pct 7804,VBM,7804,1,932,566,60.73,275,179,112,0
Pct 7805,Election Day,7805,1,852,260,30.52,148,64,48,0
Pct 7805,VBM,7805,1,852,501,58.80,233,183,85,0
Pct 7806,Election Day,7806,1,746,251,33.65,160,52,39,0
Pct 7806,VBM,7806,1,746,412,55.23,213,117,82,0
Pct 7807,Election Day,7807,1,774,293,37.86,160,88,45,0
Pct 7807,VBM,7807,1,774,378,48.84,228,95,55,0
Pct 7808,Election Day,7808,1,702,218,31.05,102,58,58,0
Pct 7808,VBM,7808,1,702,360,51.28,198,99,63,0
Pct 7809,Election Day,7809,1,1234,401,32.50,224,94,83,0
Pct 7809,VBM,7809,1,1234,690,55.92,358,220,112,0
Pct 7811,Election Day,7811,1,806,268,33.25,149,66,53,0
Pct 7811,VBM,7811,1,806,428,53.10,243,108,77,0
Pct 7812,Election Day,7812,1,892,275,30.83,156,59,60,0
Pct 7812,VBM,7812,1,892,477,53.48,263,135,79,0
Pct 7813,Election Day,7813,1,1061,362,34.12,201,84,77,0
Pct 7813,VBM,7813,1,1061,581,54.76,302,164,114,1
Pct 7814,Election Day,7814,1,919,298,32.43,167,73,58,0
Pct 7814,VBM,7814,1,919,369,40.15,207,101,60,1
Pct 7815,Election Day,7815,1,967,296,30.61,155,81,59,1
Pct 7815,VBM,7815,1,967,583,60.29,282,202,99,0
Pct 7816,Election Day,7816,1,896,268,29.91,134,93,41,0
Pct 7816,VBM,7816,1,896,555,61.94,261,208,86,0
Pct 7817,Election Day,7817,1,804,285,35.45,167,69,49,0
Pct 7817,VBM,7817,1,804,426,52.99,227,122,77,0
Pct 7818,Election Day,7818,1,889,271,30.48,151,73,47,0
Pct 7818,VBM,7818,1,889,516,58.04,274,151,90,1
Pct 7819,Election Day,7819,1,809,249,30.78,156,54,37,2
Pct 7819,VBM,7819,1,809,433,53.52,243,117,73,0
Pct 7821,Election Day,7821,1,998,286,28.66,152,84,50,0
Pct 7821,VBM,7821,1,998,630,63.13,294,238,97,1
Pct 7822,Election Day,7822,1,951,318,33.44,180,90,48,0
Pct 7822,VBM,7822,1,951,458,48.16,236,150,72,0
Pct 7823,Election Day,7823,1,928,294,31.68,167,77,49,1
Pct 7823,VBM,7823,1,928,512,55.17,232,185,95,0
Pct 7824,Election Day,7824,1,794,254,31.99,125,78,51,0
Pct 7824,VBM,7824,1,794,411,51.76,192,139,79,1
Pct 7825,Election Day,7825,1,578,216,37.37,132,53,31,0
Pct 7825,VBM,7825,1,578,305,52.77,188,67,50,0
Pct 7826,Election Day,7826,1,709,259,36.53,150,62,47,0
Pct 7826,VBM,7826,1,709,374,52.75,224,84,66,0
Pct 7827,Election Day,7827,1,931,313,33.62,199,53,61,0
Pct 7827,VBM,7827,1,931,445,47.80,232,131,82,0
Pct 7828,Election Day,7828,1,1053,311,29.53,157,101,53,0
Pct 7828,VBM,7828,1,1053,613,58.21,300,196,116,1
Pct 7829,Election Day,7829,1,904,269,29.76,143,73,53,0
Pct 7829,VBM,7829,1,904,572,63.27,277,212,83,0
Pct 7831,Election Day,7831,1,906,272,30.02,151,71,50,0
Pct 7831,VBM,7831,1,906,531,58.61,254,196,81,0
Pct 7832,Election Day,7832,1,824,247,29.98,129,72,46,0
Pct 7832,VBM,7832,1,824,512,62.14,238,170,104,0
Pct 7833,Election Day,7833,1,785,251,31.97,143,49,59,0
Pct 7833,VBM,7833,1,785,459,58.47,259,113,87,0
Pct 7834,Election Day,7834,1,901,321,35.63,205,62,54,0
Pct 7834,VBM,7834,1,901,454,50.39,251,116,87,0
Pct 7835,Election Day,7835,1,863,249,28.85,123,83,43,0
Pct 7835,VBM,7835,1,863,536,62.11,259,183,93,1
Pct 7836,Election Day,7836,1,990,290,29.29,157,85,48,0
Pct 7836,VBM,7836,1,990,613,61.92,306,191,116,0
Pct 7837,Election Day,7837,1,934,305,32.66,153,96,56,0
Pct 7837,VBM,7837,1,934,535,57.28,229,186,119,1
Pct 7838,Election Day,7838,1,933,250,26.80,120,82,48,0
Pct 7838,VBM,7838,1,933,589,63.13,271,209,109,0
Pct 7839,Election Day,7839,1,869,229,26.35,122,65,41,1
Pct 7839,VBM,7839,1,869,556,63.98,246,186,123,1
Pct 7841,Election Day,7841,1,947,309,32.63,177,67,64,1
Pct 7841,VBM,7841,1,947,530,55.97,263,159,107,1
Pct 7842,Election Day,7842,1,960,356,37.08,213,84,59,0
Pct 7842,VBM,7842,1,960,508,52.92,286,144,78,0
Pct 7843,Election Day,7843,1,802,272,33.92,177,54,41,0
Pct 7843,VBM,7843,1,802,407,50.75,235,105,67,0
Pct 7844,Election Day,7844,1,682,246,36.07,145,59,42,0
Pct 7844,VBM,7844,1,682,348,51.03,193,98,57,0
Pct 7845,Election Day,7845,1,869,288,33.14,141,88,58,1
Pct 7845,VBM,7845,1,869,495,56.96,218,173,103,1
Pct 7846,Election Day,7846,1,925,272,29.41,146,65,61,0
Pct 7846,VBM,7846,1,925,542,58.59,255,178,107,2
Pct 7847,Election Day,7847,1,960,284,29.58,134,94,56,0
Pct 7847,VBM,7847,1,960,559,58.23,270,184,105,0
Pct 7848,Election Day,7848,1,905,304,33.59,166,77,61,0
Pct 7848,VBM,7848,1,905,514,56.80,265,145,103,1
Pct 7849,Election Day,7849,1,967,318,32.89,184,85,49,0
Pct 7849,VBM,7849,1,967,546,56.46,286,166,94,0
Pct 7851,Election Day,7851,1,528,168,31.82,90,44,34,0
Pct 7851,VBM,7851,1,528,304,57.58,159,99,46,0
Pct 7852,Election Day,7852,1,644,179,27.80,78,66,35,0
Pct 7852,VBM,7852,1,644,405,62.89,203,128,74,0
Pct 7853,Election Day,7853,1,896,252,28.12,126,74,51,1
Pct 7853,VBM,7853,1,896,518,57.81,248,187,83,0
Pct 7854,Election Day,7854,1,933,302,32.37,150,78,74,0
Pct 7854,VBM,7854,1,933,523,56.06,253,159,110,1
Pct 7855,Election Day,7855,1,968,326,33.68,174,86,66,0
Pct 7855,VBM,7855,1,968,544,56.20,255,194,95,0
Pct 7856,Election Day,7856,1,849,289,34.04,167,69,53,0
Pct 7856,VBM,7856,1,849,480,56.54,264,126,90,0
Pct 7857,Election Day,7857,1,963,323,33.54,201,64,58,0
Pct 7857,VBM,7857,1,963,531,55.14,275,161,95,0
Pct 7858,Election Day,7858,1,791,275,34.77,157,59,59,0
Pct 7858,VBM,7858,1,791,399,50.44,241,89,69,0
Pct 7859,Election Day,7859,1,915,273,29.84,133,81,59,0
Pct 7859,VBM,7859,1,915,561,61.31,279,194,87,1
Pct 7861,Election Day,7861,1,881,268,30.42,140,79,48,1
Pct 7861,VBM,7861,1,881,508,57.66,242,162,103,1
Pct 7862,Election Day,7862,1,923,318,34.45,158,98,62,0
Pct 7862,VBM,7862,1,923,497,53.85,239,174,84,0
Pct 7863,Election Day,7863,1,939,348,37.06,201,87,60,0
Pct 7863,VBM,7863,1,939,471,50.16,231,155,85,0
Pct 7864,Election Day,7864,1,815,276,33.87,150,69,57,0
Pct 7864,VBM,7864,1,815,427,52.39,243,111,73,0
Pct 7865,Election Day,7865,1,853,274,32.12,161,65,48,0
Pct 7865,VBM,7865,1,853,480,56.27,218,170,92,0
Pct 7866,Election Day,7866,1,831,239,28.76,118,81,39,1
Pct 7866,VBM,7866,1,831,507,61.01,248,165,94,0
Pct 7867,Election Day,7867,1,946,308,32.56,153,96,59,0
Pct 7867,VBM,7867,1,946,514,54.33,262,174,78,0
Pct 7868,Election Day,7868,1,901,292,32.41,142,94,56,0
Pct 7868,VBM,7868,1,901,472,52.39,229,175,68,0
Pct 7869,Election Day,7869,1,874,304,34.78,169,78,57,0
Pct 7869,VBM,7869,1,874,485,55.49,225,174,85,1
Pct 7871,Election Day,7871,1,909,274,30.14,146,79,49,0
Pct 7871,VBM,7871,1,909,530,58.31,281,170,79,0
Pct 7872,Election Day,7872,1,902,313,34.70,169,99,45,0
Pct 7872,VBM,7872,1,902,506,56.10,258,161,86,1
Pct 7873,Election Day,7873,1,874,278,31.81,155,79,44,0
Pct 7873,VBM,7873,1,874,510,58.35,253,155,102,0
Pct 7874,Election Day,7874,1,482,167,34.65,86,49,32,0
Pct 7874,VBM,7874,1,482,241,50.00,117,84,40,0
Pct 7875,Election Day,7875,1,628,198,31.53,102,57,38,1
Pct 7875,VBM,7875,1,628,327,52.07,163,102,62,0
Pct 7901,Election Day,7901,1,1286,375,29.16,221,79,75,0
Pct 7901,VBM,7901,1,1286,577,44.87,329,138,109,1
Pct 7902,Election Day,7902,1,1064,327,30.73,196,72,59,0
Pct 7902,VBM,7902,1,1064,515,48.40,312,123,80,0
Pct 7903,Election Day,7903,1,929,242,26.05,131,62,49,0
Pct 7903,VBM,7903,1,929,410,44.13,238,108,64,0
Pct 7904,Election Day,7904,1,926,231,24.95,143,48,40,0
Pct 7904,VBM,7904,1,926,463,50.00,277,113,72,1
Pct 7905,Election Day,7905,1,851,299,35.14,187,66,46,0
Pct 7905,VBM,7905,1,851,419,49.24,237,117,65,0
Pct 7906,Election Day,7906,1,854,275,32.20,180,46,49,0
Pct 7906,VBM,7906,1,854,378,44.26,237,86,55,0
Pct 7907,Election Day,7907,1,991,346,34.91,205,66,75,0
Pct 7907,VBM,7907,1,991,488,49.24,297,97,94,0
Pct 7908,Election Day,7908,1,1008,310,30.75,190,64,56,0
Pct 7908,VBM,7908,1,1008,562,55.75,333,140,89,0
Pct 7909,Election Day,7909,1,787,280,35.58,183,53,44,0
Pct 7909,VBM,7909,1,787,364,46.25,199,102,63,0
Pct 7911,Election Day,7911,1,907,304,33.52,199,54,51,0
Pct 7911,VBM,7911,1,907,430,47.41,248,126,55,1
Pct 7912,Election Day,7912,1,1090,348,31.93,222,62,64,0
Pct 7912,VBM,7912,1,1090,526,48.26,330,117,78,1
Pct 7913,Election Day,7913,1,964,376,39.00,244,70,62,0
Pct 7913,VBM,7913,1,964,424,43.98,255,105,64,0
Pct 7914,Election Day,7914,1,895,315,35.20,205,61,49,0
Pct 7914,VBM,7914,1,895,437,48.83,268,93,74,2
Pct 7915,Election Day,7915,1,892,329,36.88,225,62,42,0
Pct 7915,VBM,7915,1,892,387,43.39,235,92,59,1
Pct 7916,Election Day,7916,1,953,307,32.21,197,64,46,0
Pct 7916,VBM,7916,1,953,461,48.37,290,101,69,1
Pct 7917,Election Day,7917,1,1073,389,36.25,250,79,58,2
Pct 7917,VBM,7917,1,1073,479,44.64,303,112,64,0
Pct 7918,Election Day,7918,1,860,304,35.35,184,66,52,2
Pct 7918,VBM,7918,1,860,393,45.70,232,95,66,0
Pct 7919,Election Day,7919,1,928,361,38.90,234,66,61,0
Pct 7919,VBM,7919,1,928,406,43.75,254,87,65,0
Pct 7921,Election Day,7921,1,970,293,30.21,184,64,45,0
Pct 7921,VBM,7921,1,970,401,41.34,244,110,46,1
Pct 7922,Election Day,7922,1,884,306,34.62,200,56,50,0
Pct 7922,VBM,7922,1,884,399,45.14,260,94,45,0
Pct 7923,Election Day,7923,1,930,335,36.02,220,58,57,0
Pct 7923,VBM,7923,1,930,354,38.06,210,101,43,0
Pct 7924,Election Day,7924,1,883,280,31.71,173,44,62,1
Pct 7924,VBM,7924,1,883,416,47.11,255,110,49,2
Pct 7925,Election Day,7925,1,591,196,33.16,122,41,32,1
Pct 7925,VBM,7925,1,591,287,48.56,164,76,47,0
Pct 7926,Election Day,7926,1,820,259,31.59,164,59,36,0
Pct 7926,VBM,7926,1,820,436,53.17,247,119,70,0
Pct 7927,Election Day,7927,1,782,283,36.19,182,61,40,0
Pct 7927,VBM,7927,1,782,405,51.79,233,99,72,1
Pct 7928,Election Day,7928,1,976,323,33.09,200,74,49,0
Pct 7928,VBM,7928,1,976,526,53.89,326,143,56,1
Pct 7929,Election Day,7929,1,871,290,33.30,171,74,45,0
Pct 7929,VBM,7929,1,871,490,56.26,286,141,63,0
Pct 7931,Election Day,7931,1,765,252,32.94,151,64,37,0
Pct 7931,VBM,7931,1,765,435,56.86,274,99,62,0
Pct 7932,Election Day,7932,1,557,173,31.06,105,37,31,0
Pct 7932,VBM,7932,1,557,309,55.48,188,79,42,0
Pct 7933 MB,Election Day,7933,1,8,0,0.00,0,0,0,0
Pct 7933 MB,VBM,7933,1,8,7,87.50,1,5,1,0
Pct 7934,Election Day,7934,1,888,289,32.55,181,60,47,1
Pct 7934,VBM,7934,1,888,483,54.39,292,127,62,2
Pct 7935,Election Day,7935,1,949,341,35.93,216,67,58,0
Pct 7935,VBM,7935,1,949,510,53.74,302,131,75,2
Pct 7936,Election Day,7936,1,876,325,37.10,206,67,52,0
Pct 7936,VBM,7936,1,876,439,50.11,256,120,62,1
Pct 7937,Election Day,7937,1,909,325,35.75,204,70,51,0
Pct 7937,VBM,7937,1,909,455,50.06,284,114,57,0
Pct 7938,Election Day,7938,1,808,295,36.51,166,73,55,1
Pct 7938,VBM,7938,1,808,341,42.20,216,83,42,0
Pct 7939,Election Day,7939,1,674,262,38.87,159,58,45,0
Pct 7939,VBM,7939,1,674,331,49.11,198,77,55,1
Pct 7941,Election Day,7941,1,790,261,33.04,167,47,47,0
Pct 7941,VBM,7941,1,790,394,49.87,230,93,71,0
Pct 7942,Election Day,7942,1,950,299,31.47,163,76,60,0
Pct 7942,VBM,7942,1,950,470,49.47,256,123,89,2
Pct 7943,Election Day,7943,1,938,310,33.05,163,84,62,1
Pct 7943,VBM,7943,1,938,470,50.11,252,154,64,0
Pct 7944,Election Day,7944,1,830,305,36.75,193,61,51,0
Pct 7944,VBM,7944,1,830,387,46.63,226,108,53,0
Pct 7945,Election Day,7945,1,926,208,22.46,110,57,41,0
Pct 7945,VBM,7945,1,926,455,49.14,261,130,64,0
Pct 7946,Election Day,7946,1,976,225,23.05,135,56,34,0
Pct 7946,VBM,7946,1,976,491,50.31,271,141,79,0
Pct 7947,Election Day,7947,1,964,257,26.66,120,80,57,0
Pct 7947,VBM,7947,1,964,460,47.72,267,126,67,0
Pct 7948,Election Day,7948,1,933,270,28.94,156,63,51,0
Pct 7948,VBM,7948,1,933,451,48.34,250,139,62,0
Pct 7949,Election Day,7949,1,594,142,23.91,72,36,34,0
Pct 7949,VBM,7949,1,594,291,48.99,162,91,38,0
Pct 7951,Election Day,7951,1,841,189,22.47,93,62,34,0
Pct 7951,VBM,7951,1,841,456,54.22,267,114,75,0
Pct 7952,Election Day,7952,1,865,221,25.55,127,66,28,0
Pct 7952,VBM,7952,1,865,430,49.71,262,114,54,0
Pct 7953,Election Day,7953,1,853,216,25.32,130,63,23,0
Pct 7953,VBM,7953,1,853,461,54.04,238,151,72,0
Pct 7954 MB,Election Day,7954,1,0,0,0.00,0,0,0,0
Pct 7954 MB,VBM,7954,1,0,0,0.00,0,0,0,0
Pct 7955,Election Day,7955,1,899,218,24.25,119,61,38,0
Pct 7955,VBM,7955,1,899,466,51.84,258,139,69,0
Pct 7956,Election Day,7956,1,779,199,25.55,105,49,44,1
Pct 7956,VBM,7956,1,779,380,48.78,222,92,65,1
Pct 7957,Election Day,7957,1,664,188,28.31,94,59,35,0
Pct 7957,VBM,7957,1,664,336,50.60,173,109,54,0
Pct 7958 MB,Election Day,7958,1,291,8,2.75,5,1,2,0
Pct 7958 MB,VBM,7958,1,291,191,65.64,109,59,23,0
Pct 9001 MB,Election Day,9001,1,269,11,4.09,3,4,4,0
Pct 9001 MB,VBM,9001,1,269,186,69.14,100,64,22,0
Pct 9101,Election Day,9101,1,899,296,32.93,170,74,52,0
Pct 9101,VBM,9101,1,899,444,49.39,232,127,85,0
Pct 9102,Election Day,9102,1,989,313,31.65,180,59,73,1
Pct 9102,VBM,9102,1,989,504,50.96,299,136,68,1
Pct 9103,Election Day,9103,1,971,317,32.65,175,81,61,0
Pct 9103,VBM,9103,1,971,469,48.30,258,133,78,0
Pct 9104,Election Day,9104,1,1004,273,27.19,168,50,55,0
Pct 9104,VBM,9104,1,1004,522,51.99,300,123,98,1
Pct 9105,Election Day,9105,1,975,316,32.41,193,64,59,0
Pct 9105,VBM,9105,1,975,501,51.38,267,130,104,0
Pct 9106,Election Day,9106,1,938,307,32.73,184,60,63,0
Pct 9106,VBM,9106,1,938,512,54.58,269,148,95,0
Pct 9107,Election Day,9107,1,859,290,33.76,169,58,62,1
Pct 9107,VBM,9107,1,859,389,45.29,219,87,83,0
Pct 9108,Election Day,9108,1,815,294,36.07,174,70,50,0
Pct 9108,VBM,9108,1,815,397,48.71,225,108,64,0
Pct 9109,Election Day,9109,1,875,311,35.54,174,68,69,0
Pct 9109,VBM,9109,1,875,438,50.06,238,122,77,1
Pct 9111,Election Day,9111,1,785,278,35.41,146,54,78,0
Pct 9111,VBM,9111,1,785,359,45.73,207,86,66,0
Pct 9112,Election Day,9112,1,975,294,30.15,168,63,63,0
Pct 9112,VBM,9112,1,975,510,52.31,253,164,93,0
Pct 9113,Election Day,9113,1,1008,331,32.84,155,107,69,0
Pct 9113,VBM,9113,1,1008,522,51.79,291,135,95,1
Pct 9114,Election Day,9114,1,913,308,33.73,178,57,73,0
Pct 9114,VBM,9114,1,913,441,48.30,254,101,85,1
Pct 9115,Election Day,9115,1,948,293,30.91,182,63,48,0
Pct 9115,VBM,9115,1,948,468,49.37,263,122,83,0
Pct 9116,Election Day,9116,1,986,326,33.06,206,61,59,0
Pct 9116,VBM,9116,1,986,485,49.19,267,115,103,0
Pct 9117,Election Day,9117,1,785,232,29.55,126,60,45,1
Pct 9117,VBM,9117,1,785,438,55.80,248,109,81,0
Pct 9118,Election Day,9118,1,987,295,29.89,170,68,57,0
Pct 9118,VBM,9118,1,987,485,49.14,261,115,108,1
Pct 9119,Election Day,9119,1,911,275,30.19,136,73,66,0
Pct 9119,VBM,9119,1,911,469,51.48,276,112,80,1
Pct 9121,Election Day,9121,1,950,314,33.05,178,75,61,0
Pct 9121,VBM,9121,1,950,444,46.74,270,95,79,0
Pct 9122,Election Day,9122,1,976,262,26.84,152,54,56,0
Pct 9122,VBM,9122,1,976,507,51.95,295,122,88,2
Pct 9123,Election Day,9123,1,902,290,32.15,164,70,56,0
Pct 9123,VBM,9123,1,902,450,49.89,270,105,75,0
Pct 9124,Election Day,9124,1,940,263,27.98,156,56,51,0
Pct 9124,VBM,9124,1,940,467,49.68,273,112,82,0
Pct 9125,Election Day,9125,1,911,263,28.87,156,48,59,0
Pct 9125,VBM,9125,1,911,477,52.36,297,95,85,0
Pct 9126,Election Day,9126,1,978,283,28.94,169,60,54,0
Pct 9126,VBM,9126,1,978,537,54.91,323,123,91,0
Pct 9127,Election Day,9127,1,985,347,35.23,200,87,60,0
Pct 9127,VBM,9127,1,985,472,47.92,262,124,86,0
Pct 9128,Election Day,9128,1,859,282,32.83,161,60,61,0
Pct 9128,VBM,9128,1,859,445,51.80,237,125,82,1
Pct 9129,Election Day,9129,1,772,259,33.55,152,62,45,0
Pct 9129,VBM,9129,1,772,362,46.89,211,88,63,0
Pct 9131,Election Day,9131,1,806,250,31.02,148,57,45,0
Pct 9131,VBM,9131,1,806,411,50.99,256,91,64,0
Pct 9132,Election Day,9132,1,898,297,33.07,180,58,59,0
Pct 9132,VBM,9132,1,898,404,44.99,243,91,66,4
Pct 9133,Election Day,9133,1,1083,299,27.61,182,74,43,0
Pct 9133,VBM,9133,1,1083,589,54.39,339,153,97,0
Pct 9134,Election Day,9134,1,937,248,26.47,129,42,77,0
Pct 9134,VBM,9134,1,937,519,55.39,279,131,109,0
Pct 9135,Election Day,9135,1,831,242,29.12,123,65,54,0
Pct 9135,VBM,9135,1,831,410,49.34,183,137,90,0
Pct 9136,Election Day,9136,1,952,313,32.88,173,59,81,0
Pct 9136,VBM,9136,1,952,475,49.89,281,122,71,1
Pct 9137,Election Day,9137,1,977,287,29.38,167,67,53,0
Pct 9137,VBM,9137,1,977,498,50.97,272,127,98,1
Pct 9138,Election Day,9138,1,930,264,28.39,148,62,54,0
Pct 9138,VBM,9138,1,930,507,54.52,328,108,71,0
Pct 9139,Election Day,9139,1,1004,298,29.68,169,74,55,0
Pct 9139,VBM,9139,1,1004,533,53.09,315,134,84,0
Pct 9141,Election Day,9141,1,963,296,30.74,181,55,60,0
Pct 9141,VBM,9141,1,963,498,51.71,311,110,77,0
Pct 9142,Election Day,9142,1,1003,327,32.60,195,69,62,1
Pct 9142,VBM,9142,1,1003,516,51.45,325,113,78,0
Pct 9143,Election Day,9143,1,921,290,31.49,176,62,52,0
Pct 9143,VBM,9143,1,921,457,49.62,265,112,80,0
Pct 9144,Election Day,9144,1,983,341,34.69,202,84,54,1
Pct 9144,VBM,9144,1,983,491,49.95,275,121,95,0
Pct 9145,Election Day,9145,1,889,297,33.41,179,68,50,0
Pct 9145,VBM,9145,1,889,456,51.29,255,118,82,1
Pct 9146,Election Day,9146,1,929,359,38.64,203,81,75,0
Pct 9146,VBM,9146,1,929,440,47.36,252,105,83,0
Pct 9147,Election Day,9147,1,983,302,30.72,182,66,54,0
Pct 9147,VBM,9147,1,983,516,52.49,296,110,110,0
Pct 9148,Election Day,9148,1,1007,340,33.76,201,81,58,0
Pct 9148,VBM,9148,1,1007,529,52.53,294,134,100,1
Pct 9149,Election Day,9149,1,976,320,32.79,165,79,76,0
Pct 9149,VBM,9149,1,976,522,53.48,306,125,90,1
Pct 9151,Election Day,9151,1,858,288,33.57,169,52,67,0
Pct 9151,VBM,9151,1,858,416,48.48,216,120,80,0
Pct 9152,Election Day,9152,1,842,291,34.56,162,48,81,0
Pct 9152,VBM,9152,1,842,345,40.97,176,97,71,1
Pct 9201,Election Day,9201,1,1047,404,38.59,216,118,70,0
Pct 9201,VBM,9201,1,1047,489,46.70,227,161,101,0
Pct 9202,Election Day,9202,1,962,342,35.55,145,100,97,0
Pct 9202,VBM,9202,1,962,464,48.23,189,169,106,0
Pct 9203,Election Day,9203,1,1006,308,30.62,113,102,93,0
Pct 9203,VBM,9203,1,1006,549,54.57,200,192,157,0
Pct 9204,Election Day,9204,1,849,325,38.28,122,116,87,0
Pct 9204,VBM,9204,1,849,408,48.06,159,160,88,1
Pct 9205,Election Day,9205,1,760,249,32.76,88,88,72,1
Pct 9205,VBM,9205,1,760,403,53.03,152,144,106,1
Pct 9206,Election Day,9206,1,960,287,29.90,108,93,86,0
Pct 9206,VBM,9206,1,960,535,55.73,201,210,123,1
Pct 9207,Election Day,9207,1,980,335,34.18,110,122,102,1
Pct 9207,VBM,9207,1,980,510,52.04,176,195,139,0
Pct 9208,Election Day,9208,1,1028,356,34.63,138,124,94,0
Pct 9208,VBM,9208,1,1028,541,52.63,194,191,154,2
Pct 9209,Election Day,9209,1,750,283,37.73,107,105,71,0
Pct 9209,VBM,9209,1,750,363,48.40,126,123,114,0
Pct 9211,Election Day,9211,1,910,326,35.82,119,110,97,0
Pct 9211,VBM,9211,1,910,452,49.67,146,177,129,0
Pct 9212,Election Day,9212,1,857,298,34.77,102,101,95,0
Pct 9212,VBM,9212,1,857,448,52.28,178,149,121,0
Pct 9213,Election Day,9213,1,987,349,35.36,133,116,99,1
Pct 9213,VBM,9213,1,987,504,51.06,191,183,129,1
Pct 9214,Election Day,9214,1,632,195,30.85,79,65,51,0
Pct 9214,VBM,9214,1,632,344,54.43,137,123,84,0
Pct 9215,Election Day,9215,1,645,216,33.49,70,89,57,0
Pct 9215,VBM,9215,1,645,350,54.26,116,134,100,0
Pct 9216,Election Day,9216,1,861,301,34.96,94,115,92,0
Pct 9216,VBM,9216,1,861,425,49.36,149,153,122,1
Pct 9217,Election Day,9217,1,761,268,35.22,104,94,70,0
Pct 9217,VBM,9217,1,761,394,51.77,138,143,113,0
Pct 9218,Election Day,9218,1,868,288,33.18,102,101,85,0
Pct 9218,VBM,9218,1,868,442,50.92,150,163,128,1
Pct 9219,Election Day,9219,1,829,295,35.59,114,86,95,0
Pct 9219,VBM,9219,1,829,424,51.15,173,136,115,0
Pct 9221,Election Day,9221,1,662,171,25.83,46,71,54,0
Pct 9221,VBM,9221,1,662,466,70.39,170,184,112,0
Pct 9222,Election Day,9222,1,889,281,31.61,90,101,90,0
Pct 9222,VBM,9222,1,889,530,59.62,192,213,125,0
Pct 9223,Election Day,9223,1,664,184,27.71,73,63,48,0
Pct 9223,VBM,9223,1,664,389,58.58,139,145,105,0
Pct 9224,Election Day,9224,1,993,300,30.21,98,123,79,0
Pct 9224,VBM,9224,1,993,563,56.70,202,226,135,0
Pct 9225,Election Day,9225,1,994,346,34.81,126,118,102,0
Pct 9225,VBM,9225,1,994,580,58.35,247,182,151,0
Pct 9226,Election Day,9226,1,960,292,30.42,115,85,92,0
Pct 9226,VBM,9226,1,960,541,56.35,219,190,132,0
Pct 9227,Election Day,9227,1,759,237,31.23,106,70,61,0
Pct 9227,VBM,9227,1,759,428,56.39,182,150,95,1
Pct 9228,Election Day,9228,1,725,233,32.14,88,91,54,0
Pct 9228,VBM,9228,1,725,418,57.66,190,154,74,0
Pct 9229,Election Day,9229,1,615,195,31.71,79,73,43,0
Pct 9229,VBM,9229,1,615,360,58.54,139,139,81,1
Pct 9231,Election Day,9231,1,1006,372,36.98,195,96,79,2
Pct 9231,VBM,9231,1,1006,497,49.40,234,149,113,1
Pct 9232,Election Day,9232,1,746,276,37.00,106,102,68,0
Pct 9232,VBM,9232,1,746,419,56.17,162,158,99,0
Pct 9233,Election Day,9233,1,816,268,32.84,104,93,71,0
Pct 9233,VBM,9233,1,816,468,57.35,149,203,115,1
Pct 9234,Election Day,9234,1,759,216,28.46,87,77,52,0
Pct 9234,VBM,9234,1,759,448,59.03,167,183,95,3
Pct 9235,Election Day,9235,1,907,303,33.41,109,126,68,0
Pct 9235,VBM,9235,1,907,515,56.78,177,194,143,1
Pct 9236,Election Day,9236,1,682,237,34.75,82,97,58,0
Pct 9236,VBM,9236,1,682,363,53.23,133,126,104,0
Pct 9237,Election Day,9237,1,941,279,29.65,108,99,71,1
Pct 9237,VBM,9237,1,941,545,57.92,179,218,147,1
Pct 9238,Election Day,9238,1,846,271,32.03,99,98,74,0
Pct 9238,VBM,9238,1,846,538,63.59,187,220,131,0
Pct 9239,Election Day,9239,1,885,250,28.25,85,93,72,0
Pct 9239,VBM,9239,1,885,588,66.44,192,238,158,0
Pct 9241,Election Day,9241,1,1027,286,27.85,117,97,70,2
Pct 9241,VBM,9241,1,1027,608,59.20,240,217,151,0
Pct 9242,Election Day,9242,1,1023,317,30.99,137,97,83,0
Pct 9242,VBM,9242,1,1023,568,55.52,226,203,137,2
Pct 9243,Election Day,9243,1,611,228,37.32,91,73,64,0
Pct 9243,VBM,9243,1,611,327,53.52,149,112,66,0
Pct 9244,Election Day,9244,1,940,279,29.68,106,88,84,1
Pct 9244,VBM,9244,1,940,545,57.98,219,177,149,0
Pct 9245,Election Day,9245,1,725,229,31.59,81,96,52,0
Pct 9245,VBM,9245,1,725,398,54.90,174,132,92,0
Pct 9246,Election Day,9246,1,964,293,30.39,127,85,81,0
Pct 9246,VBM,9246,1,964,549,56.95,209,179,160,1
Pct 9247,Election Day,9247,1,1004,315,31.37,129,94,92,0
Pct 9247,VBM,9247,1,1004,570,56.77,236,191,143,0
Pct 9248,Election Day,9248,1,955,296,30.99,140,89,67,0
Pct 9248,VBM,9248,1,955,550,57.59,244,169,136,1
Pct 9249,Election Day,9249,1,926,322,34.77,152,95,75,0
Pct 9249,VBM,9249,1,926,485,52.38,230,155,100,0
Pct 9251,Election Day,9251,1,982,324,32.99,141,94,87,2
Pct 9251,VBM,9251,1,982,547,55.70,237,190,120,0
Pct 9252,Election Day,9252,1,943,284,30.12,141,80,63,0
Pct 9252,VBM,9252,1,943,553,58.64,256,192,105,0
Pct 9253,Election Day,9253,1,808,253,31.31,98,74,81,0
Pct 9253,VBM,9253,1,808,456,56.44,207,154,95,0
Pct 9254,Election Day,9254,1,951,300,31.55,113,108,79,0
Pct 9254,VBM,9254,1,951,571,60.04,234,208,129,0
Pct 9255,Election Day,9255,1,577,213,36.92,87,67,59,0
Pct 9255,VBM,9255,1,577,305,52.86,123,97,85,0
Pct 9256,Election Day,9256,1,403,133,33.00,56,44,33,0
Pct 9256,VBM,9256,1,403,209,51.86,106,56,47,0
Pct 9257 MB,Election Day,9257,1,339,9,2.65,3,4,2,0
Pct 9257 MB,VBM,9257,1,339,278,82.01,157,69,52,0
Pct 9258,Election Day,9258,1,715,216,30.21,117,59,40,0
Pct 9258,VBM,9258,1,715,429,60.00,218,125,86,0
Pct 9401,Election Day,9401,1,1014,355,35.01,195,83,77,0
Pct 9401,VBM,9401,1,1014,460,45.36,279,108,73,0
Pct 9402,Election Day,9402,1,1028,323,31.42,197,61,63,2
Pct 9402,VBM,9402,1,1028,493,47.96,273,125,95,0
Pct 9403,Election Day,9403,1,933,273,29.26,142,76,55,0
Pct 9403,VBM,9403,1,933,466,49.95,260,143,63,0
Pct 9404,Election Day,9404,1,921,286,31.05,162,68,56,0
Pct 9404,VBM,9404,1,921,458,49.73,259,122,77,0
Pct 9405,Election Day,9405,1,818,258,31.54,147,59,52,0
Pct 9405,VBM,9405,1,818,441,53.91,239,114,88,0
Pct 9406,Election Day,9406,1,916,291,31.77,166,66,59,0
Pct 9406,VBM,9406,1,916,500,54.59,304,109,86,1
Pct 9407,Election Day,9407,1,941,309,32.84,168,73,68,0
Pct 9407,VBM,9407,1,941,419,44.53,256,94,69,0
Pct 9408,Election Day,9408,1,879,297,33.79,177,56,64,0
Pct 9408,VBM,9408,1,879,407,46.30,228,91,88,0
Pct 9409,Election Day,9409,1,626,236,37.70,139,51,46,0
Pct 9409,VBM,9409,1,626,288,46.01,169,60,59,0
Pct 9411,Election Day,9411,1,1051,345,32.83,180,86,79,0
Pct 9411,VBM,9411,1,1051,495,47.10,263,139,92,1
Pct 9412,Election Day,9412,1,885,291,32.88,151,84,55,1
Pct 9412,VBM,9412,1,885,412,46.55,226,109,76,1
Pct 9413,Election Day,9413,1,907,265,29.22,131,73,61,0
Pct 9413,VBM,9413,1,907,477,52.59,251,123,103,0
Pct 9414,Election Day,9414,1,894,272,30.43,145,69,58,0
Pct 9414,VBM,9414,1,894,468,52.35,247,136,85,0
Pct 9415,Election Day,9415,1,798,216,27.07,90,62,64,0
Pct 9415,VBM,9415,1,798,421,52.76,244,106,71,0
Pct 9416,Election Day,9416,1,1018,305,29.96,153,93,57,2
Pct 9416,VBM,9416,1,1018,501,49.21,301,121,79,0
Pct 9417,Election Day,9417,1,759,192,25.30,96,47,49,0
Pct 9417,VBM,9417,1,759,412,54.28,211,114,86,1
Pct 9418,Election Day,9418,1,814,235,28.87,120,68,47,0
Pct 9418,VBM,9418,1,814,407,50.00,204,109,93,1
Pct 9419,Election Day,9419,1,902,245,27.16,114,71,60,0
Pct 9419,VBM,9419,1,902,463,51.33,238,129,94,2
Pct 9421,Election Day,9421,1,929,243,26.16,137,57,49,0
Pct 9421,VBM,9421,1,929,489,52.64,265,112,112,0
Pct 9422,Election Day,9422,1,1082,348,32.16,174,87,87,0
Pct 9422,VBM,9422,1,1082,539,49.82,302,144,92,1
Pct 9423,Election Day,9423,1,909,269,29.59,121,76,72,0
Pct 9423,VBM,9423,1,909,449,49.39,262,112,75,0
Pct 9424,Election Day,9424,1,951,246,25.87,131,70,45,0
Pct 9424,VBM,9424,1,951,510,53.63,320,123,67,0
Pct 9425,Election Day,9425,1,964,258,26.76,132,69,57,0
Pct 9425,VBM,9425,1,964,490,50.83,268,136,86,0
Pct 9426,Election Day,9426,1,835,241,28.86,124,58,59,0
Pct 9426,VBM,9426,1,835,422,50.54,249,99,74,0
Pct 9427,Election Day,9427,1,963,250,25.96,129,63,58,0
Pct 9427,VBM,9427,1,963,483,50.16,285,121,77,0
Pct 9428,Election Day,9428,1,963,232,24.09,105,65,62,0
Pct 9428,VBM,9428,1,963,522,54.21,312,134,76,0
Pct 9429,Election Day,9429,1,909,284,31.24,145,78,60,1
Pct 9429,VBM,9429,1,909,423,46.53,264,86,73,0
Pct 9431,Election Day,9431,1,1024,265,25.88,122,77,66,0
Pct 9431,VBM,9431,1,1024,556,54.30,304,155,97,0
Pct 9432,Election Day,9432,1,913,277,30.34,137,74,66,0
Pct 9432,VBM,9432,1,913,441,48.30,249,101,91,0
Pct 9433,Election Day,9433,1,973,256,26.31,127,72,56,1
Pct 9433,VBM,9433,1,973,503,51.70,277,134,92,0
Pct 9434,Election Day,9434,1,997,302,30.29,142,93,67,0
Pct 9434,VBM,9434,1,997,501,50.25,299,128,73,1
Pct 9435,Election Day,9435,1,969,276,28.48,121,89,66,0
Pct 9435,VBM,9435,1,969,489,50.46,270,131,88,0
Pct 9436,Election Day,9436,1,994,263,26.46,132,67,64,0
Pct 9436,VBM,9436,1,994,520,52.31,276,142,102,0
Pct 9437,Election Day,9437,1,954,281,29.45,144,82,55,0
Pct 9437,VBM,9437,1,954,432,45.28,233,129,70,0
Pct 9438,Election Day,9438,1,1000,242,24.20,121,67,54,0
Pct 9438,VBM,9438,1,1000,549,54.90,303,149,97,0
Pct 9439,Election Day,9439,1,903,222,24.58,110,54,58,0
Pct 9439,VBM,9439,1,903,468,51.83,257,125,86,0
Pct 9441,Election Day,9441,1,1004,283,28.19,164,71,48,0
Pct 9441,VBM,9441,1,1004,517,51.49,296,146,74,1
Pct 9442,Election Day,9442,1,1027,334,32.52,171,89,72,2
Pct 9442,VBM,9442,1,1027,475,46.25,261,123,90,1
Pct 9443,Election Day,9443,1,937,286,30.52,127,93,66,0
Pct 9443,VBM,9443,1,937,462,49.31,263,130,69,0
Pct 9444,Election Day,9444,1,955,253,26.49,116,69,68,0
Pct 9444,VBM,9444,1,955,467,48.90,248,135,84,0
Pct 9445,Election Day,9445,1,993,270,27.19,150,67,52,1
Pct 9445,VBM,9445,1,993,481,48.44,251,135,95,0
Pct 9446,Election Day,9446,1,1084,305,28.14,157,81,67,0
Pct 9446,VBM,9446,1,1084,607,56.00,320,177,110,0
Pct 9447,Election Day,9447,1,954,268,28.09,155,58,55,0
Pct 9447,VBM,9447,1,954,493,51.68,266,145,82,0
Pct 9448,Election Day,9448,1,950,269,28.32,144,67,58,0
Pct 9448,VBM,9448,1,950,459,48.32,239,130,89,1
Pct 9449,Election Day,9449,1,820,178,21.71,92,47,38,1
Pct 9449,VBM,9449,1,820,461,56.22,256,123,82,0
Pct 9451,Election Day,9451,1,438,123,28.08,67,36,20,0
Pct 9451,VBM,9451,1,438,247,56.39,109,90,48,0
Pct 9452,Election Day,9452,1,829,289,34.86,136,92,61,0
Pct 9452,VBM,9452,1,829,412,49.70,199,120,92,1
Pct 9453,Election Day,9453,1,502,147,29.28,75,41,31,0
Pct 9453,VBM,9453,1,502,268,53.39,125,87,56,0
Pct 9501 MB,Election Day,9501,1,153,6,3.92,2,2,2,0
Pct 9501 MB,VBM,9501,1,153,125,81.70,54,44,27,0
Pct 9502 MB,Election Day,9502,1,233,5,2.15,2,2,1,0
Pct 9502 MB,VBM,9502,1,233,204,87.55,113,57,34,0
Pct 9503/9504,Election Day,9503,1,822,277,33.70,141,64,72,0
Pct 9503/9504,VBM,9503,1,822,397,48.30,216,107,73,1
Pct 9505,Election Day,9505,1,804,226,28.11,103,61,59,3
Pct 9505,VBM,9505,1,804,391,48.63,193,125,73,0
Pct 9506,Election Day,9506,1,810,266,32.84,159,65,42,0
Pct 9506,VBM,9506,1,810,336,41.48,190,95,51,0
Pct 9507,Election Day,9507,1,783,248,31.67,152,53,43,0
Pct 9507,VBM,9507,1,783,390,49.81,219,109,62,0
Pct 9508,Election Day,9508,1,862,304,35.27,185,56,63,0
Pct 9508,VBM,9508,1,862,416,48.26,244,99,73,0
Pct 9509,Election Day,9509,1,758,237,31.27,145,43,48,1
Pct 9509,VBM,9509,1,758,424,55.94,219,106,97,2
Pct 9511,Election Day,9511,1,630,236,37.46,138,54,44,0
Pct 9511,VBM,9511,1,630,293,46.51,162,65,66,0
Pct 9512,Election Day,9512,1,848,279,32.90,173,53,52,1
Pct 9512,VBM,9512,1,848,430,50.71,254,106,70,0
Pct 9513,Election Day,9513,1,952,319,33.51,189,74,55,1
Pct 9513,VBM,9513,1,952,447,46.95,235,131,81,0
Pct 9514/9522,Election Day,9514,1,959,342,35.66,201,70,71,0
Pct 9514/9522,VBM,9514,1,959,490,51.09,290,112,88,0
Pct 9515,Election Day,9515,1,748,278,37.17,152,55,71,0
Pct 9515,VBM,9515,1,748,368,49.20,216,96,56,0
Pct 9516,Election Day,9516,1,922,311,33.73,176,71,64,0
Pct 9516,VBM,9516,1,922,452,49.02,248,116,87,1
Pct 9517,Election Day,9517,1,854,279,32.67,187,35,57,0
Pct 9517,VBM,9517,1,854,434,50.82,264,84,86,0
Pct 9518,Election Day,9518,1,826,275,33.29,165,56,54,0
Pct 9518,VBM,9518,1,826,432,52.30,271,91,70,0
Pct 9519,Election Day,9519,1,922,307,33.30,177,64,66,0
Pct 9519,VBM,9519,1,922,483,52.39,272,119,92,0
Pct 9521,Election Day,9521,1,947,354,37.38,213,77,64,0
Pct 9521,VBM,9521,1,947,473,49.95,266,117,90,0
Pct 9701,Election Day,9701,1,664,212,31.93,127,30,55,0
Pct 9701,VBM,9701,1,664,359,54.07,217,73,68,1
Pct 9702,Election Day,9702,1,760,257,33.82,142,52,63,0
Pct 9702,VBM,9702,1,760,383,50.39,215,94,74,0
Pct 9703,Election Day,9703,1,989,276,27.91,147,81,48,0
Pct 9703,VBM,9703,1,989,542,54.80,312,150,80,0
Pct 9704,Election Day,9704,1,971,302,31.10,173,65,64,0
Pct 9704,VBM,9704,1,971,534,54.99,317,120,97,0
Pct 9705,Election Day,9705,1,954,325,34.07,199,50,75,1
Pct 9705,VBM,9705,1,954,511,53.56,320,103,88,0
Pct 9706 MB,Election Day,9706,1,54,3,5.56,0,0,3,0
Pct 9706 MB,VBM,9706,1,54,51,94.44,31,14,6,0
Pct 9707,Election Day,9707,1,805,185,22.98,91,62,32,0
Pct 9707,VBM,9707,1,805,494,61.37,285,142,66,1
Pct 9708,Election Day,9708,1,956,299,31.28,180,61,58,0
Pct 9708,VBM,9708,1,956,530,55.44,315,104,110,1
Pct 9709,Election Day,9709,1,1029,290,28.18,148,86,56,0
Pct 9709,VBM,9709,1,1029,558,54.23,299,167,91,1
Pct 9711,Election Day,9711,1,643,212,32.97,109,73,30,0
Pct 9711,VBM,9711,1,643,360,55.99,195,92,73,0
Pct 9712,Election Day,9712,1,656,199,30.34,103,57,39,0
Pct 9712,VBM,9712,1,656,394,60.06,193,137,62,2
Pct 9713,Election Day,9713,1,974,268,27.52,144,68,56,0
Pct 9713,VBM,9713,1,974,514,52.77,283,150,80,1
Pct 9714,Election Day,9714,1,941,268,28.48,121,94,53,0
Pct 9714,VBM,9714,1,941,557,59.19,275,184,96,2
Pct 9715,Election Day,9715,1,580,212,36.55,97,71,44,0
Pct 9715,VBM,9715,1,580,309,53.28,128,115,64,2
Pct 9716,Election Day,9716,1,975,288,29.54,132,86,69,1
Pct 9716,VBM,9716,1,975,503,51.59,270,141,90,2
Pct 9717,Election Day,9717,1,993,338,34.04,159,100,78,1
Pct 9717,VBM,9717,1,993,499,50.25,248,175,76,0
Pct 9718,Election Day,9718,1,859,267,31.08,138,90,39,0
Pct 9718,VBM,9718,1,859,488,56.81,246,165,77,0
Pct 9719,Election Day,9719,1,880,263,29.89,118,95,50,0
Pct 9719,VBM,9719,1,880,492,55.91,226,181,85,0
Pct 9721,Election Day,9721,1,657,222,33.79,103,81,38,0
Pct 9721,VBM,9721,1,657,353,53.73,143,145,64,1
Pct 9722,Election Day,9722,1,634,162,25.55,66,60,36,0
Pct 9722,VBM,9722,1,634,381,60.09,187,119,75,0
Pct 9723,Election Day,9723,1,478,111,23.22,46,44,21,0
Pct 9723,VBM,9723,1,478,285,59.62,149,89,47,0
Pct 9724,Election Day,9724,1,978,255,26.07,137,73,45,0
Pct 9724,VBM,9724,1,978,569,58.18,286,177,106,0
Pct 9725,Election Day,9725,1,985,251,25.48,137,72,42,0
Pct 9725,VBM,9725,1,985,532,54.01,256,187,89,0
Pct 9726,Election Day,9726,1,782,303,38.75,166,69,67,1
Pct 9726,VBM,9726,1,782,303,38.75,172,71,60,0
Pct 9727,Election Day,9727,1,454,111,24.45,45,41,25,0
Pct 9727,VBM,9727,1,454,285,62.78,134,108,43,0
Pct 9728,Election Day,9728,1,937,287,30.63,134,99,54,0
Pct 9728,VBM,9728,1,937,518,55.28,246,194,78,0
Pct 9729,Election Day,9729,1,802,218,27.18,86,99,33,0
Pct 9729,VBM,9729,1,802,490,61.10,214,190,86,0
Pct 9731,Election Day,9731,1,548,198,36.13,69,79,50,0
Pct 9731,VBM,9731,1,548,287,52.37,130,115,42,0
Pct 9732 MB,Election Day,9732,1,76,1,1.32,0,0,1,0
Pct 9732 MB,VBM,9732,1,76,70,92.11,37,23,10,0
Pct 9733 MB,Election Day,9733,1,221,4,1.81,3,1,0,0
Pct 9733 MB,VBM,9733,1,221,200,90.50,108,56,36,0
Pct 9734,Election Day,9734,1,603,185,30.68,81,76,28,0
Pct 9734,VBM,9734,1,603,350,58.04,166,128,56,0
Pct 9735,Election Day,9735,1,807,227,28.13,113,65,49,0
Pct 9735,VBM,9735,1,807,472,58.49,226,169,75,2
Pct 9736,Election Day,9736,1,729,209,28.67,91,75,43,0
Pct 9736,VBM,9736,1,729,442,60.63,208,163,71,0
Pct 9737,Election Day,9737,1,782,233,29.80,132,54,47,0
Pct 9737,VBM,9737,1,782,482,61.64,254,148,77,3
Pct 9738,Election Day,9738,1,850,275,32.35,140,78,57,0
Pct 9738,VBM,9738,1,850,405,47.65,173,150,82,0
Pct 9739,Election Day,9739,1,912,302,33.11,172,62,68,0
Pct 9739,VBM,9739,1,912,379,41.56,210,109,58,2
Pct 9741,Election Day,9741,1,1064,433,40.70,231,73,129,0
Pct 9741,VBM,9741,1,1064,246,23.12,132,60,54,0
Pct 9742,Election Day,9742,1,669,217,32.44,109,58,50,0
Pct 9742,VBM,9742,1,669,313,46.79,180,84,49,0
Pct 9743,Election Day,9743,1,1159,363,31.32,183,98,82,0
Pct 9743,VBM,9743,1,1159,544,46.94,294,165,84,1
Pct 9744,Election Day,9744,1,968,364,37.60,207,85,71,1
Pct 9744,VBM,9744,1,968,399,41.22,200,111,88,0
Pct 9745,Election Day,9745,1,1052,359,34.13,210,75,74,0
Pct 9745,VBM,9745,1,1052,403,38.31,223,116,64,0
Pct 9746,Election Day,9746,1,903,310,34.33,138,109,63,0
Pct 9746,VBM,9746,1,903,473,52.38,232,146,92,3
Pct 9747,Election Day,9747,1,989,301,30.43,159,87,55,0
Pct 9747,VBM,9747,1,989,496,50.15,290,125,81,0
Pct 9748,Election Day,9748,1,981,278,28.34,145,77,56,0
Pct 9748,VBM,9748,1,981,531,54.13,300,139,91,1
Pct 9749,Election Day,9749,1,969,256,26.42,140,65,51,0
Pct 9749,VBM,9749,1,969,430,44.38,251,111,67,1
Pct 9751,Election Day,9751,1,1011,306,30.27,159,73,74,0
Pct 9751,VBM,9751,1,1011,602,59.55,287,203,111,1
Pct 9752,Election Day,9752,1,721,206,28.57,99,70,37,0
Pct 9752,VBM,9752,1,721,420,58.25,192,149,79,0
Pct 9753,Election Day,9753,1,777,228,29.34,122,72,34,0
Pct 9753,VBM,9753,1,777,408,52.51,211,146,51,0
Pct 9754,Election Day,9754,1,744,259,34.81,152,64,43,0
Pct 9754,VBM,9754,1,744,389,52.28,220,110,59,0
Pct 9755,Election Day,9755,1,605,185,30.58,107,49,29,0
Pct 9755,VBM,9755,1,605,307,50.74,160,90,57,0
Pct 9756,Election Day,9756,1,980,279,28.47,147,70,61,1
Pct 9756,VBM,9756,1,980,505,51.53,295,128,82,0
Pct 9801,Election Day,9801,1,434,131,30.18,63,36,32,0
Pct 9801,VBM,9801,1,434,208,47.93,104,68,36,0
Pct 9900 MB,Election Day,9900,1,0,0,0.00,0,0,0,0
Pct 9900 MB,VBM,9900,1,0,0,0.00,0,0,0,0
Pct 9901 MB,Election Day,9901,1,0,0,0.00,0,0,0,0
Pct 9901 MB,VBM,9901,1,0,0,0.00,0,0,0,0
Pct 9902 MB,Election Day,9902,1,0,0,0.00,0,0,0,0
Pct 9902 MB,VBM,9902,1,0,0,0.00,0,0,0,0