PrecinctName,ReportingType,PrecinctID,Precincts,Registration,Ballots Cast,Turnout (%),IAN KALIN,PHIL KIM,JILL WYNNS,MARK SANCHEZ,RACHEL NORTON,MATT HANEY,STEVON COOK,ROB GELLER,TREVOR MCNEIL,WRITE-IN,Under Vote,Over Vote
Pct 1101,Election Day,1101,1,586,159,27.13,17,42,28,84,49,70,57,9,31,1,248,0
Pct 1101,VBM,1101,1,586,287,48.98,28,49,83,132,97,130,103,28,59,2,437,0
Pct 1102,Election Day,1102,1,996,291,29.22,31,52,45,162,94,137,111,20,53,2,457,0
Pct 1102,VBM,1102,1,996,519,52.11,47,112,136,243,184,236,188,44,129,6,747,4
Pct 1103,Election Day,1103,1,971,263,27.09,22,51,62,123,74,106,96,16,46,0,452,4
Pct 1103,VBM,1103,1,971,518,53.35,60,120,127,233,187,237,189,28,142,1,748,0
Pct 1104/1105,Election Day,1104,1,991,329,33.20,19,77,52,149,82,121,112,19,58,3,624,0
Pct 1104/1105,VBM,1104,1,991,434,43.79,47,89,118,206,146,199,159,39,101,0,632,0
Pct 1106,Election Day,1106,1,808,217,26.86,23,54,61,82,65,73,74,12,49,0,375,0
Pct 1106,VBM,1106,1,808,383,47.40,53,74,103,168,130,161,146,31,100,8,554,4
Pct 1107,Election Day,1107,1,781,222,28.43,16,44,46,88,75,88,101,13,33,0,384,0
Pct 1107,VBM,1107,1,781,284,36.36,27,68,67,130,108,116,91,17,67,1,432,12
Pct 1108,Election Day,1108,1,951,250,26.29,21,54,58,98,69,101,86,9,57,1,442,4
Pct 1108,VBM,1108,1,951,494,51.95,52,95,151,208,213,256,209,32,114,1,645,0
Pct 1109,Election Day,1109,1,809,215,26.58,25,38,38,96,67,83,79,9,49,1,375,0
Pct 1109,VBM,1109,1,809,402,49.69,28,112,122,150,144,163,138,22,107,1,609,12
Pct 1111,Election Day,1111,1,1031,246,23.86,20,56,37,98,53,87,87,12,45,1,484,4
Pct 1111,VBM,1111,1,1031,471,45.68,51,113,143,172,172,178,132,26,95,0,798,4
Pct 1112,Election Day,1112,1,765,173,22.61,16,36,22,74,41,52,63,8,27,2,343,8
Pct 1112,VBM,1112,1,765,384,50.20,32,97,93,156,124,138,131,37,90,0,626,12
Pct 1113,Election Day,1113,1,713,145,20.34,11,21,20,65,41,54,53,6,24,0,285,0
Pct 1113,VBM,1113,1,713,402,56.38,30,91,122,168,134,165,119,24,106,1,644,4
Pct 1114,Election Day,1114,1,971,297,30.59,22,43,48,129,75,102,88,15,54,0,608,4
Pct 1114,VBM,1114,1,971,444,45.73,43,109,120,233,154,191,149,51,99,5,622,0
Pct 1115,Election Day,1115,1,910,233,25.60,14,43,48,103,66,89,91,15,45,1,417,0
Pct 1115,VBM,1115,1,910,513,56.37,57,125,129,195,162,179,171,30,111,0,889,4
Pct 1116,Election Day,1116,1,913,245,26.83,16,63,51,100,65,86,86,19,59,3,432,0
Pct 1116,VBM,1116,1,913,391,42.83,38,107,100,168,139,163,129,20,93,2,605,0
Pct 1117,Election Day,1117,1,886,273,30.81,23,59,37,113,60,76,98,13,52,6,551,4
Pct 1117,VBM,1117,1,886,371,41.87,51,80,94,166,142,119,140,26,96,2,560,8
Pct 1118,Election Day,1118,1,1031,261,25.32,17,62,58,123,72,102,104,22,53,0,431,0
Pct 1118,VBM,1118,1,1031,515,49.95,47,142,132,221,184,228,194,35,116,0,753,8
Pct 1119,Election Day,1119,1,783,176,22.48,8,33,18,77,41,53,53,7,24,0,390,0
Pct 1119,VBM,1119,1,783,411,52.49,41,98,112,181,142,181,160,47,97,5,568,12
Pct 1121,Election Day,1121,1,691,192,27.79,16,57,42,92,43,62,70,14,36,3,329,4
Pct 1121,VBM,1121,1,691,333,48.19,31,79,76,142,88,138,107,20,65,0,586,0
Pct 1122,Election Day,1122,1,658,166,25.23,17,40,41,60,55,49,53,16,35,0,294,4
Pct 1122,VBM,1122,1,658,316,48.02,40,72,86,127,114,119,91,17,78,0,520,0
Pct 1123,Election Day,1123,1,954,259,27.15,15,61,36,114,65,82,96,19,55,0,481,12
Pct 1123,VBM,1123,1,954,387,40.57,48,82,108,168,159,170,152,24,110,1,522,4
Pct 1124,Election Day,1124,1,831,210,25.27,15,55,26,106,55,75,91,14,28,0,367,8
Pct 1124,VBM,1124,1,831,346,41.64,33,86,101,144,121,122,106,22,92,5,548,4
Pct 1125,Election Day,1125,1,1029,234,22.74,9,60,35,93,52,67,66,18,31,0,501,4
Pct 1125,VBM,1125,1,1029,511,49.66,57,128,123,225,151,184,158,46,126,0,838,8
Pct 1126,Election Day,1126,1,954,254,26.62,20,63,33,133,56,86,78,26,59,0,458,4
Pct 1126,VBM,1126,1,954,447,46.86,45,127,135,214,169,184,133,28,107,1,633,12
Pct 1127,Election Day,1127,1,911,273,29.97,22,63,50,119,91,102,88,27,69,3,458,0
Pct 1127,VBM,1127,1,911,412,45.23,55,134,126,171,132,177,109,35,114,0,583,12
Pct 1128,Election Day,1128,1,907,237,26.13,21,72,45,112,52,71,62,21,46,0,442,4
Pct 1128,VBM,1128,1,907,449,49.50,64,151,122,174,135,154,118,31,117,4,722,4
Pct 1129,Election Day,1129,1,951,280,29.44,19,75,38,135,64,73,88,27,57,1,539,4
Pct 1129,VBM,1129,1,951,423,44.48,39,111,129,203,155,176,135,39,87,4,602,12
Pct 1131,Election Day,1131,1,853,192,22.51,19,52,32,77,35,50,54,13,30,0,406,0
Pct 1131,VBM,1131,1,853,382,44.78,36,98,118,176,149,161,116,29,97,0,540,8
Pct 1132,Election Day,1132,1,982,226,23.01,20,58,43,109,67,67,75,16,46,0,403,0
Pct 1132,VBM,1132,1,982,495,50.41,49,115,155,214,181,212,150,30,114,0,752,8
Pct 1133,Election Day,1133,1,870,223,25.63,17,55,32,87,42,60,54,12,49,0,480,4
Pct 1133,VBM,1133,1,870,438,50.34,53,112,109,191,141,200,159,44,113,2,624,4
Pct 1134,Election Day,1134,1,793,216,27.24,17,55,39,103,66,67,72,10,32,1,398,4
Pct 1134,VBM,1134,1,793,377,47.54,43,100,82,159,114,122,116,22,89,5,652,4
Pct 1135,Election Day,1135,1,521,122,23.42,7,22,29,61,41,43,40,12,24,0,209,0
Pct 1135,VBM,1135,1,521,299,57.39,33,83,96,127,105,123,95,22,65,8,427,12
Pct 1136,Election Day,1136,1,857,206,24.04,20,45,37,93,56,58,58,18,30,5,404,0
Pct 1136,VBM,1136,1,857,463,54.03,45,103,112,189,154,172,130,36,112,5,790,4
Pct 1141,Election Day,1141,1,1047,259,24.74,23,47,44,142,65,101,113,11,52,0,438,0
Pct 1141,VBM,1141,1,1047,553,52.82,41,132,141,286,197,238,236,26,109,1,805,0
Pct 1142,Election Day,1142,1,858,232,27.04,20,37,35,114,54,77,66,11,38,1,471,4
Pct 1142,VBM,1142,1,858,435,50.70,48,86,99,193,138,184,161,42,85,5,695,4
Pct 1143,Election Day,1143,1,1056,302,28.60,24,69,53,169,94,114,115,23,50,0,497,0
Pct 1143,VBM,1143,1,1056,499,47.25,49,123,113,245,146,195,188,36,125,2,766,8
Pct 1144,Election Day,1144,1,928,266,28.66,26,69,38,130,69,98,96,24,49,0,465,0
Pct 1144,VBM,1144,1,928,447,48.17,44,87,120,220,159,202,172,25,86,5,656,12
Pct 1145,Election Day,1145,1,931,237,25.46,25,47,37,118,51,94,92,17,51,0,416,0
Pct 1145,VBM,1145,1,931,516,55.42,62,93,140,249,173,234,217,35,109,4,740,8
Pct 1146,Election Day,1146,1,1036,241,23.26,26,44,41,127,56,93,101,19,46,2,409,0
Pct 1146,VBM,1146,1,1036,550,53.09,64,131,126,257,170,228,184,27,115,6,880,12
Pct 1147,Election Day,1147,1,927,270,29.13,23,41,38,136,67,101,103,12,47,0,508,4
Pct 1147,VBM,1147,1,927,464,50.05,59,103,105,244,171,202,190,33,117,1,623,8
Pct 1148,Election Day,1148,1,992,264,26.61,22,44,43,116,64,90,71,19,44,1,530,12
Pct 1148,VBM,1148,1,992,463,46.67,41,92,112,217,150,178,136,37,101,2,770,16
Pct 1149,Election Day,1149,1,950,291,30.63,27,67,43,151,66,89,91,27,52,3,548,0
Pct 1149,VBM,1149,1,950,456,48.00,40,116,107,228,154,215,171,36,100,2,655,0
Pct 1151 MB,Election Day,1151,1,0,0,0.00,0,0,0,0,0,0,0,0,0,0,0,0
Pct 1151 MB,VBM,1151,1,0,0,0.00,0,0,0,0,0,0,0,0,0,0,0,0
Pct 1152,Election Day,1152,1,898,236,26.28,20,42,42,119,73,86,83,20,43,0,416,0
Pct 1152,VBM,1152,1,898,435,48.44,38,127,138,193,148,172,157,30,110,0,623,4
Pct 1153,Election Day,1153,1,961,281,29.24,21,57,43,131,82,96,90,17,49,4,530,4
Pct 1153,VBM,1153,1,961,468,48.70,53,111,115,201,130,199,172,29,100,3,751,8
Pct 1154 MB,Election Day,1154,1,0,0,0.00,0,0,0,0,0,0,0,0,0,0,0,0
Pct 1154 MB,VBM,1154,1,0,0,0.00,0,0,0,0,0,0,0,0,0,0,0,0
Pct 7001,Election Day,7001,1,742,204,27.49,22,23,39,89,66,82,82,9,32,0,372,0
Pct 7001,VBM,7001,1,742,355,47.84,41,61,69,144,127,174,134,19,58,1,592,0
Pct 7002,Election Day,7002,1,1225,322,26.29,29,59,53,131,92,137,117,14,40,0,612,4
Pct 7002,VBM,7002,1,1225,675,55.10,103,109,159,234,178,265,220,22,123,2,1281,4
Pct 7003,Election Day,7003,1,927,280,30.20,36,32,51,124,87,144,134,14,54,2,442,0
Pct 7003,VBM,7003,1,927,554,59.76,75,64,136,218,210,293,242,28,110,7,833,0
Pct 7004,Election Day,7004,1,896,253,28.24,31,30,50,93,67,100,92,11,29,0,509,0
Pct 7004,VBM,7004,1,896,555,61.94,81,59,128,189,196,267,227,26,102,0,937,8
Pct 7005,Election Day,7005,1,853,302,35.40,31,40,61,119,109,153,122,9,60,1,503,0
Pct 7005,VBM,7005,1,853,453,53.11,50,33,109,187,178,233,195,20,87,0,720,0
Pct 7006,Election Day,7006,1,966,290,30.02,21,33,30,150,69,141,131,13,35,4,533,0
Pct 7006,VBM,7006,1,966,509,52.69,48,78,122,234,167,279,270,29,75,0,726,8
Pct 7007,Election Day,7007,1,987,302,30.60,43,43,60,110,114,131,132,14,71,0,490,0
Pct 7007,VBM,7007,1,987,568,57.55,89,61,159,216,210,276,228,23,137,0,873,0
Pct 7008,Election Day,7008,1,882,293,33.22,42,40,60,120,113,149,116,12,53,0,467,0
Pct 7008,VBM,7008,1,882,527,59.75,93,78,130,193,217,266,203,24,118,1,785,0
Pct 7009,Election Day,7009,1,931,249,26.75,36,53,51,92,77,106,98,18,50,0,415,0
Pct 7009,VBM,7009,1,931,501,53.81,41,65,128,216,198,256,238,15,90,2,751,4
Pct 7011,Election Day,7011,1,1063,255,23.99,22,41,39,111,62,89,87,12,44,0,513,0
Pct 7011,VBM,7011,1,1063,366,34.43,43,51,56,146,109,148,144,19,78,0,666,4
Pct 7012,Election Day,7012,1,1034,361,34.91,38,45,58,143,112,162,142,18,75,0,651,0
Pct 7012,VBM,7012,1,1034,564,54.55,83,75,130,218,217,242,217,31,116,2,917,8
Pct 7013,Election Day,7013,1,733,209,28.51,32,26,40,66,50,87,82,10,30,0,413,0
Pct 7013,VBM,7013,1,733,431,58.80,66,51,113,138,148,211,161,21,68,0,747,0
Pct 7014,Election Day,7014,1,1073,311,28.98,41,59,67,107,98,140,123,16,61,1,527,4
Pct 7014,VBM,7014,1,1073,617,57.50,93,75,148,209,219,302,253,24,114,1,1022,8
Pct 7015 MB,Election Day,7015,1,113,3,2.65,0,0,0,0,0,0,0,0,0,1,11,0
Pct 7015 MB,VBM,7015,1,113,78,69.03,3,11,12,46,21,37,42,7,21,0,112,0
Pct 7016,Election Day,7016,1,977,239,24.46,23,44,28,101,42,70,82,13,43,1,505,4
Pct 7016,VBM,7016,1,977,354,36.23,35,69,83,157,117,158,137,21,76,4,559,0
Pct 7017,Election Day,7017,1,786,200,25.45,16,32,22,65,47,60,80,10,36,2,426,4
Pct 7017,VBM,7017,1,786,269,34.22,33,45,54,115,99,106,114,16,62,7,425,0
Pct 7018,Election Day,7018,1,992,195,19.66,12,36,39,86,49,68,64,11,48,0,367,0
Pct 7018,VBM,7018,1,992,477,48.08,52,107,132,198,164,182,176,30,100,2,757,8
Pct 7019,Election Day,7019,1,945,228,24.13,23,29,36,96,45,91,99,14,42,0,433,4
Pct 7019,VBM,7019,1,945,468,49.52,66,103,152,195,178,201,168,24,96,2,675,12
Pct 7021,Election Day,7021,1,993,266,26.79,18,48,27,128,58,89,111,16,59,1,497,12
Pct 7021,VBM,7021,1,993,365,36.76,47,72,94,156,134,162,143,22,80,1,545,4
Pct 7022,Election Day,7022,1,1032,271,26.26,20,27,50,113,82,113,130,11,61,1,476,0
Pct 7022,VBM,7022,1,1032,396,38.37,46,69,107,190,140,167,170,30,98,4,539,24
Pct 7023,Election Day,7023,1,938,255,27.19,16,36,44,100,65,82,97,16,48,0,512,4
Pct 7023,VBM,7023,1,938,416,44.35,29,81,100,200,175,187,186,18,108,2,574,4
Pct 7024,Election Day,7024,1,309,75,24.27,3,24,10,37,17,12,20,2,15,0,160,0
Pct 7024,VBM,7024,1,309,44,14.24,6,11,11,17,12,11,11,6,11,0,76,4
Pct 7025,Election Day,7025,1,505,129,25.54,11,24,14,40,31,38,42,8,29,0,279,0
Pct 7025,VBM,7025,1,505,137,27.13,18,24,23,63,43,49,56,15,32,0,221,4
Pct 7026,Election Day,7026,1,1022,202,19.77,18,38,49,89,72,74,75,1,42,1,349,0
Pct 7026,VBM,7026,1,1022,498,48.73,62,123,175,181,175,156,133,28,98,5,836,20
Pct 7027,Election Day,7027,1,879,244,27.76,21,42,47,104,71,86,98,9,49,1,448,0
Pct 7027,VBM,7027,1,879,333,37.88,46,81,82,143,126,119,123,26,82,0,500,4
Pct 7028,Election Day,7028,1,900,267,29.67,23,50,43,109,71,103,124,16,56,1,472,0
Pct 7028,VBM,7028,1,900,277,30.78,21,41,68,133,88,123,118,14,72,0,430,0
Pct 7029,Election Day,7029,1,924,252,27.27,17,45,20,89,58,77,94,14,48,0,546,0
Pct 7029,VBM,7029,1,924,273,29.55,26,44,48,98,83,104,110,8,60,2,497,12
Pct 7030,Election Day,7030,1,787,162,20.58,20,45,23,64,48,48,48,9,32,1,310,0
Pct 7030,VBM,7030,1,787,396,50.32,64,113,111,135,123,128,104,29,115,1,657,4
Pct 7031,Election Day,7031,1,511,97,18.98,5,19,14,41,27,31,31,4,13,0,199,4
Pct 7031,VBM,7031,1,511,295,57.73,39,66,89,97,96,109,106,15,72,2,489,0
Pct 7032,Election Day,7032,1,938,227,24.20,18,34,46,94,65,66,83,16,45,2,427,12
Pct 7032,VBM,7032,1,938,362,38.59,43,69,100,183,121,144,149,32,101,5,481,20
Pct 7033,Election Day,7033,1,814,247,30.34,17,33,24,92,67,73,80,8,47,0,539,8
Pct 7033,VBM,7033,1,814,299,36.73,28,64,66,139,102,99,127,17,73,2,471,8
Pct 7034,Election Day,7034,1,954,264,27.67,16,47,32,83,51,61,102,6,53,0,605,0
Pct 7034,VBM,7034,1,954,251,26.31,19,37,35,124,80,97,116,18,62,0,416,0
Pct 7035,Election Day,7035,1,476,141,29.62,12,24,28,48,35,51,48,4,30,1,283,0
Pct 7035,VBM,7035,1,476,200,42.02,19,29,50,70,67,80,79,6,53,1,346,0
Pct 7036,Election Day,7036,1,967,175,18.10,18,44,33,88,40,57,52,13,38,0,313,4
Pct 7036,VBM,7036,1,967,421,43.54,72,146,119,207,145,171,142,40,130,0,500,12
Pct 7037,Election Day,7037,1,840,221,26.31,16,34,25,88,54,57,63,7,40,0,500,0
Pct 7037,VBM,7037,1,840,158,18.81,19,40,30,70,40,45,50,10,27,0,301,0
Pct 7038,Election Day,7038,1,960,209,21.77,18,38,33,86,44,57,73,7,39,0,433,8
Pct 7038,VBM,7038,1,960,386,40.21,51,75,120,151,134,133,119,23,86,4,628,20
Pct 7039,Election Day,7039,1,831,246,29.60,26,45,38,123,61,83,84,22,51,1,450,0
Pct 7039,VBM,7039,1,831,379,45.61,56,97,98,155,131,153,146,34,80,17,545,4
Pct 7041 MB,Election Day,7041,1,62,6,9.68,0,1,0,0,1,2,0,0,1,0,19,0
Pct 7041 MB,VBM,7041,1,62,36,58.06,3,11,5,11,12,16,12,2,6,0,66,0
Pct 7042,Election Day,7042,1,697,145,20.80,11,32,21,63,28,55,59,10,45,1,251,4
Pct 7042,VBM,7042,1,697,369,52.94,39,86,93,156,114,155,133,15,108,0,573,4
Pct 7043,Election Day,7043,1,990,208,21.01,19,31,23,88,43,62,72,15,49,0,430,0
Pct 7043,VBM,7043,1,990,432,43.64,50,84,93,195,161,176,168,23,100,0,666,12
Pct 7044,Election Day,7044,1,867,234,26.99,14,42,14,92,53,70,86,6,43,0,508,8
Pct 7044,VBM,7044,1,867,181,20.88,28,43,34,66,46,58,72,6,42,0,329,0
Pct 7045,Election Day,7045,1,803,205,25.53,19,44,33,89,46,55,62,22,40,0,406,4
Pct 7045,VBM,7045,1,803,326,40.60,40,63,97,144,103,132,108,21,69,0,519,8
Pct 7046,Election Day,7046,1,435,110,25.29,10,18,17,52,23,40,33,4,20,0,219,4
Pct 7046,VBM,7046,1,435,209,48.05,22,44,60,98,79,75,74,12,53,1,318,0
Pct 7047,Election Day,7047,1,858,178,20.75,15,47,30,78,49,54,59,7,28,0,345,0
Pct 7047,VBM,7047,1,858,424,49.42,57,90,123,173,152,169,139,33,104,3,641,12
Pct 7048,Election Day,7048,1,877,196,22.35,15,40,43,82,50,65,69,13,43,1,363,0
Pct 7048,VBM,7048,1,877,322,36.72,44,90,87,144,105,121,106,20,77,1,473,20
Pct 7049,Election Day,7049,1,829,219,26.42,27,51,47,78,59,55,47,21,48,1,438,4
Pct 7049,VBM,7049,1,829,315,38.00,60,102,94,133,96,113,74,24,84,0,472,8
Pct 7051,Election Day,7051,1,909,160,17.60,15,40,22,73,34,46,52,13,28,0,313,4
Pct 7051,VBM,7051,1,909,452,49.72,76,125,142,169,151,155,121,27,124,1,705,12
Pct 7052,Election Day,7052,1,894,214,23.94,27,44,49,86,57,70,72,11,43,0,397,0
Pct 7052,VBM,7052,1,894,461,51.57,74,104,125,183,122,164,164,31,130,1,746,0
Pct 7053,Election Day,7053,1,552,105,19.02,23,33,14,35,25,28,25,9,24,0,204,0
Pct 7053,VBM,7053,1,552,357,64.67,57,93,105,115,113,118,100,24,87,0,604,12
Pct 7054,Election Day,7054,1,1068,318,29.78,28,50,43,149,71,105,138,19,59,0,606,4
Pct 7054,VBM,7054,1,1068,365,34.18,19,59,73,154,110,142,162,19,93,2,623,4
Pct 7101 MB,Election Day,7101,1,150,3,2.00,0,0,0,0,0,0,0,0,0,0,12,0
Pct 7101 MB,VBM,7101,1,150,123,82.00,13,19,28,44,36,65,48,5,21,0,209,4
Pct 7201,Election Day,7201,1,983,268,27.26,35,32,66,75,83,115,87,17,44,1,517,0
Pct 7201,VBM,7201,1,983,600,61.04,81,74,150,151,193,227,186,39,155,0,1144,0
Pct 7202,Election Day,7202,1,885,278,31.41,35,42,66,81,97,103,94,19,67,0,504,4
Pct 7202,VBM,7202,1,885,474,53.56,69,58,125,131,160,181,141,29,107,0,895,0
Pct 7203,Election Day,7203,1,950,341,35.89,29,45,68,96,92,123,93,14,54,1,749,0
Pct 7203,VBM,7203,1,950,499,52.53,59,53,115,132,146,187,156,23,126,0,995,4
Pct 7204,Election Day,7204,1,933,276,29.58,31,32,76,75,93,107,77,16,60,0,537,0
Pct 7204,VBM,7204,1,933,557,59.70,71,67,163,150,183,236,193,41,129,3,992,0
Pct 7205,Election Day,7205,1,903,292,32.34,35,33,77,77,88,117,92,17,61,2,569,0
Pct 7205,VBM,7205,1,903,523,57.92,78,61,153,156,198,222,188,30,125,2,879,0
Pct 7206,Election Day,7206,1,390,137,35.13,18,24,31,50,39,51,48,12,23,0,248,4
Pct 7206,VBM,7206,1,390,203,52.05,30,31,66,68,66,85,67,9,39,0,351,0
Pct 7207,Election Day,7207,1,712,184,25.84,16,23,33,58,50,63,46,6,34,0,407,0
Pct 7207,VBM,7207,1,712,411,57.72,71,69,92,119,121,157,114,23,82,0,788,8
Pct 7208,Election Day,7208,1,635,155,24.41,14,20,39,53,59,62,59,10,32,2,270,0
Pct 7208,VBM,7208,1,635,384,60.47,56,73,90,125,121,144,105,36,90,2,694,0
Pct 7209,Election Day,7209,1,563,84,14.92,5,15,19,26,28,30,28,10,16,0,159,0
Pct 7209,VBM,7209,1,563,407,72.29,43,47,126,101,161,184,151,14,78,0,707,16
Pct 7301,Election Day,7301,1,1080,258,23.89,33,40,53,99,66,87,88,19,63,2,482,0
Pct 7301,VBM,7301,1,1080,555,51.39,59,77,148,182,151,167,164,30,128,0,1106,8
Pct 7302,Election Day,7302,1,862,224,25.99,22,24,57,71,54,78,62,15,39,0,474,0
Pct 7302,VBM,7302,1,862,508,58.93,72,69,158,173,165,202,166,30,124,0,857,16
Pct 7303,Election Day,7303,1,1032,313,30.33,32,39,65,104,78,111,93,11,60,4,655,0
Pct 7303,VBM,7303,1,1032,538,52.13,53,68,130,184,172,221,189,33,104,2,992,4
Pct 7304,Election Day,7304,1,993,327,32.93,37,33,67,113,97,128,111,14,61,5,642,0
Pct 7304,VBM,7304,1,993,501,50.45,60,76,135,160,151,196,169,30,95,5,927,0
Pct 7305,Election Day,7305,1,906,272,30.02,32,31,55,99,57,109,83,17,65,1,539,0
Pct 7305,VBM,7305,1,906,500,55.19,51,36,127,154,161,196,167,20,98,7,983,0
Pct 7306,Election Day,7306,1,1076,351,32.62,34,50,64,127,85,117,102,20,63,1,741,0
Pct 7306,VBM,7306,1,1076,531,49.35,62,61,123,157,162,200,155,39,106,1,1054,4
Pct 7307,Election Day,7307,1,826,267,32.32,25,37,57,97,79,102,89,14,51,1,512,4
Pct 7307,VBM,7307,1,826,407,49.27,52,58,105,122,124,154,134,25,90,2,758,4
Pct 7308,Election Day,7308,1,641,209,32.61,14,24,44,89,57,84,80,9,42,0,393,0
Pct 7308,VBM,7308,1,641,339,52.89,33,39,91,114,113,162,128,23,63,0,590,0
Pct 7309,Election Day,7309,1,897,295,32.89,30,36,58,90,81,105,80,24,60,1,611,4
Pct 7309,VBM,7309,1,897,469,52.29,51,44,118,136,141,197,162,29,97,0,901,0
Pct 7311,Election Day,7311,1,986,333,33.77,47,32,64,99,80,130,98,14,55,0,713,0
Pct 7311,VBM,7311,1,986,520,52.74,54,60,124,173,165,223,170,26,90,2,993,0
Pct 7312,Election Day,7312,1,874,229,26.20,16,29,70,64,69,82,64,15,50,0,457,0
Pct 7312,VBM,7312,1,874,539,61.67,54,64,157,164,190,231,167,21,100,0,1008,0
Pct 7313,Election Day,7313,1,1001,261,26.07,23,32,55,86,63,106,82,14,53,3,527,0
Pct 7313,VBM,7313,1,1001,537,53.65,55,89,146,180,158,202,171,34,111,0,998,4
Pct 7314,Election Day,7314,1,833,164,19.69,11,28,31,50,33,50,45,14,29,0,361,4
Pct 7314,VBM,7314,1,833,347,41.66,19,58,96,127,82,110,97,11,49,4,735,0
Pct 7315,Election Day,7315,1,783,226,28.86,22,32,46,80,66,79,71,12,38,0,458,0
Pct 7315,VBM,7315,1,783,371,47.38,32,51,92,118,108,151,126,22,74,2,704,4
Pct 7316,Election Day,7316,1,893,220,24.64,22,30,33,86,33,75,67,18,37,0,467,12
Pct 7316,VBM,7316,1,893,441,49.38,46,83,116,137,113,159,133,26,95,1,855,0
Pct 7317,Election Day,7317,1,938,225,23.99,27,36,51,77,57,81,77,14,51,0,429,0
Pct 7317,VBM,7317,1,938,518,55.22,73,75,143,180,168,206,168,36,117,0,890,16
Pct 7318,Election Day,7318,1,788,252,31.98,25,30,45,69,57,72,64,14,31,0,601,0
Pct 7318,VBM,7318,1,788,437,55.46,46,77,128,154,138,170,124,23,93,0,787,8
Pct 7319,Election Day,7319,1,1123,330,29.39,45,48,63,120,74,105,84,17,57,6,701,0
Pct 7319,VBM,7319,1,1123,578,51.47,59,58,141,143,162,215,174,22,104,2,1228,4
Pct 7321,Election Day,7321,1,683,179,26.21,13,40,45,51,37,45,40,11,36,4,394,0
Pct 7321,VBM,7321,1,683,314,45.97,35,60,92,113,121,122,94,21,64,1,529,4
Pct 7322,Election Day,7322,1,937,122,13.02,6,24,25,32,23,24,22,4,20,0,308,0
Pct 7322,VBM,7322,1,937,404,43.12,21,63,172,142,145,142,56,13,78,4,780,0
Pct 7323,Election Day,7323,1,888,277,31.19,31,42,51,83,67,97,81,17,48,0,591,0
Pct 7323,VBM,7323,1,888,450,50.68,47,65,114,152,134,183,134,27,85,0,859,0
Pct 7324,Election Day,7324,1,756,216,28.57,18,43,45,61,57,71,60,9,30,0,470,0
Pct 7324,VBM,7324,1,756,385,50.93,31,56,107,123,109,151,119,9,78,2,755,0
Pct 7325,Election Day,7325,1,973,282,28.98,26,41,58,86,68,103,86,10,42,0,608,0
Pct 7325,VBM,7325,1,973,510,52.42,55,65,106,159,150,185,157,22,95,4,1042,0
Pct 7326,Election Day,7326,1,922,266,28.85,26,37,56,87,66,94,86,19,52,0,541,0
Pct 7326,VBM,7326,1,922,483,52.39,47,60,143,160,149,185,145,24,94,1,912,12
Pct 7327,Election Day,7327,1,762,95,12.47,6,18,25,33,27,28,28,4,19,0,192,0
Pct 7327,VBM,7327,1,762,339,44.49,21,54,131,120,108,105,66,12,61,2,676,0
Pct 7328,Election Day,7328,1,1024,115,11.23,11,20,30,39,29,32,25,4,16,0,254,0
Pct 7328,VBM,7328,1,1024,502,49.02,38,75,178,166,158,189,128,34,93,4,945,0
Pct 7329,Election Day,7329,1,607,120,19.77,15,15,25,29,32,35,32,11,20,0,266,0
Pct 7329,VBM,7329,1,607,334,55.02,54,54,99,107,121,136,102,30,70,0,555,8
Pct 7331,Election Day,7331,1,933,260,27.87,30,37,62,62,64,97,73,27,65,0,519,4
Pct 7331,VBM,7331,1,933,533,57.13,64,55,175,134,196,226,172,25,114,0,971,0
Pct 7332,Election Day,7332,1,889,274,30.82,24,38,33,97,39,103,83,15,42,0,614,8
Pct 7332,VBM,7332,1,889,444,49.94,38,67,110,177,126,175,151,28,78,8,818,0
Pct 7333,Election Day,7333,1,1101,324,29.43,22,41,81,103,75,121,102,23,49,3,672,4
Pct 7333,VBM,7333,1,1101,564,51.23,52,69,157,177,174,226,164,26,97,0,1110,4
Pct 7334,Election Day,7334,1,963,248,25.75,21,29,47,91,62,95,91,15,40,4,493,4
Pct 7334,VBM,7334,1,963,526,54.62,46,70,133,169,148,200,174,27,97,1,1031,8
Pct 7335,Election Day,7335,1,1002,306,30.54,37,38,65,104,85,112,100,12,41,1,629,0
Pct 7335,VBM,7335,1,1002,588,58.68,61,77,145,202,196,235,179,32,95,1,1129,0
Pct 7336,Election Day,7336,1,1017,275,27.04,28,29,52,82,58,90,80,15,42,0,624,0
Pct 7336,VBM,7336,1,1017,608,59.78,60,75,159,178,203,240,219,41,109,1,1131,16
Pct 7337,Election Day,7337,1,944,223,23.62,23,30,59,71,63,95,68,16,39,1,427,0
Pct 7337,VBM,7337,1,944,532,56.36,56,65,172,150,181,223,156,21,116,0,984,4
Pct 7338,Election Day,7338,1,1005,195,19.40,15,34,46,64,52,58,50,18,39,1,403,0
Pct 7338,VBM,7338,1,1005,500,49.75,43,70,170,168,152,187,108,19,95,1,979,8
Pct 7339,Election Day,7339,1,660,179,27.12,20,21,31,77,42,75,58,20,46,1,325,0
Pct 7339,VBM,7339,1,660,316,47.88,23,38,85,123,95,127,101,19,45,1,603,4
Pct 7341,Election Day,7341,1,974,289,29.67,26,32,47,104,61,87,76,22,46,0,651,4
Pct 7341,VBM,7341,1,974,476,48.87,50,65,110,168,142,199,149,23,83,1,914,0
Pct 7342,Election Day,7342,1,1034,380,36.75,36,56,71,157,112,146,129,22,70,0,721,0
Pct 7342,VBM,7342,1,1034,411,39.75,39,63,96,156,120,168,144,26,84,1,735,12
Pct 7343,Election Day,7343,1,746,267,35.79,20,34,52,110,51,102,100,12,27,1,559,0
Pct 7343,VBM,7343,1,746,351,47.05,32,52,82,140,108,160,140,18,51,1,620,0
Pct 7344,Election Day,7344,1,1143,352,30.80,34,69,55,135,87,118,116,16,54,1,719,4
Pct 7344,VBM,7344,1,1143,564,49.34,60,88,128,218,174,240,201,41,106,3,985,12
Pct 7345,Election Day,7345,1,1186,365,30.78,25,49,79,124,91,147,130,10,61,0,744,0
Pct 7345,VBM,7345,1,1186,526,44.35,57,72,136,196,164,229,174,26,104,1,945,0
Pct 7346,Election Day,7346,1,991,328,33.10,22,39,56,164,75,159,137,22,43,0,595,0
Pct 7346,VBM,7346,1,991,434,43.79,26,61,105,164,133,185,159,32,57,2,812,0
Pct 7347,Election Day,7347,1,1085,335,30.88,21,45,50,139,78,123,123,17,52,2,690,0
Pct 7347,VBM,7347,1,1085,506,46.64,55,59,111,203,137,228,215,19,81,0,908,8
Pct 7348,Election Day,7348,1,957,231,24.14,16,40,36,74,53,68,79,15,42,0,501,0
Pct 7348,VBM,7348,1,957,416,43.47,41,62,111,141,129,168,145,28,76,0,751,12
Pct 7349,Election Day,7349,1,1006,277,27.53,24,46,58,108,74,96,94,23,51,0,534,0
Pct 7349,VBM,7349,1,1006,494,49.11,39,66,141,188,192,222,176,25,96,1,822,8
Pct 7501,Election Day,7501,1,574,201,35.02,22,22,48,49,66,81,62,10,44,0,400,0
Pct 7501,VBM,7501,1,574,321,55.92,42,41,64,91,121,142,100,18,80,0,585,0
Pct 7502,Election Day,7502,1,808,240,29.70,21,29,41,67,65,84,85,15,48,0,501,4
Pct 7502,VBM,7502,1,808,454,56.19,63,56,108,141,165,214,159,25,107,1,777,0
Pct 7503,Election Day,7503,1,808,252,31.19,21,39,36,99,86,100,79,10,51,0,483,4
Pct 7503,VBM,7503,1,808,436,53.96,58,53,103,145,167,195,150,33,79,1,760,0
Pct 7504,Election Day,7504,1,503,158,31.41,11,22,18,39,29,51,47,7,18,1,389,0
Pct 7504,VBM,7504,1,503,262,52.09,13,38,40,81,91,114,92,5,34,9,515,16
Pct 7505,Election Day,7505,1,915,181,19.78,14,26,46,46,62,76,66,10,31,0,347,0
Pct 7505,VBM,7505,1,915,581,63.50,52,74,169,185,253,270,202,37,117,2,943,20
Pct 7506,Election Day,7506,1,1018,261,25.64,16,32,40,96,71,108,111,17,37,0,516,0
Pct 7506,VBM,7506,1,1018,537,52.75,54,69,86,176,191,228,188,43,87,0,1022,4
Pct 7507,Election Day,7507,1,992,244,24.60,17,33,37,104,83,89,109,21,42,2,435,4
Pct 7507,VBM,7507,1,992,387,39.01,23,52,91,156,165,190,190,32,80,0,557,12
Pct 7508,Election Day,7508,1,735,150,20.41,14,24,32,65,52,64,53,5,25,0,266,0
Pct 7508,VBM,7508,1,735,456,62.04,48,80,108,148,165,200,153,22,88,1,807,4
Pct 7509/7511,Election Day,7509,1,1006,260,25.84,26,29,60,84,75,105,97,17,50,0,497,0
Pct 7509/7511,VBM,7509,1,1006,565,56.16,52,89,121,208,206,260,209,43,119,2,951,0
Pct 7512,Election Day,7512,1,638,168,26.33,17,28,25,57,54,67,58,12,25,1,320,8
Pct 7512,VBM,7512,1,638,325,50.94,39,37,60,129,125,147,139,35,64,0,521,4
Pct 7513,Election Day,7513,1,836,257,30.74,20,32,34,92,62,93,95,21,30,0,541,8
Pct 7513,VBM,7513,1,836,344,41.15,32,48,67,125,128,141,139,29,74,0,581,12
Pct 7514,Election Day,7514,1,886,186,20.99,6,24,18,60,49,61,74,8,42,0,402,0
Pct 7514,VBM,7514,1,886,358,40.41,24,62,75,127,141,155,152,23,70,1,602,0
Pct 7515,Election Day,7515,1,898,262,29.18,14,37,51,92,83,112,91,11,39,0,514,4
Pct 7515,VBM,7515,1,898,448,49.89,27,76,100,154,166,198,180,22,94,2,773,0
Pct 7516,Election Day,7516,1,907,201,22.16,25,26,50,68,70,82,71,11,36,0,361,4
Pct 7516,VBM,7516,1,907,558,61.52,67,79,139,203,211,252,196,39,108,5,933,0
Pct 7517,Election Day,7517,1,956,354,37.03,29,36,53,153,106,172,156,26,66,0,619,0
Pct 7517,VBM,7517,1,956,472,49.37,46,49,109,190,181,239,215,14,85,0,752,8
Pct 7518,Election Day,7518,1,993,356,35.85,31,36,45,165,82,176,153,17,51,1,667,0
Pct 7518,VBM,7518,1,993,502,50.55,51,63,106,210,176,264,239,25,78,1,787,8
Pct 7519,Election Day,7519,1,802,283,35.29,21,41,38,116,76,137,127,17,43,0,516,0
Pct 7519,VBM,7519,1,802,393,49.00,33,38,81,162,130,205,173,13,65,6,662,4
Pct 7521,Election Day,7521,1,854,321,37.59,19,35,54,140,103,160,151,13,54,0,555,0
Pct 7521,VBM,7521,1,854,405,47.42,31,43,72,169,123,196,173,18,69,2,724,0
Pct 7522,Election Day,7522,1,848,307,36.20,20,35,65,134,98,156,149,12,46,0,513,0
Pct 7522,VBM,7522,1,848,435,51.30,38,45,83,170,134,232,212,16,64,0,746,0
Pct 7523,Election Day,7523,1,821,288,35.08,21,20,43,159,66,172,168,13,37,0,453,0
Pct 7523,VBM,7523,1,821,401,48.84,43,35,64,157,111,195,170,23,48,0,758,0
Pct 7524,Election Day,7524,1,728,228,31.32,20,30,31,88,63,97,102,14,41,2,424,0
Pct 7524,VBM,7524,1,728,304,41.76,31,30,59,115,112,152,144,13,50,0,506,4
Pct 7525,Election Day,7525,1,870,236,27.13,15,27,36,93,71,97,107,8,33,0,457,0
Pct 7525,VBM,7525,1,870,400,45.98,28,39,77,147,126,172,170,11,69,1,744,16
Pct 7526,Election Day,7526,1,999,280,28.03,21,31,46,118,74,138,117,15,44,0,516,0
Pct 7526,VBM,7526,1,999,578,57.86,67,50,131,212,202,293,252,30,113,2,960,0
Pct 7527/7528,Election Day,7527,1,773,258,33.38,22,28,32,102,79,97,108,18,37,1,508,0
Pct 7527/7528,VBM,7527,1,773,366,47.35,34,43,83,139,128,161,142,14,67,0,649,4
Pct 7529,Election Day,7529,1,992,318,32.06,24,37,42,143,77,152,156,13,39,0,589,0
Pct 7529,VBM,7529,1,992,542,54.64,45,72,96,233,169,277,262,16,82,0,912,4
Pct 7531,Election Day,7531,1,954,301,31.55,24,40,41,129,73,152,160,9,40,4,532,0
Pct 7531,VBM,7531,1,954,504,52.83,54,53,116,180,167,238,221,19,82,3,883,0
Pct 7532,Election Day,7532,1,886,280,31.60,34,30,37,106,66,120,121,17,48,0,537,4
Pct 7532,VBM,7532,1,886,461,52.03,59,54,95,154,165,207,181,21,97,0,811,0
Pct 7533,Election Day,7533,1,1025,428,41.76,35,46,62,198,110,205,210,20,64,5,757,0
Pct 7533,VBM,7533,1,1025,482,47.02,54,47,85,193,134,227,210,17,89,0,872,0
Pct 7534,Election Day,7534,1,967,337,34.85,16,34,53,142,90,169,165,14,44,1,620,0
Pct 7534,VBM,7534,1,967,438,45.29,38,50,86,178,143,224,193,31,69,0,736,4
Pct 7535,Election Day,7535,1,807,296,36.68,16,35,59,135,88,153,150,12,47,2,487,0
Pct 7535,VBM,7535,1,807,415,51.43,34,45,101,149,139,208,175,13,63,0,729,4
Pct 7536,Election Day,7536,1,895,295,32.96,30,26,38,123,87,142,135,12,46,1,540,0
Pct 7536,VBM,7536,1,895,480,53.63,41,39,99,187,166,238,217,21,60,0,848,4
Pct 7537,Election Day,7537,1,783,294,37.55,24,31,43,127,80,147,144,8,44,0,524,4
Pct 7537,VBM,7537,1,783,370,47.25,35,36,75,145,127,192,177,15,65,0,609,4
Pct 7538,Election Day,7538,1,831,291,35.02,27,34,49,146,75,155,152,9,35,0,482,0
Pct 7538,VBM,7538,1,831,445,53.55,34,41,81,165,139,217,191,22,78,3,805,4
Pct 7539,Election Day,7539,1,978,363,37.12,20,38,41,183,87,200,197,15,60,2,609,0
Pct 7539,VBM,7539,1,978,458,46.83,32,41,69,194,129,230,214,20,67,1,835,0
Pct 7541,Election Day,7541,1,865,271,31.33,20,23,42,132,68,152,133,8,41,0,465,0
Pct 7541,VBM,7541,1,865,457,52.83,34,52,87,177,141,243,200,10,59,5,812,8
Pct 7542,Election Day,7542,1,906,291,32.12,22,34,44,141,79,151,147,15,41,5,485,0
Pct 7542,VBM,7542,1,906,465,51.32,39,51,74,209,151,252,234,26,82,0,742,0
Pct 7543,Election Day,7543,1,993,267,26.89,17,33,40,109,72,123,133,10,49,1,481,0
Pct 7543,VBM,7543,1,993,539,54.28,50,58,107,219,180,266,241,21,89,1,924,0
Pct 7544,Election Day,7544,1,962,295,30.67,30,33,44,116,88,131,115,23,35,4,553,8
Pct 7544,VBM,7544,1,962,526,54.68,45,51,111,196,173,268,220,20,76,6,934,4
Pct 7545,Election Day,7545,1,970,276,28.45,21,28,46,121,84,136,133,18,24,0,493,0
Pct 7545,VBM,7545,1,970,557,57.42,56,60,117,193,193,261,227,27,87,1,1002,4
Pct 7546,Election Day,7546,1,935,365,39.04,31,32,74,148,104,176,155,15,65,0,648,12
Pct 7546,VBM,7546,1,935,452,48.34,42,56,97,199,159,243,218,30,103,0,657,4
Pct 7547,Election Day,7547,1,1057,335,31.69,27,31,49,142,91,161,156,12,52,2,613,4
Pct 7547,VBM,7547,1,1057,502,47.49,56,54,88,176,139,230,218,23,86,1,933,4
Pct 7548,Election Day,7548,1,1135,338,29.78,23,31,60,140,96,162,151,11,46,0,632,0
Pct 7548,VBM,7548,1,1135,556,48.99,60,50,139,203,216,285,250,29,87,6,887,12
Pct 7549,Election Day,7549,1,854,276,32.32,16,27,40,106,79,111,107,14,43,2,559,0
Pct 7549,VBM,7549,1,854,458,53.63,33,59,118,185,151,246,199,17,95,0,725,4
Pct 7551,Election Day,7551,1,762,252,33.07,23,24,45,108,88,129,115,16,33,0,427,0
Pct 7551,VBM,7551,1,762,417,54.72,35,42,93,165,136,207,177,29,73,1,710,0
Pct 7552,Election Day,7552,1,756,256,33.86,32,34,58,109,90,127,121,6,42,1,404,0
Pct 7552,VBM,7552,1,756,422,55.82,37,38,92,148,146,212,186,19,87,1,722,0
Pct 7553 MB,Election Day,7553,1,187,5,2.67,0,0,0,0,0,0,0,0,0,0,20,0
Pct 7553 MB,VBM,7553,1,187,163,87.17,22,20,50,54,71,81,68,9,29,1,247,0
Pct 7554,Election Day,7554,1,859,279,32.48,31,32,63,110,104,133,113,9,63,2,456,0
Pct 7554,VBM,7554,1,859,490,57.04,53,50,127,176,216,249,217,16,106,0,746,4
Pct 7555,Election Day,7555,1,893,298,33.37,29,35,72,120,115,153,121,14,59,0,474,0
Pct 7555,VBM,7555,1,893,548,61.37,60,42,134,190,212,289,239,19,90,2,911,4
Pct 7556/7557,Election Day,7556,1,1008,315,31.25,33,23,80,120,116,160,132,14,56,1,525,0
Pct 7556/7557,VBM,7556,1,1008,591,58.63,63,48,169,171,285,326,246,16,121,1,914,4
Pct 7601,Election Day,7601,1,929,223,24.00,10,28,26,94,42,97,77,13,40,3,458,4
Pct 7601,VBM,7601,1,929,365,39.29,38,65,82,143,101,173,130,23,78,1,614,12
Pct 7602,Election Day,7602,1,962,267,27.75,18,32,34,114,53,123,108,18,45,0,515,8
Pct 7602,VBM,7602,1,962,422,43.87,30,70,82,175,102,206,172,35,83,2,707,24
Pct 7603,Election Day,7603,1,888,286,32.21,20,45,50,115,65,136,119,21,50,0,523,0
Pct 7603,VBM,7603,1,888,404,45.50,31,66,83,174,111,226,173,30,69,0,649,4
Pct 7604,Election Day,7604,1,989,284,28.72,26,41,46,99,48,115,100,18,54,0,585,4
Pct 7604,VBM,7604,1,989,393,39.74,52,70,65,162,97,185,160,38,95,2,630,16
Pct 7605,Election Day,7605,1,771,191,24.77,10,21,22,66,31,67,58,12,32,2,443,0
Pct 7605,VBM,7605,1,771,237,30.74,23,38,48,96,68,113,99,20,55,2,382,4
Pct 7606,Election Day,7606,1,992,247,24.90,22,36,28,92,49,110,94,12,43,0,498,4
Pct 7606,VBM,7606,1,992,393,39.62,31,67,62,161,94,182,154,29,69,3,696,24
Pct 7607,Election Day,7607,1,1055,272,25.78,21,40,32,106,52,119,113,29,57,5,514,0
Pct 7607,VBM,7607,1,1055,438,41.52,32,75,68,180,101,224,187,38,91,2,750,4
Pct 7608,Election Day,7608,1,456,89,19.52,6,6,10,26,21,29,21,8,9,0,212,8
Pct 7608,VBM,7608,1,456,155,33.99,13,32,43,57,53,66,41,19,44,1,247,4
Pct 7609,Election Day,7609,1,1051,153,14.56,6,24,19,56,30,55,42,9,22,0,345,4
Pct 7609,VBM,7609,1,1051,398,37.87,23,88,99,144,137,203,125,38,90,1,632,12
Pct 7611,Election Day,7611,1,898,155,17.26,14,31,21,53,35,57,53,14,38,0,300,4
Pct 7611,VBM,7611,1,898,324,36.08,25,56,67,122,87,129,95,26,66,1,618,4
Pct 7612,Election Day,7612,1,668,120,17.96,6,14,28,46,31,47,40,16,29,0,223,0
Pct 7612,VBM,7612,1,668,298,44.61,34,50,70,97,104,134,96,21,62,4,512,8
Pct 7613,Election Day,7613,1,1015,225,22.17,20,31,30,101,53,95,79,11,32,2,446,0
Pct 7613,VBM,7613,1,1015,392,38.62,34,61,84,146,107,174,134,31,81,6,698,12
Pct 7614,Election Day,7614,1,1177,275,23.36,19,42,47,106,51,97,90,25,52,7,564,0
Pct 7614,VBM,7614,1,1177,518,44.01,40,101,98,214,144,229,207,47,126,2,852,12
Pct 7615,Election Day,7615,1,1020,216,21.18,17,42,27,85,33,95,66,22,37,0,436,4
Pct 7615,VBM,7615,1,1020,312,30.59,30,63,55,102,96,138,114,36,83,0,531,0
Pct 7616,Election Day,7616,1,981,195,19.88,19,20,31,62,47,77,57,9,35,0,423,0
Pct 7616,VBM,7616,1,981,612,62.39,79,75,140,193,185,264,210,33,96,0,1173,0
Pct 7617,Election Day,7617,1,898,151,16.82,13,22,21,55,36,49,39,13,27,0,325,4
Pct 7617,VBM,7617,1,898,365,40.65,26,69,85,127,136,158,129,38,70,0,606,16
Pct 7618,Election Day,7618,1,948,184,19.41,6,25,34,75,44,93,80,15,36,1,323,4
Pct 7618,VBM,7618,1,948,505,53.27,49,86,117,201,145,258,208,30,101,5,816,4
Pct 7619,Election Day,7619,1,1971,418,21.21,39,66,59,140,75,170,143,36,86,5,853,0
Pct 7619,VBM,7619,1,1971,1067,54.13,106,169,224,370,345,508,379,74,206,12,1859,16
Pct 7621,Election Day,7621,1,1082,254,23.48,22,44,35,84,44,91,83,18,42,1,552,0
Pct 7621,VBM,7621,1,1082,546,50.46,75,75,123,184,163,250,196,46,114,2,952,4
Pct 7622,Election Day,7622,1,1007,181,17.97,20,36,23,59,38,81,59,17,28,0,363,0
Pct 7622,VBM,7622,1,1007,353,35.05,40,71,62,136,102,164,110,44,80,1,586,16
Pct 7623,Election Day,7623,1,839,171,20.38,11,29,25,68,31,77,62,26,39,1,315,0
Pct 7623,VBM,7623,1,839,296,35.28,25,53,63,126,82,152,107,25,46,0,497,8
Pct 7624,Election Day,7624,1,1074,212,19.74,18,42,33,79,44,96,74,19,39,2,386,16
Pct 7624,VBM,7624,1,1074,353,32.87,29,62,63,148,99,173,142,36,83,2,567,8
Pct 7625,Election Day,7625,1,896,87,9.71,6,7,20,25,23,30,23,6,17,0,183,8
Pct 7625,VBM,7625,1,896,530,59.15,58,76,140,162,173,250,126,53,139,0,911,32
Pct 7626,Election Day,7626,1,1177,291,24.72,33,45,54,85,68,128,93,22,53,0,583,0
Pct 7626,VBM,7626,1,1177,720,61.17,121,105,163,215,233,329,225,48,168,6,1267,0
Pct 7627,Election Day,7627,1,1586,411,25.91,63,73,70,101,87,159,105,34,69,0,871,12
Pct 7627,VBM,7627,1,1586,915,57.69,148,120,221,222,281,372,271,66,175,1,1779,4
Pct 7628,Election Day,7628,1,1006,255,25.35,21,30,40,96,58,111,95,13,46,1,509,0
Pct 7628,VBM,7628,1,1006,465,46.22,55,58,92,172,136,213,191,37,76,3,819,8
Pct 7629,Election Day,7629,1,837,212,25.33,18,31,37,80,42,94,79,8,38,0,417,4
Pct 7629,VBM,7629,1,837,365,43.61,42,48,69,123,96,166,131,23,64,0,698,0
Pct 7631,Election Day,7631,1,1143,313,27.38,26,52,42,89,57,114,104,25,57,5,681,0
Pct 7631,VBM,7631,1,1143,602,52.67,78,100,139,203,197,286,224,40,135,4,998,4
Pct 7632,Election Day,7632,1,727,190,26.13,20,39,32,87,44,91,84,14,27,1,321,0
Pct 7632,VBM,7632,1,727,342,47.04,31,36,68,131,98,176,144,17,53,5,609,0
Pct 7633,Election Day,7633,1,731,182,24.90,20,30,37,52,52,82,69,16,33,0,337,0
Pct 7633,VBM,7633,1,731,392,53.63,31,58,110,138,136,183,138,31,66,2,671,4
Pct 7634,Election Day,7634,1,1017,222,21.83,20,22,31,67,59,86,64,18,36,0,485,0
Pct 7634,VBM,7634,1,1017,484,47.59,53,70,107,163,182,245,173,47,105,1,786,4
Pct 7635,Election Day,7635,1,868,202,23.27,36,34,19,82,42,82,68,8,40,0,389,8
Pct 7635,VBM,7635,1,868,441,50.81,56,64,81,138,123,171,156,30,80,2,859,4
Pct 7636,Election Day,7636,1,993,282,28.40,33,42,41,85,61,111,82,17,46,0,610,0
Pct 7636,VBM,7636,1,993,502,50.55,67,69,116,122,129,189,140,21,85,1,1065,4
Pct 7637,Election Day,7637,1,1361,370,27.19,43,61,56,109,83,133,88,19,53,4,807,24
Pct 7637,VBM,7637,1,1361,781,57.38,116,104,164,223,235,343,251,56,167,0,1457,8
Pct 7638,Election Day,7638,1,1285,300,23.35,40,43,59,60,80,102,77,27,62,0,642,8
Pct 7638,VBM,7638,1,1285,835,64.98,149,134,213,223,266,364,261,49,178,0,1503,0
Pct 7639,Election Day,7639,1,1011,267,26.41,38,32,48,67,65,104,81,16,50,0,567,0
Pct 7639,VBM,7639,1,1011,624,61.72,79,90,147,161,204,254,181,33,139,1,1199,8
Pct 7641,Election Day,7641,1,977,224,22.93,30,26,55,63,69,102,66,23,42,4,416,0
Pct 7641,VBM,7641,1,977,571,58.44,92,86,148,148,199,258,185,38,125,1,984,20
Pct 7642,Election Day,7642,1,967,212,21.92,22,43,31,55,45,73,54,15,41,0,469,0
Pct 7642,VBM,7642,1,967,598,61.84,51,95,110,140,127,182,149,43,129,4,1354,8
Pct 7643,Election Day,7643,1,959,203,21.17,29,28,35,62,45,88,56,25,40,8,392,4
Pct 7643,VBM,7643,1,959,555,57.87,62,83,134,167,181,266,175,42,125,4,969,12
Pct 7644,Election Day,7644,1,1111,322,28.98,43,51,41,105,81,151,94,22,49,0,647,4
Pct 7644,VBM,7644,1,1111,603,54.28,81,106,101,174,154,233,180,36,122,0,1213,12
Pct 7645,Election Day,7645,1,669,142,21.23,17,21,20,39,31,59,43,7,29,0,302,0
Pct 7645,VBM,7645,1,669,445,66.52,43,48,107,111,157,185,136,19,87,0,883,4
Pct 7646,Election Day,7646,1,2163,586,27.09,83,80,108,152,133,229,160,30,107,5,1257,0
Pct 7646,VBM,7646,1,2163,1307,60.43,204,184,299,340,405,599,429,84,258,0,2418,8
Pct 7647,Election Day,7647,1,1028,260,25.29,21,50,23,111,44,93,92,20,57,0,529,0
Pct 7647,VBM,7647,1,1028,338,32.88,37,73,53,159,96,148,133,23,81,2,543,4
Pct 7648 MB,Election Day,7648,1,4,0,0.00,0,0,0,0,0,0,0,0,0,0,0,0
Pct 7648 MB,VBM,7648,1,4,3,75.00,0,0,1,1,2,1,1,0,0,0,6,0
Pct 7701,Election Day,7701,1,1049,354,33.75,35,44,87,114,97,158,134,23,71,0,645,8
Pct 7701,VBM,7701,1,1049,560,53.38,59,90,139,189,191,237,206,39,115,0,975,0
Pct 7702,Election Day,7702,1,775,192,24.77,35,42,53,71,55,61,59,25,57,0,310,0
Pct 7702,VBM,7702,1,775,471,60.77,63,76,124,133,183,207,152,37,113,0,796,0
Pct 7703 MB,Election Day,7703,1,178,0,0.00,0,0,0,0,0,0,0,0,0,0,0,0
Pct 7703 MB,VBM,7703,1,178,100,56.18,7,17,22,24,22,32,23,9,21,0,219,4
Pct 7704,Election Day,7704,1,1006,302,30.02,48,47,77,107,85,115,86,27,71,1,544,0
Pct 7704,VBM,7704,1,1006,579,57.55,80,93,151,200,197,256,200,43,175,0,921,0
Pct 7705,Election Day,7705,1,554,186,33.57,23,34,56,57,60,67,61,12,48,0,322,4
Pct 7705,VBM,7705,1,554,309,55.78,50,58,79,109,117,134,105,25,94,1,456,8
Pct 7706,Election Day,7706,1,853,282,33.06,29,46,77,115,99,123,108,31,64,1,435,0
Pct 7706,VBM,7706,1,853,491,57.56,67,72,140,154,183,200,180,37,130,6,787,8
Pct 7707,Election Day,7707,1,854,285,33.37,43,46,94,103,100,122,113,23,72,0,424,0
Pct 7707,VBM,7707,1,854,499,58.43,54,69,155,167,204,245,186,21,126,4,753,12
Pct 7708,Election Day,7708,1,894,231,25.84,22,39,50,109,71,116,86,19,58,0,350,4
Pct 7708,VBM,7708,1,894,552,61.74,59,89,161,220,200,251,215,33,139,1,832,8
Pct 7709,Election Day,7709,1,390,120,30.77,14,18,20,57,28,53,46,7,28,0,209,0
Pct 7709,VBM,7709,1,390,234,60.00,25,34,43,128,80,125,120,14,63,0,304,0
Pct 7711,Election Day,7711,1,789,223,28.26,15,23,49,85,79,90,100,23,44,2,382,0
Pct 7711,VBM,7711,1,789,462,58.56,45,75,119,171,177,224,190,25,107,0,711,4
Pct 7712,Election Day,7712,1,577,180,31.20,17,24,31,76,65,81,83,16,37,0,290,0
Pct 7712,VBM,7712,1,577,338,58.58,30,41,82,140,124,164,155,16,46,3,543,8
Pct 7801,Election Day,7801,1,975,309,31.69,33,34,96,114,137,171,124,10,58,1,458,0
Pct 7801,VBM,7801,1,975,655,67.18,63,66,189,208,252,356,305,27,137,2,1007,8
Pct 7802,Election Day,7802,1,760,261,34.34,26,36,61,103,102,127,118,13,57,1,400,0
Pct 7802,VBM,7802,1,760,462,60.79,55,45,121,180,188,235,207,21,90,2,696,8
Pct 7803,Election Day,7803,1,827,200,24.18,21,22,42,84,60,93,78,8,39,0,353,0
Pct 7803,VBM,7803,1,827,574,69.41,57,58,170,182,219,273,227,29,102,0,979,0
Pct 7804,Election Day,7804,1,932,310,33.26,39,21,63,117,115,158,129,17,70,0,511,0
Pct 7804,VBM,7804,1,932,566,60.73,51,59,156,198,212,282,235,21,111,4,935,0
Pct 7805,Election Day,7805,1,852,260,30.52,19,31,62,110,72,120,117,16,43,0,450,0
Pct 7805,VBM,7805,1,852,501,58.80,43,53,135,210,196,265,240,23,96,0,743,0
Pct 7806,Election Day,7806,1,746,251,33.65,16,30,53,111,81,127,123,20,45,1,397,0
Pct 7806,VBM,7806,1,746,412,55.23,47,42,104,156,142,215,204,23,84,0,631,0
Pct 7807,Election Day,7807,1,774,293,37.86,24,35,56,147,81,147,132,17,55,1,477,0
Pct 7807,VBM,7807,1,774,378,48.84,34,47,74,172,110,202,170,14,55,0,634,0
Pct 7808,Election Day,7808,1,702,218,31.05,17,23,31,85,59,94,90,13,32,0,428,0
Pct 7808,VBM,7808,1,702,360,51.28,32,41,88,167,122,206,193,12,61,2,516,0
Pct 7809,Election Day,7809,1,1234,401,32.50,40,45,81,165,116,190,187,18,61,3,694,4
Pct 7809,VBM,7809,1,1234,690,55.92,76,82,164,247,236,327,312,36,127,6,1147,0
Pct 7811,Election Day,7811,1,806,268,33.25,30,33,55,115,77,129,114,13,44,2,460,0
Pct 7811,VBM,7811,1,806,428,53.10,33,48,79,191,113,230,211,23,69,1,706,8
Pct 7812,Election Day,7812,1,892,275,30.83,24,41,44,120,70,124,115,18,50,0,494,0
Pct 7812,VBM,7812,1,892,477,53.48,35,50,113,203,166,252,212,29,91,2,751,4
Pct 7813,Election Day,7813,1,1061,362,34.12,32,49,58,166,100,177,157,20,53,7,629,0
Pct 7813,VBM,7813,1,1061,581,54.76,67,63,128,224,176,305,246,30,92,2,991,0
Pct 7814,Election Day,7814,1,919,298,32.43,9,32,27,152,49,107,125,27,36,1,627,0
Pct 7814,VBM,7814,1,919,369,40.15,26,62,74,184,104,149,159,39,68,2,597,12
Pct 7815,Election Day,7815,1,967,296,30.61,37,41,66,104,84,134,124,21,64,1,508,0
Pct 7815,VBM,7815,1,967,583,60.29,64,46,166,232,229,316,276,30,82,2,869,20
Pct 7816,Election Day,7816,1,896,268,29.91,22,38,73,103,90,131,109,16,52,0,438,0
Pct 7816,VBM,7816,1,896,555,61.94,48,69,162,207,235,315,252,23,117,1,791,0
Pct 7817,Election Day,7817,1,804,285,35.45,20,36,45,126,70,139,134,15,42,1,512,0
Pct 7817,VBM,7817,1,804,426,52.99,36,50,100,183,153,236,200,24,67,0,651,4
Pct 7818,Election Day,7818,1,889,271,30.48,15,32,42,127,73,128,125,26,46,0,470,0
Pct 7818,VBM,7818,1,889,516,58.04,37,66,130,211,168,261,238,27,106,0,820,0
Pct 7819,Election Day,7819,1,809,249,30.78,17,32,42,106,60,116,105,35,35,0,444,4
Pct 7819,VBM,7819,1,809,433,53.52,31,68,92,182,133,202,205,42,73,0,704,0
Pct 7821,Election Day,7821,1,998,286,28.66,33,42,63,118,83,137,117,20,65,1,465,0
Pct 7821,VBM,7821,1,998,630,63.13,76,64,184,247,251,353,286,35,107,1,916,0
Pct 7822,Election Day,7822,1,951,318,33.44,19,51,65,136,104,168,146,14,68,1,500,0
Pct 7822,VBM,7822,1,951,458,48.16,49,57,117,182,154,228,190,23,86,2,740,4
Pct 7823,Election Day,7823,1,928,294,31.68,14,34,54,137,85,160,149,16,49,1,477,0
Pct 7823,VBM,7823,1,928,512,55.17,57,61,129,203,185,261,242,30,96,0,780,4
Pct 7824,Election Day,7824,1,794,254,31.99,15,29,37,116,58,122,108,12,34,1,484,0
Pct 7824,VBM,7824,1,794,411,51.76,41,50,78,153,125,209,178,26,70,3,703,8
Pct 7825,Election Day,7825,1,578,216,37.37,18,36,48,106,67,112,111,16,39,0,311,0
Pct 7825,VBM,7825,1,578,305,52.77,33,29,77,117,113,146,138,16,57,3,491,0
Pct 7826,Election Day,7826,1,709,259,36.53,18,23,48,126,83,157,140,9,40,0,392,0
Pct 7826,VBM,7826,1,709,374,52.75,38,44,79,170,122,198,186,27,58,0,574,0
Pct 7827,Election Day,7827,1,931,313,33.62,17,36,42,155,57,152,145,24,35,0,589,0
Pct 7827,VBM,7827,1,931,445,47.80,35,59,65,216,101,209,227,33,76,1,754,4
Pct 7828,Election Day,7828,1,1053,311,29.53,38,46,73,109,86,137,132,20,81,0,522,0
Pct 7828,VBM,7828,1,1053,613,58.21,64,77,141,227,214,301,276,23,135,0,986,8
Pct 7829,Election Day,7829,1,904,269,29.76,34,30,68,106,79,129,103,22,59,2,444,0
Pct 7829,VBM,7829,1,904,572,63.27,62,68,174,197,246,309,256,35,119,2,816,4
Pct 7831,Election Day,7831,1,906,272,30.02,27,29,63,122,85,147,131,14,46,0,424,0
Pct 7831,VBM,7831,1,906,531,58.61,45,37,175,199,226,295,245,21,100,0,773,8
Pct 7832,Election Day,7832,1,824,247,29.98,33,25,58,104,81,117,116,9,42,0,403,0
Pct 7832,VBM,7832,1,824,512,62.14,53,40,127,189,185,259,220,22,98,0,855,0
Pct 7833,Election Day,7833,1,785,251,31.97,27,31,39,119,61,126,114,14,29,0,444,0
Pct 7833,VBM,7833,1,785,459,58.47,39,52,113,184,161,239,202,17,68,0,761,0
Pct 7834,Election Day,7834,1,901,321,35.63,26,39,53,150,85,171,152,34,47,0,527,0
Pct 7834,VBM,7834,1,901,454,50.39,35,37,90,221,139,260,232,24,64,0,714,0
Pct 7835,Election Day,7835,1,863,249,28.85,20,38,39,102,55,110,112,18,49,3,450,0
Pct 7835,VBM,7835,1,863,536,62.11,56,72,125,204,190,266,238,41,127,1,824,0
Pct 7836,Election Day,7836,1,990,290,29.29,28,44,52,119,93,136,125,28,78,2,455,0
Pct 7836,VBM,7836,1,990,613,61.92,62,85,148,230,206,282,236,29,116,1,1049,8
Pct 7837,Election Day,7837,1,934,305,32.66,27,42,78,113,105,148,115,20,57,0,515,0
Pct 7837,VBM,7837,1,934,535,57.28,56,52,143,172,203,265,213,14,98,5,911,8
Pct 7838,Election Day,7838,1,933,250,26.80,29,42,57,107,86,129,108,19,65,2,352,4
Pct 7838,VBM,7838,1,933,589,63.13,53,61,164,239,254,326,279,29,127,0,816,8
Pct 7839,Election Day,7839,1,869,229,26.35,23,33,51,106,70,111,97,7,45,0,373,0
Pct 7839,VBM,7839,1,869,556,63.98,51,64,155,189,198,264,219,26,95,5,950,8
Pct 7841,Election Day,7841,1,947,309,32.63,30,34,72,125,100,150,140,13,53,0,519,0
Pct 7841,VBM,7841,1,947,530,55.97,52,46,129,205,184,276,237,14,69,4,900,4
Pct 7842,Election Day,7842,1,960,356,37.08,31,49,68,184,97,199,178,17,68,0,533,0
Pct 7842,VBM,7842,1,960,508,52.92,45,46,107,219,173,266,249,17,97,1,808,4
Pct 7843,Election Day,7843,1,802,272,33.92,17,26,65,126,82,141,135,15,34,0,443,4
Pct 7843,VBM,7843,1,802,407,50.75,44,54,97,189,145,218,199,25,73,1,583,0
Pct 7844,Election Day,7844,1,682,246,36.07,19,33,32,126,51,122,124,7,35,0,435,0
Pct 7844,VBM,7844,1,682,348,51.03,30,47,73,166,106,167,167,16,58,0,562,0
Pct 7845,Election Day,7845,1,869,288,33.14,32,27,72,109,105,148,137,11,60,1,446,4
Pct 7845,VBM,7845,1,869,495,56.96,53,51,142,190,210,262,215,23,105,1,720,8
Pct 7846,Election Day,7846,1,925,272,29.41,27,30,67,101,97,138,115,11,52,0,446,4
Pct 7846,VBM,7846,1,925,542,58.59,49,41,179,176,244,272,225,22,118,0,834,8
Pct 7847,Election Day,7847,1,960,284,29.58,19,39,57,120,96,147,130,17,55,1,451,4
Pct 7847,VBM,7847,1,960,559,58.23,52,70,176,187,223,296,224,35,107,0,862,4
Pct 7848,Election Day,7848,1,905,304,33.59,45,42,79,112,110,148,116,21,61,0,482,0
Pct 7848,VBM,7848,1,905,514,56.80,74,47,142,199,198,282,225,30,103,1,743,12
Pct 7849,Election Day,7849,1,967,318,32.89,33,37,71,127,104,167,156,15,61,0,501,0
Pct 7849,VBM,7849,1,967,546,56.46,39,48,154,219,225,297,255,33,106,5,803,0
Pct 7851,Election Day,7851,1,528,168,31.82,15,35,56,40,64,61,45,9,34,0,313,0
Pct 7851,VBM,7851,1,528,304,57.58,41,49,113,102,141,164,118,23,58,0,407,0
Pct 7852,Election Day,7852,1,644,179,27.80,17,33,46,55,53,68,63,12,43,0,326,0
Pct 7852,VBM,7852,1,644,405,62.89,42,64,107,165,146,200,166,31,83,0,612,4
Pct 7853,Election Day,7853,1,896,252,28.12,16,28,65,91,88,113,98,4,57,0,448,0
Pct 7853,VBM,7853,1,896,518,57.81,64,84,135,200,232,273,224,44,125,2,685,4
Pct 7854,Election Day,7854,1,933,302,32.37,30,46,74,91,93,125,105,19,71,0,550,4
Pct 7854,VBM,7854,1,933,523,56.06,60,60,162,175,211,260,210,28,106,1,811,8
Pct 7855,Election Day,7855,1,968,326,33.68,26,33,79,156,111,159,146,18,49,0,527,0
Pct 7855,VBM,7855,1,968,544,56.20,74,59,136,204,200,285,243,26,113,2,834,0
Pct 7856,Election Day,7856,1,849,289,34.04,32,43,61,138,90,133,124,18,63,1,449,4
Pct 7856,VBM,7856,1,849,480,56.54,65,64,119,191,163,261,223,22,80,3,729,0
Pct 7857,Election Day,7857,1,963,323,33.54,28,35,50,169,77,175,155,17,45,0,537,4
Pct 7857,VBM,7857,1,963,531,55.14,61,57,128,202,179,260,244,34,100,0,859,0
Pct 7858,Election Day,7858,1,791,275,34.77,19,28,41,141,64,119,114,11,40,1,522,0
Pct 7858,VBM,7858,1,791,399,50.44,37,40,71,186,114,217,210,17,63,4,629,8
Pct 7859,Election Day,7859,1,915,273,29.84,42,35,58,99,90,129,105,20,55,0,459,0
Pct 7859,VBM,7859,1,915,561,61.31,61,51,173,184,224,283,225,41,127,0,871,4
Pct 7861,Election Day,7861,1,881,268,30.42,19,37,56,118,82,124,116,20,59,0,437,4
Pct 7861,VBM,7861,1,881,508,57.66,52,41,151,214,218,267,215,24,107,0,739,4
Pct 7862,Election Day,7862,1,923,318,34.45,39,46,63,153,107,159,140,30,61,0,474,0
Pct 7862,VBM,7862,1,923,497,53.85,64,52,148,162,215,241,217,22,118,1,748,0
Pct 7863,Election Day,7863,1,939,348,37.06,40,50,82,163,120,166,142,27,62,3,533,4
Pct 7863,VBM,7863,1,939,471,50.16,39,57,109,205,174,240,214,24,94,0,724,4
Pct 7864,Election Day,7864,1,815,276,33.87,24,32,46,129,90,141,127,13,45,1,456,0
Pct 7864,VBM,7864,1,815,427,52.39,44,52,105,166,161,210,172,25,79,0,694,0
Pct 7865,Election Day,7865,1,853,274,32.12,18,40,48,130,90,133,117,18,51,2,449,0
Pct 7865,VBM,7865,1,853,480,56.27,62,40,127,205,162,227,204,32,101,6,754,0
Pct 7866,Election Day,7866,1,831,239,28.76,19,32,69,80,79,105,89,26,53,1,403,0
Pct 7866,VBM,7866,1,831,507,61.01,34,94,158,170,195,236,191,33,107,1,809,0
Pct 7867,Election Day,7867,1,946,308,32.56,26,36,76,115,100,149,132,19,51,3,521,4
Pct 7867,VBM,7867,1,946,514,54.33,66,73,141,215,212,262,230,40,150,4,655,8
Pct 7868,Election Day,7868,1,901,292,32.41,19,40,86,116,103,128,119,17,75,0,461,4
Pct 7868,VBM,7868,1,901,472,52.39,57,62,146,163,199,229,213,25,116,4,674,0
Pct 7869,Election Day,7869,1,874,304,34.78,38,36,81,138,116,149,127,26,59,0,446,0
Pct 7869,VBM,7869,1,874,485,55.49,64,57,150,208,198,254,236,28,112,1,628,4
Pct 7871,Election Day,7871,1,909,274,30.14,36,33,83,104,105,121,101,27,58,0,428,0
Pct 7871,VBM,7871,1,909,530,58.31,57,64,179,190,222,268,246,41,103,1,749,0
Pct 7872,Election Day,7872,1,902,313,34.70,49,41,74,122,114,152,143,21,62,0,470,4
Pct 7872,VBM,7872,1,902,506,56.10,67,72,147,190,210,247,212,43,129,2,697,8
Pct 7873,Election Day,7873,1,874,278,31.81,33,34,61,121,90,148,121,18,55,0,431,0
Pct 7873,VBM,7873,1,874,510,58.35,50,42,142,206,203,269,213,29,89,4,789,4
Pct 7874,Election Day,7874,1,482,167,34.65,15,18,28,86,43,79,68,15,41,0,275,0
Pct 7874,VBM,7874,1,482,241,50.00,28,39,77,110,105,131,107,16,60,4,287,0
Pct 7875,Election Day,7875,1,628,198,31.53,14,38,36,111,50,86,81,13,45,0,310,8
Pct 7875,VBM,7875,1,628,327,52.07,26,48,67,159,110,155,145,26,61,1,506,4
Pct 7901,Election Day,7901,1,1286,375,29.16,22,36,41,188,78,153,160,20,55,6,737,4
Pct 7901,VBM,7901,1,1286,577,44.87,58,70,82,248,135,257,233,28,114,5,1066,12
Pct 7902,Election Day,7902,1,1064,327,30.73,18,42,31,176,55,137,138,16,59,5,631,0
Pct 7902,VBM,7902,1,1064,515,48.40,57,71,83,249,129,238,233,38,99,2,861,0
Pct 7903,Election Day,7903,1,929,242,26.05,21,35,35,113,48,95,93,13,35,0,480,0
Pct 7903,VBM,7903,1,929,410,44.13,38,66,81,198,109,183,183,36,70,1,659,16
Pct 7904,Election Day,7904,1,926,231,24.95,22,30,30,118,50,111,102,14,44,1,402,0
Pct 7904,VBM,7904,1,926,463,50.00,35,65,92,213,131,215,213,29,104,0,751,4
Pct 7905,Election Day,7905,1,851,299,35.14,27,42,45,151,70,147,150,19,43,0,502,0
Pct 7905,VBM,7905,1,851,419,49.24,52,49,101,176,153,207,202,22,82,0,624,8
Pct 7906,Election Day,7906,1,854,275,32.20,20,36,32,135,41,126,118,14,27,0,551,0
Pct 7906,VBM,7906,1,854,378,44.26,28,46,76,179,104,190,168,19,53,0,645,4
Pct 7907,Election Day,7907,1,991,346,34.91,31,36,50,170,55,147,160,21,47,1,666,0
Pct 7907,VBM,7907,1,991,488,49.24,45,58,123,223,144,252,204,19,79,2,803,0
Pct 7908,Election Day,7908,1,1008,310,30.75,27,34,41,168,62,130,126,16,44,1,583,8
Pct 7908,VBM,7908,1,1008,562,55.75,44,64,100,267,144,247,253,35,115,1,974,4
Pct 7909,Election Day,7909,1,787,280,35.58,21,34,44,150,51,131,135,13,44,0,497,0
Pct 7909,VBM,7909,1,787,364,46.25,48,45,73,165,113,165,159,18,82,0,580,8
Pct 7911,Election Day,7911,1,907,304,33.52,18,41,57,159,73,143,142,13,37,0,533,0
Pct 7911,VBM,7911,1,907,430,47.41,44,60,75,215,121,201,185,23,76,4,712,4
Pct 7912,Election Day,7912,1,1090,348,31.93,24,41,49,189,66,151,144,20,42,0,662,4
Pct 7912,VBM,7912,1,1090,526,48.26,43,61,99,228,143,246,261,19,68,2,930,4
Pct 7913,Election Day,7913,1,964,376,39.00,40,46,56,208,75,172,189,19,43,0,652,4
Pct 7913,VBM,7913,1,964,424,43.98,42,55,68,203,107,208,205,30,73,0,705,0
Pct 7914,Election Day,7914,1,895,315,35.20,24,35,45,190,64,149,146,14,49,2,538,4
Pct 7914,VBM,7914,1,895,437,48.83,37,45,79,243,120,233,223,14,74,2,654,24
Pct 7915,Election Day,7915,1,892,329,36.88,23,44,43,192,69,167,165,15,63,0,531,4
Pct 7915,VBM,7915,1,892,387,43.39,38,41,80,202,104,175,165,22,77,3,633,8
Pct 7916,Election Day,7916,1,953,307,32.21,28,36,47,179,70,160,168,19,35,1,485,0
Pct 7916,VBM,7916,1,953,461,48.37,49,50,104,217,140,248,215,18,83,0,716,4
Pct 7917,Election Day,7917,1,1073,389,36.25,24,46,43,215,75,168,185,17,57,1,717,8
Pct 7917,VBM,7917,1,1073,479,44.64,37,64,82,244,127,242,231,34,85,1,761,8
Pct 7918,Election Day,7918,1,860,304,35.35,12,43,47,172,77,145,147,6,37,4,522,4
Pct 7918,VBM,7918,1,860,393,45.70,34,40,78,200,121,200,195,18,68,0,614,4
Pct 7919,Election Day,7919,1,928,361,38.90,20,41,49,235,65,174,167,11,46,1,627,8
Pct 7919,VBM,7919,1,928,406,43.75,26,48,86,224,109,216,204,12,84,0,611,4
Pct 7921,Election Day,7921,1,970,293,30.21,16,33,38,150,65,116,126,10,55,0,551,12
Pct 7921,VBM,7921,1,970,401,41.34,40,49,81,210,109,177,168,28,83,0,651,8
Pct 7922,Election Day,7922,1,884,306,34.62,16,30,40,166,48,140,155,16,34,0,579,0
Pct 7922,VBM,7922,1,884,399,45.14,33,50,81,203,123,226,229,13,84,4,550,0
Pct 7923,Election Day,7923,1,930,335,36.02,15,34,44,197,73,171,174,9,40,0,579,4
Pct 7923,VBM,7923,1,930,354,38.06,22,56,77,192,105,195,166,21,71,0,511,0
Pct 7924,Election Day,7924,1,883,280,31.71,21,39,25,168,52,133,137,15,42,2,486,0
Pct 7924,VBM,7924,1,883,416,47.11,31,59,92,218,106,192,184,31,90,4,653,4
Pct 7925,Election Day,7925,1,591,196,33.16,15,36,35,117,45,95,103,11,24,1,298,4
Pct 7925,VBM,7925,1,591,287,48.56,21,18,47,132,82,140,133,16,47,1,507,4
Pct 7926,Election Day,7926,1,820,259,31.59,20,32,39,132,62,137,129,6,35,1,443,0
Pct 7926,VBM,7926,1,820,436,53.17,41,36,80,216,156,245,225,26,77,1,641,0
Pct 7927,Election Day,7927,1,782,283,36.19,18,31,39,166,78,158,161,13,36,0,428,4
Pct 7927,VBM,7927,1,782,405,51.79,28,33,102,177,156,223,207,10,77,1,606,0
Pct 7928,Election Day,7928,1,976,323,33.09,22,36,54,177,104,180,185,12,48,1,473,0
Pct 7928,VBM,7928,1,976,526,53.89,50,53,107,250,178,299,266,25,111,0,757,8
Pct 7929,Election Day,7929,1,871,290,33.30,28,29,65,142,88,151,138,11,69,3,432,4
Pct 7929,VBM,7929,1,871,490,56.26,63,66,122,238,197,299,265,29,94,1,586,0
Pct 7931,Election Day,7931,1,765,252,32.94,21,31,49,131,84,133,126,12,53,0,368,0
Pct 7931,VBM,7931,1,765,435,56.86,43,48,104,208,185,247,238,28,103,3,529,4
Pct 7932,Election Day,7932,1,557,173,31.06,19,22,33,86,50,89,86,13,47,0,247,0
Pct 7932,VBM,7932,1,557,309,55.48,24,45,76,151,127,181,160,14,62,0,396,0
Pct 7933 MB,Election Day,7933,1,8,0,0.00,0,0,0,0,0,0,0,0,0,0,0,0
Pct 7933 MB,VBM,7933,1,8,7,87.50,1,2,2,2,1,0,1,1,3,0,15,0
Pct 7934,Election Day,7934,1,888,289,32.55,19,25,30,159,77,152,156,16,45,1,472,4
Pct 7934,VBM,7934,1,888,483,54.39,52,60,90,263,188,287,256,14,96,0,622,4
Pct 7935,Election Day,7935,1,949,341,35.93,19,29,69,188,122,215,194,11,50,1,466,0
Pct 7935,VBM,7935,1,949,510,53.74,38,52,145,232,229,305,289,23,108,0,619,0
Pct 7936,Election Day,7936,1,876,325,37.10,29,26,55,190,126,203,203,10,54,1,403,0
Pct 7936,VBM,7936,1,876,439,50.11,46,35,88,228,191,242,243,24,90,0,565,4
Pct 7937,Election Day,7937,1,909,325,35.75,19,27,45,164,103,172,177,9,58,1,521,4
Pct 7937,VBM,7937,1,909,455,50.06,40,49,99,238,188,268,233,15,86,1,599,4
Pct 7938,Election Day,7938,1,808,295,36.51,14,42,46,182,71,136,146,15,46,0,478,4
Pct 7938,VBM,7938,1,808,341,42.20,25,30,72,194,109,175,180,16,63,1,487,12
Pct 7939,Election Day,7939,1,674,262,38.87,14,23,51,133,85,155,155,9,45,0,378,0
Pct 7939,VBM,7939,1,674,331,49.11,33,40,69,144,126,180,171,16,64,1,472,8
Pct 7941,Election Day,7941,1,790,261,33.04,18,25,44,133,86,124,118,12,39,0,445,0
Pct 7941,VBM,7941,1,790,394,49.87,32,54,87,185,160,193,195,18,78,1,569,4
Pct 7942,Election Day,7942,1,950,299,31.47,33,55,51,158,85,119,136,18,51,1,489,0
Pct 7942,VBM,7942,1,950,470,49.47,37,70,94,218,160,230,209,33,100,0,729,0
Pct 7943,Election Day,7943,1,938,310,33.05,24,41,63,146,77,142,120,20,58,4,545,0
Pct 7943,VBM,7943,1,938,470,50.11,58,90,116,198,132,210,182,32,133,1,728,0
Pct 7944,Election Day,7944,1,830,305,36.75,20,29,51,169,96,148,145,14,48,1,499,0
Pct 7944,VBM,7944,1,830,387,46.63,39,45,83,209,144,210,207,25,74,0,512,0
Pct 7945,Election Day,7945,1,926,208,22.46,15,21,32,108,56,78,86,5,41,0,390,0
Pct 7945,VBM,7945,1,926,455,49.14,26,61,91,212,163,215,223,20,101,2,686,20
Pct 7946,Election Day,7946,1,976,225,23.05,19,34,54,117,61,93,91,11,61,1,358,0
Pct 7946,VBM,7946,1,976,491,50.31,59,95,146,214,168,196,170,41,139,1,731,4
Pct 7947,Election Day,7947,1,964,257,26.66,23,37,38,124,56,88,84,15,52,0,511,0
Pct 7947,VBM,7947,1,964,460,47.72,44,90,118,181,134,143,155,34,135,2,800,4
Pct 7948,Election Day,7948,1,933,270,28.94,17,48,53,134,58,86,91,23,58,1,511,0
Pct 7948,VBM,7948,1,933,451,48.34,43,91,114,213,143,182,180,30,124,5,663,16
Pct 7949,Election Day,7949,1,594,142,23.91,15,24,17,57,26,37,47,10,28,0,307,0
Pct 7949,VBM,7949,1,594,291,48.99,39,65,81,124,85,120,91,17,78,0,460,4
Pct 7951,Election Day,7951,1,841,189,22.47,19,35,30,90,39,67,70,11,51,0,340,4
Pct 7951,VBM,7951,1,841,456,54.22,47,91,133,169,142,182,133,29,116,3,771,8
Pct 7952,Election Day,7952,1,865,221,25.55,17,42,39,110,55,60,81,16,57,1,402,4
Pct 7952,VBM,7952,1,865,430,49.71,56,89,95,206,110,166,153,25,117,6,697,0
Pct 7953,Election Day,7953,1,853,216,25.32,18,39,46,110,45,90,92,15,44,1,360,4
Pct 7953,VBM,7953,1,853,461,54.04,56,87,129,169,126,180,152,45,149,4,743,4
Pct 7954 MB,Election Day,7954,1,0,0,0.00,0,0,0,0,0,0,0,0,0,0,0,0
Pct 7954 MB,VBM,7954,1,0,0,0.00,0,0,0,0,0,0,0,0,0,0,0,0
Pct 7955,Election Day,7955,1,899,218,24.25,26,36,33,91,47,73,79,23,45,0,411,8
Pct 7955,VBM,7955,1,899,466,51.84,62,123,137,204,157,179,135,27,141,2,689,8
Pct 7956,Election Day,7956,1,779,199,25.55,18,40,44,86,33,58,64,18,40,0,395,0
Pct 7956,VBM,7956,1,779,380,48.78,39,86,101,152,128,147,105,24,123,1,606,8
Pct 7957,Election Day,7957,1,664,188,28.31,20,31,35,87,52,72,77,17,43,1,317,0
Pct 7957,VBM,7957,1,664,336,50.60,31,78,75,163,104,125,113,23,98,1,533,0
Pct 7958 MB,Election Day,7958,1,291,8,2.75,1,2,1,5,1,2,3,1,1,0,15,0
Pct 7958 MB,VBM,7958,1,291,191,65.64,14,28,47,90,46,76,60,13,32,1,357,0
Pct 9001 MB,Election Day,9001,1,269,11,4.09,2,2,0,2,2,0,1,1,1,0,33,0
Pct 9001 MB,VBM,9001,1,269,186,69.14,28,47,50,85,70,68,73,24,57,1,237,4
Pct 9101,Election Day,9101,1,899,296,32.93,34,63,55,106,71,97,87,23,62,0,582,4
Pct 9101,VBM,9101,1,899,444,49.39,56,90,118,158,137,154,133,27,116,0,775,12
Pct 9102,Election Day,9102,1,989,313,31.65,31,56,57,114,85,113,111,21,62,0,598,4
Pct 9102,VBM,9102,1,989,504,50.96,70,120,131,182,156,198,179,32,124,4,816,4
Pct 9103,Election Day,9103,1,971,317,32.65,31,77,82,107,92,111,93,23,66,0,582,4
Pct 9103,VBM,9103,1,971,469,48.30,75,96,109,139,152,188,143,30,119,4,813,8
Pct 9104,Election Day,9104,1,1004,273,27.19,36,60,49,114,69,95,104,23,59,0,483,0
Pct 9104,VBM,9104,1,1004,522,51.99,90,106,125,190,177,196,199,28,108,0,861,8
Pct 9105,Election Day,9105,1,975,316,32.41,30,60,77,123,105,147,116,19,57,0,526,4
Pct 9105,VBM,9105,1,975,501,51.38,65,94,132,161,154,191,160,34,117,5,887,4
Pct 9106,Election Day,9106,1,938,307,32.73,33,61,76,127,101,113,105,16,71,0,521,4
Pct 9106,VBM,9106,1,938,512,54.58,63,86,152,168,179,207,168,40,131,2,848,4
Pct 9107,Election Day,9107,1,859,290,33.76,35,64,59,100,68,90,85,20,63,0,572,4
Pct 9107,VBM,9107,1,859,389,45.29,53,99,91,140,106,131,127,26,87,1,683,12
Pct 9108,Election Day,9108,1,815,294,36.07,38,58,67,117,89,113,104,20,77,0,493,0
Pct 9108,VBM,9108,1,815,397,48.71,51,71,105,147,117,183,137,23,101,1,648,4
Pct 9109,Election Day,9109,1,875,311,35.54,34,58,67,104,101,112,105,16,69,1,577,0
Pct 9109,VBM,9109,1,875,438,50.06,59,70,100,161,156,184,149,23,101,2,743,4
Pct 9111,Election Day,9111,1,785,278,35.41,19,46,43,98,72,89,87,12,50,0,592,4
Pct 9111,VBM,9111,1,785,359,45.73,47,63,78,127,102,151,124,34,76,0,630,4
Pct 9112,Election Day,9112,1,975,294,30.15,27,57,66,116,83,121,100,13,56,1,536,0
Pct 9112,VBM,9112,1,975,510,52.31,59,86,124,170,145,201,183,31,140,1,900,0
Pct 9113,Election Day,9113,1,1008,331,32.84,42,63,79,140,100,130,127,23,71,0,545,4
Pct 9113,VBM,9113,1,1008,522,51.79,76,70,138,173,182,231,204,28,127,1,858,0
Pct 9114,Election Day,9114,1,913,308,33.73,22,52,62,101,72,111,113,14,66,0,619,0
Pct 9114,VBM,9114,1,913,441,48.30,55,85,108,160,135,173,148,28,90,5,773,4
Pct 9115,Election Day,9115,1,948,293,30.91,30,49,54,108,73,115,117,21,55,0,550,0
Pct 9115,VBM,9115,1,948,468,49.37,43,74,112,162,139,197,151,30,87,6,871,0
Pct 9116,Election Day,9116,1,986,326,33.06,37,67,54,150,89,136,130,15,51,1,574,0
Pct 9116,VBM,9116,1,986,485,49.19,53,95,104,171,148,196,178,28,93,3,871,0
Pct 9117,Election Day,9117,1,785,232,29.55,30,42,61,88,82,89,88,22,58,1,367,0
Pct 9117,VBM,9117,1,785,438,55.80,68,68,121,110,160,159,123,22,95,0,826,0
Pct 9118,Election Day,9118,1,987,295,29.89,24,60,60,113,73,112,92,17,63,0,566,0
Pct 9118,VBM,9118,1,987,485,49.14,60,100,113,171,135,166,134,34,109,0,918,0
Pct 9119,Election Day,9119,1,911,275,30.19,31,56,52,89,68,95,91,17,73,1,523,4
Pct 9119,VBM,9119,1,911,469,51.48,53,82,106,174,155,181,148,36,120,1,820,0
Pct 9121,Election Day,9121,1,950,314,33.05,38,73,62,125,90,117,96,26,75,0,554,0
Pct 9121,VBM,9121,1,950,444,46.74,65,104,125,154,135,168,133,26,100,3,759,4
Pct 9122,Election Day,9122,1,976,262,26.84,20,38,48,107,64,102,107,17,54,0,491,0
Pct 9122,VBM,9122,1,976,507,51.95,63,105,125,157,140,176,135,35,121,3,964,4
Pct 9123,Election Day,9123,1,902,290,32.15,33,66,60,112,84,105,88,27,55,2,528,0
Pct 9123,VBM,9123,1,902,450,49.89,57,95,119,156,124,177,142,25,101,2,798,4
Pct 9124,Election Day,9124,1,940,263,27.98,23,53,50,88,61,90,90,6,54,1,536,0
Pct 9124,VBM,9124,1,940,467,49.68,64,115,112,153,142,176,146,29,90,0,841,0
Pct 9125,Election Day,9125,1,911,263,28.87,27,50,58,103,72,104,84,12,45,0,497,0
Pct 9125,VBM,9125,1,911,477,52.36,56,87,121,161,149,193,144,38,119,0,836,4
Pct 9126,Election Day,9126,1,978,283,28.94,28,48,54,112,77,122,114,20,47,1,505,4
Pct 9126,VBM,9126,1,978,537,54.91,70,113,135,187,160,203,154,29,127,1,965,4
Pct 9127,Election Day,9127,1,985,347,35.23,40,68,67,144,102,155,134,16,60,0,602,0
Pct 9127,VBM,9127,1,985,472,47.92,52,93,120,163,143,184,159,30,109,1,830,4
Pct 9128,Election Day,9128,1,859,282,32.83,21,44,57,95,88,117,101,15,60,0,530,0
Pct 9128,VBM,9128,1,859,445,51.80,54,102,107,164,145,172,138,14,91,1,792,0
Pct 9129,Election Day,9129,1,772,259,33.55,24,50,49,97,72,100,84,22,54,5,479,0
Pct 9129,VBM,9129,1,772,362,46.89,46,69,102,112,108,148,114,21,82,0,642,4
Pct 9131,Election Day,9131,1,806,250,31.02,33,53,48,95,75,100,94,14,51,4,433,0
Pct 9131,VBM,9131,1,806,411,50.99,50,80,105,156,134,172,129,13,82,5,718,0
Pct 9132,Election Day,9132,1,898,297,33.07,31,57,46,114,82,116,113,12,51,0,566,0
Pct 9132,VBM,9132,1,898,404,44.99,48,74,96,148,135,181,152,19,73,0,682,8
Pct 9133,Election Day,9133,1,1083,299,27.61,38,58,64,130,92,137,115,12,61,2,479,8
Pct 9133,VBM,9133,1,1083,589,54.39,75,115,147,203,182,230,175,38,135,7,1041,8
Pct 9134,Election Day,9134,1,937,248,26.47,22,38,36,89,53,83,72,12,35,0,552,0
Pct 9134,VBM,9134,1,937,519,55.39,66,93,128,156,138,193,168,37,104,1,992,0
Pct 9135,Election Day,9135,1,831,242,29.12,20,42,35,86,53,89,91,27,51,0,474,0
Pct 9135,VBM,9135,1,831,410,49.34,58,65,71,130,115,144,121,47,93,4,788,4
Pct 9136,Election Day,9136,1,952,313,32.88,28,51,55,118,79,110,98,21,55,1,636,0
Pct 9136,VBM,9136,1,952,475,49.89,73,78,122,190,155,220,174,25,107,5,747,4
Pct 9137,Election Day,9137,1,977,287,29.38,29,63,55,115,81,100,105,17,62,4,517,0
Pct 9137,VBM,9137,1,977,498,50.97,70,92,126,196,155,197,156,32,113,5,846,4
Pct 9138,Election Day,9138,1,930,264,28.39,35,63,55,98,70,99,82,21,54,0,479,0
Pct 9138,VBM,9138,1,930,507,54.52,52,119,145,202,155,213,155,38,101,10,838,0
Pct 9139,Election Day,9139,1,1004,298,29.68,28,61,81,111,83,122,88,23,78,1,516,0
Pct 9139,VBM,9139,1,1004,533,53.09,74,103,142,190,166,208,177,44,130,3,895,0
Pct 9141,Election Day,9141,1,963,296,30.74,44,63,63,109,76,106,111,29,67,0,516,0
Pct 9141,VBM,9141,1,963,498,51.71,54,127,144,177,171,201,156,29,126,1,806,0
Pct 9142,Election Day,9142,1,1003,327,32.60,37,65,69,132,90,126,123,21,66,0,579,0
Pct 9142,VBM,9142,1,1003,516,51.45,52,116,133,207,182,239,202,28,111,0,790,4
Pct 9143,Election Day,9143,1,921,290,31.49,31,54,66,125,85,131,111,16,53,1,487,0
Pct 9143,VBM,9143,1,921,457,49.62,62,82,105,161,138,178,139,31,100,0,832,0
Pct 9144,Election Day,9144,1,983,341,34.69,57,66,83,126,112,142,130,25,68,1,554,0
Pct 9144,VBM,9144,1,983,491,49.95,69,90,130,175,167,208,172,31,130,0,784,8
Pct 9145,Election Day,9145,1,889,297,33.41,29,56,74,111,84,128,113,11,52,0,530,0
Pct 9145,VBM,9145,1,889,456,51.29,66,80,120,145,149,205,169,34,89,2,761,4
Pct 9146,Election Day,9146,1,929,359,38.64,21,64,64,147,98,159,126,19,58,2,674,4
Pct 9146,VBM,9146,1,929,440,47.36,52,75,93,153,131,179,169,31,98,3,772,4
Pct 9147,Election Day,9147,1,983,302,30.72,23,66,59,122,81,122,109,11,63,0,552,0
Pct 9147,VBM,9147,1,983,516,52.49,49,80,115,182,138,203,185,32,99,1,972,8
Pct 9148,Election Day,9148,1,1007,340,33.76,40,63,68,140,100,160,145,15,66,1,562,0
Pct 9148,VBM,9148,1,1007,529,52.53,59,78,123,173,170,223,186,20,96,3,973,12
Pct 9149,Election Day,9149,1,976,320,32.79,20,42,54,132,91,142,135,11,50,4,599,0
Pct 9149,VBM,9149,1,976,522,53.48,68,93,117,181,180,228,193,36,126,6,860,0
Pct 9151,Election Day,9151,1,858,288,33.57,31,49,73,99,83,105,88,17,63,0,536,8
Pct 9151,VBM,9151,1,858,416,48.48,43,72,112,139,143,192,148,16,91,0,704,4
Pct 9152,Election Day,9152,1,842,291,34.56,29,58,42,115,61,90,96,21,53,0,599,0
Pct 9152,VBM,9152,1,842,345,40.97,38,52,83,124,117,143,133,30,53,1,602,4
Pct 9201,Election Day,9201,1,1047,404,38.59,44,53,89,174,127,173,167,25,95,1,668,0
Pct 9201,VBM,9201,1,1047,489,46.70,87,77,104,192,171,201,190,37,128,2,759,8
Pct 9202,Election Day,9202,1,962,342,35.55,47,51,75,104,104,113,104,26,86,0,658,0
Pct 9202,VBM,9202,1,962,464,48.23,80,69,112,133,167,189,158,32,116,4,792,4
Pct 9203,Election Day,9203,1,1006,308,30.62,44,39,62,67,72,94,63,26,65,0,696,4
Pct 9203,VBM,9203,1,1006,549,54.57,105,57,129,107,153,183,125,35,128,0,1170,4
Pct 9204,Election Day,9204,1,849,325,38.28,43,45,84,74,97,101,89,24,69,1,673,0
Pct 9204,VBM,9204,1,849,408,48.06,73,59,122,94,147,162,129,30,80,1,735,0
Pct 9205,Election Day,9205,1,760,249,32.76,31,35,53,58,61,75,53,7,52,3,568,0
Pct 9205,VBM,9205,1,760,403,53.03,50,41,101,98,136,159,117,25,83,0,802,0
Pct 9206,Election Day,9206,1,960,287,29.90,51,37,61,65,68,73,53,14,65,0,661,0
Pct 9206,VBM,9206,1,960,535,55.73,97,72,170,122,178,192,142,44,152,1,970,0
Pct 9207,Election Day,9207,1,980,335,34.18,30,47,69,84,90,101,70,20,59,1,765,4
Pct 9207,VBM,9207,1,980,510,52.04,77,63,102,123,132,159,117,24,124,1,1114,4
Pct 9208,Election Day,9208,1,1028,356,34.63,47,45,61,108,89,111,96,17,75,0,775,0
Pct 9208,VBM,9208,1,1028,541,52.63,86,58,133,135,160,177,148,22,120,1,1124,0
Pct 9209,Election Day,9209,1,750,283,37.73,41,40,72,70,71,96,61,27,63,1,586,4
Pct 9209,VBM,9209,1,750,363,48.40,37,44,85,75,97,111,98,30,91,0,784,0
Pct 9211,Election Day,9211,1,910,326,35.82,31,48,67,79,91,95,85,17,60,1,718,12
Pct 9211,VBM,9211,1,910,452,49.67,63,43,82,103,116,145,105,32,97,0,1022,0
Pct 9212,Election Day,9212,1,857,298,34.77,45,44,50,77,72,88,67,19,56,0,666,8
Pct 9212,VBM,9212,1,857,448,52.28,60,60,103,136,120,153,118,25,90,4,915,8
Pct 9213,Election Day,9213,1,987,349,35.36,45,57,71,88,89,112,84,20,70,0,756,4
Pct 9213,VBM,9213,1,987,504,51.06,75,72,117,129,145,178,156,25,124,0,991,4
Pct 9214,Election Day,9214,1,632,195,30.85,21,28,45,54,59,59,55,7,50,0,402,0
Pct 9214,VBM,9214,1,632,344,54.43,57,39,92,94,125,139,107,19,85,1,614,4
Pct 9215,Election Day,9215,1,645,216,33.49,32,29,62,45,46,58,44,16,52,2,474,4
Pct 9215,VBM,9215,1,645,350,54.26,61,32,89,85,128,134,103,12,81,0,675,0
Pct 9216,Election Day,9216,1,861,301,34.96,41,41,69,73,80,94,73,24,69,0,640,0
Pct 9216,VBM,9216,1,861,425,49.36,84,46,119,87,121,129,93,28,102,0,887,4
Pct 9217,Election Day,9217,1,761,268,35.22,37,38,67,83,80,80,70,20,60,0,537,0
Pct 9217,VBM,9217,1,761,394,51.77,57,58,102,105,115,130,90,22,74,0,823,0
Pct 9218,Election Day,9218,1,868,288,33.18,41,42,66,72,80,101,84,24,53,0,585,4
Pct 9218,VBM,9218,1,868,442,50.92,64,55,86,110,131,150,113,22,95,1,941,0
Pct 9219,Election Day,9219,1,829,295,35.59,23,44,56,70,84,99,80,14,57,0,653,0
Pct 9219,VBM,9219,1,829,424,51.15,60,72,94,110,131,158,110,25,92,2,842,0
Pct 9221,Election Day,9221,1,662,171,25.83,28,18,50,28,58,54,59,5,46,0,338,0
Pct 9221,VBM,9221,1,662,466,70.39,79,63,138,83,169,163,129,30,112,1,897,0
Pct 9222,Election Day,9222,1,889,281,31.61,47,36,73,63,89,99,74,11,61,0,567,4
Pct 9222,VBM,9222,1,889,530,59.62,74,71,159,115,177,199,135,31,127,4,1024,4
Pct 9223,Election Day,9223,1,664,184,27.71,29,22,41,49,39,62,49,14,44,0,387,0
Pct 9223,VBM,9223,1,664,389,58.58,59,49,112,79,108,138,95,17,80,1,814,4
Pct 9224,Election Day,9224,1,993,300,30.21,39,46,77,80,88,103,75,11,59,0,622,0
Pct 9224,VBM,9224,1,993,563,56.70,88,65,157,143,206,234,167,35,120,0,1033,4
Pct 9225,Election Day,9225,1,994,346,34.81,50,51,74,90,87,109,94,26,61,0,742,0
Pct 9225,VBM,9225,1,994,580,58.35,85,80,126,138,161,212,166,28,107,1,1212,4
Pct 9226,Election Day,9226,1,960,292,30.42,37,41,64,75,75,89,83,15,69,0,616,4
Pct 9226,VBM,9226,1,960,541,56.35,70,70,128,129,175,192,151,34,106,4,1097,8
Pct 9227,Election Day,9227,1,759,237,31.23,41,48,66,58,75,77,66,19,55,0,443,0
Pct 9227,VBM,9227,1,759,428,56.39,77,56,137,115,178,192,139,25,115,0,678,0
Pct 9228,Election Day,9228,1,725,233,32.14,38,43,58,60,67,80,79,19,66,0,422,0
Pct 9228,VBM,9228,1,725,418,57.66,73,73,141,111,177,185,138,28,98,2,638,8
Pct 9229,Election Day,9229,1,615,195,31.71,28,28,64,56,74,77,69,9,46,2,327,0
Pct 9229,VBM,9229,1,615,360,58.54,70,55,113,96,142,142,136,30,94,0,558,4
Pct 9231,Election Day,9231,1,1006,372,36.98,44,53,93,137,143,159,139,11,81,0,628,0
Pct 9231,VBM,9231,1,1006,497,49.40,68,82,150,139,180,202,175,22,113,0,853,4
Pct 9232,Election Day,9232,1,746,276,37.00,36,51,65,74,88,108,96,18,62,0,506,0
Pct 9232,VBM,9232,1,746,419,56.17,73,71,130,89,167,191,143,9,101,4,694,4
Pct 9233,Election Day,9233,1,816,268,32.84,32,38,66,64,78,96,72,14,55,0,549,8
Pct 9233,VBM,9233,1,816,468,57.35,71,64,122,97,173,191,139,12,108,0,895,0
Pct 9234,Election Day,9234,1,759,216,28.46,39,28,46,65,64,79,78,15,43,0,407,0
Pct 9234,VBM,9234,1,759,448,59.03,56,58,150,95,167,170,126,29,111,0,826,4
Pct 9235,Election Day,9235,1,907,303,33.41,51,44,85,86,110,127,96,12,79,0,522,0
Pct 9235,VBM,9235,1,907,515,56.78,91,48,153,101,186,210,153,41,96,1,980,0
Pct 9236,Election Day,9236,1,682,237,34.75,35,38,68,60,66,75,57,17,52,2,478,0
Pct 9236,VBM,9236,1,682,363,53.23,50,40,101,90,122,139,107,11,63,4,721,4
Pct 9237,Election Day,9237,1,941,279,29.65,38,44,73,50,75,92,80,12,63,1,580,8
Pct 9237,VBM,9237,1,941,545,57.92,76,61,149,113,172,215,172,29,96,0,1085,12
Pct 9238,Election Day,9238,1,846,271,32.03,42,37,53,70,81,96,93,23,51,0,530,8
Pct 9238,VBM,9238,1,846,538,63.59,90,75,158,126,189,207,167,29,124,2,977,8
Pct 9239,Election Day,9239,1,885,250,28.25,29,35,67,55,80,90,79,9,50,0,502,4
Pct 9239,VBM,9239,1,885,588,66.44,79,62,169,149,205,232,183,27,127,0,1111,8
Pct 9241,Election Day,9241,1,1027,286,27.85,48,39,70,78,83,98,85,10,48,0,585,0
Pct 9241,VBM,9241,1,1027,608,59.20,71,67,170,161,200,264,214,31,126,0,1120,8
Pct 9242,Election Day,9242,1,1023,317,30.99,33,45,56,86,83,101,91,15,74,1,679,4
Pct 9242,VBM,9242,1,1023,568,55.52,100,81,143,155,185,227,169,29,122,0,1057,4
Pct 9243,Election Day,9243,1,611,228,37.32,29,29,53,64,68,86,73,17,46,0,447,0
Pct 9243,VBM,9243,1,611,327,53.52,58,52,95,95,123,135,102,22,79,0,547,0
Pct 9244,Election Day,9244,1,940,279,29.68,29,43,66,74,82,101,87,8,47,0,579,0
Pct 9244,VBM,9244,1,940,545,57.98,69,64,147,131,178,215,156,15,126,0,1079,0
Pct 9245,Election Day,9245,1,725,229,31.59,25,40,45,76,67,84,70,16,55,0,438,0
Pct 9245,VBM,9245,1,725,398,54.90,51,54,86,133,139,165,143,20,88,0,709,4
Pct 9246,Election Day,9246,1,964,293,30.39,39,45,62,71,77,91,75,19,51,0,642,0
Pct 9246,VBM,9246,1,964,549,56.95,71,74,128,139,173,196,167,29,104,9,1106,0
Pct 9247,Election Day,9247,1,1004,315,31.37,37,52,55,101,72,101,100,13,60,0,665,4
Pct 9247,VBM,9247,1,1004,570,56.77,75,77,164,152,200,243,192,29,111,5,1028,4
Pct 9248,Election Day,9248,1,955,296,30.99,32,42,75,87,99,121,103,24,53,0,544,4
Pct 9248,VBM,9248,1,955,550,57.59,63,70,152,136,187,211,182,34,111,1,1053,0
Pct 9249,Election Day,9249,1,926,322,34.77,49,55,77,113,104,118,111,31,90,0,536,4
Pct 9249,VBM,9249,1,926,485,52.38,54,75,123,138,161,186,153,22,120,1,907,0
Pct 9251,Election Day,9251,1,982,324,32.99,34,57,89,94,106,124,103,23,72,3,591,0
Pct 9251,VBM,9251,1,982,547,55.70,92,93,144,171,179,240,187,35,143,2,898,4
Pct 9252,Election Day,9252,1,943,284,30.12,34,64,62,106,87,104,83,20,52,0,516,8
Pct 9252,VBM,9252,1,943,553,58.64,94,97,163,161,191,224,163,35,135,6,939,4
Pct 9253,Election Day,9253,1,808,253,31.31,36,42,54,80,69,81,78,17,58,0,485,12
Pct 9253,VBM,9253,1,808,456,56.44,69,62,134,124,171,175,147,25,117,1,795,4
Pct 9254,Election Day,9254,1,951,300,31.55,23,51,56,101,78,122,95,19,48,1,602,4
Pct 9254,VBM,9254,1,951,571,60.04,76,59,144,145,196,235,198,20,106,0,1097,8
Pct 9255,Election Day,9255,1,577,213,36.92,28,40,51,73,59,84,71,11,43,2,390,0
Pct 9255,VBM,9255,1,577,305,52.86,37,42,64,74,90,104,93,15,61,2,634,4
Pct 9256,Election Day,9256,1,403,133,33.00,8,15,25,41,26,56,52,5,25,0,279,0
Pct 9256,VBM,9256,1,403,209,51.86,34,19,50,61,64,93,77,9,54,0,375,0
Pct 9257 MB,Election Day,9257,1,339,9,2.65,0,2,0,1,1,2,2,1,2,0,25,0
Pct 9257 MB,VBM,9257,1,339,278,82.01,22,39,56,119,86,127,110,13,56,0,484,0
Pct 9258,Election Day,9258,1,715,216,30.21,31,35,40,68,74,89,80,15,52,0,380,0
Pct 9258,VBM,9258,1,715,429,60.00,56,67,113,133,154,199,144,21,83,0,734,12
Pct 9401,Election Day,9401,1,1014,355,35.01,30,50,55,157,80,147,128,21,72,1,675,4
Pct 9401,VBM,9401,1,1014,460,45.36,54,92,89,192,140,170,169,33,112,8,781,0
Pct 9402,Election Day,9402,1,1028,323,31.42,27,58,52,133,86,133,102,26,67,1,607,0
Pct 9402,VBM,9402,1,1028,493,47.96,43,72,110,195,147,209,172,31,89,4,900,0
Pct 9403,Election Day,9403,1,933,273,29.26,32,34,51,118,71,100,101,18,50,0,517,0
Pct 9403,VBM,9403,1,933,466,49.95,44,105,114,187,146,181,152,47,126,4,738,20
Pct 9404,Election Day,9404,1,921,286,31.05,30,52,45,129,69,116,110,21,57,0,515,0
Pct 9404,VBM,9404,1,921,458,49.73,42,90,113,178,143,188,146,25,111,7,785,4
Pct 9405,Election Day,9405,1,818,258,31.54,27,54,53,86,80,98,79,24,68,3,460,0
Pct 9405,VBM,9405,1,818,441,53.91,42,78,108,159,149,175,150,39,95,5,760,4
Pct 9406,Election Day,9406,1,916,291,31.77,31,59,63,104,82,104,97,16,49,0,555,4
Pct 9406,VBM,9406,1,916,500,54.59,59,100,116,202,179,220,181,31,129,0,779,4
Pct 9407,Election Day,9407,1,941,309,32.84,22,59,58,128,60,110,109,15,53,0,618,4
Pct 9407,VBM,9407,1,941,419,44.53,51,89,100,138,154,168,131,19,113,1,712,0
Pct 9408,Election Day,9408,1,879,297,33.79,25,59,56,119,75,107,116,26,55,0,542,8
Pct 9408,VBM,9408,1,879,407,46.30,29,66,86,169,112,186,159,30,64,1,698,28
Pct 9409,Election Day,9409,1,626,236,37.70,14,38,49,116,61,104,91,20,42,0,409,0
Pct 9409,VBM,9409,1,626,288,46.01,32,57,59,112,83,115,88,16,66,6,518,0
Pct 9411,Election Day,9411,1,1051,345,32.83,21,56,50,147,80,127,130,23,80,1,665,0
Pct 9411,VBM,9411,1,1051,495,47.10,50,80,101,229,154,200,179,37,102,0,848,0
Pct 9412,Election Day,9412,1,885,291,32.88,30,57,75,126,89,128,115,20,61,1,458,4
Pct 9412,VBM,9412,1,885,412,46.55,44,78,99,169,124,165,137,32,73,0,727,0
Pct 9413,Election Day,9413,1,907,265,29.22,25,39,52,95,76,101,101,27,49,0,495,0
Pct 9413,VBM,9413,1,907,477,52.59,50,85,114,188,134,185,147,38,115,5,847,0
Pct 9414,Election Day,9414,1,894,272,30.43,18,57,61,107,63,103,91,10,54,1,523,0
Pct 9414,VBM,9414,1,894,468,52.35,53,108,124,166,159,186,157,35,108,0,776,0
Pct 9415,Election Day,9415,1,798,216,27.07,16,34,40,73,56,78,69,15,42,0,441,0
Pct 9415,VBM,9415,1,798,421,52.76,39,79,125,150,146,171,117,25,107,0,709,16
Pct 9416,Election Day,9416,1,1018,305,29.96,22,44,69,119,84,120,112,18,73,1,554,4
Pct 9416,VBM,9416,1,1018,501,49.21,50,86,127,182,149,180,156,25,148,1,900,0
Pct 9417,Election Day,9417,1,759,192,25.30,21,35,39,70,49,74,61,16,43,2,358,0
Pct 9417,VBM,9417,1,759,412,54.28,62,71,103,160,128,141,127,16,105,0,731,4
Pct 9418,Election Day,9418,1,814,235,28.87,24,51,48,90,60,83,72,10,44,0,458,0
Pct 9418,VBM,9418,1,814,407,50.00,39,74,83,128,126,140,110,30,89,0,805,4
Pct 9419,Election Day,9419,1,902,245,27.16,16,56,47,91,65,80,58,19,57,0,491,0
Pct 9419,VBM,9419,1,902,463,51.33,56,114,110,160,132,152,127,39,109,5,848,0
Pct 9421,Election Day,9421,1,929,243,26.16,21,51,39,95,61,79,64,15,61,0,486,0
Pct 9421,VBM,9421,1,929,489,52.64,51,96,138,174,162,185,132,30,105,1,882,0
Pct 9422,Election Day,9422,1,1082,348,32.16,42,66,66,118,91,131,111,21,67,0,679,0
Pct 9422,VBM,9422,1,1082,539,49.82,72,112,130,187,188,228,175,50,130,0,860,24
Pct 9423,Election Day,9423,1,909,269,29.59,23,43,39,100,63,89,90,23,49,0,557,0
Pct 9423,VBM,9423,1,909,449,49.39,34,78,122,184,157,197,156,33,107,8,716,4
Pct 9424,Election Day,9424,1,951,246,25.87,25,45,57,104,74,102,81,19,50,0,419,8
Pct 9424,VBM,9424,1,951,510,53.63,68,126,148,205,180,217,152,45,119,1,771,8
Pct 9425,Election Day,9425,1,964,258,26.76,23,46,47,86,75,90,68,11,49,0,537,0
Pct 9425,VBM,9425,1,964,490,50.83,62,113,138,189,151,154,116,49,138,0,838,12
Pct 9426,Election Day,9426,1,835,241,28.86,35,47,49,91,53,73,72,16,59,4,465,0
Pct 9426,VBM,9426,1,835,422,50.54,63,98,92,150,127,164,132,35,119,5,699,4
Pct 9427,Election Day,9427,1,963,250,25.96,23,59,57,76,66,82,62,15,44,4,508,4
Pct 9427,VBM,9427,1,963,483,50.16,77,108,116,159,156,176,151,48,130,0,799,12
Pct 9428,Election Day,9428,1,963,232,24.09,26,36,44,91,43,65,64,21,41,2,495,0
Pct 9428,VBM,9428,1,963,522,54.21,70,116,142,170,179,183,132,39,159,0,894,4
Pct 9429,Election Day,9429,1,909,284,31.24,23,51,51,99,79,109,76,24,69,0,555,0
Pct 9429,VBM,9429,1,909,423,46.53,49,120,114,151,119,137,119,32,126,1,716,8
Pct 9431,Election Day,9431,1,1024,265,25.88,27,49,54,92,68,95,84,14,64,0,513,0
Pct 9431,VBM,9431,1,1024,556,54.30,69,136,133,210,217,211,171,38,142,3,890,4
Pct 9432,Election Day,9432,1,913,277,30.34,34,57,60,89,79,84,66,26,54,0,555,4
Pct 9432,VBM,9432,1,913,441,48.30,51,84,118,145,168,172,132,32,103,8,751,0
Pct 9433,Election Day,9433,1,973,256,26.31,33,58,47,89,67,87,82,26,63,0,468,4
Pct 9433,VBM,9433,1,973,503,51.70,41,101,155,185,166,194,157,35,117,0,853,8
Pct 9434,Election Day,9434,1,997,302,30.29,35,50,54,120,86,110,96,23,62,3,569,0
Pct 9434,VBM,9434,1,997,501,50.25,52,97,133,199,168,210,165,34,146,0,796,4
Pct 9435,Election Day,9435,1,969,276,28.48,29,47,56,110,71,103,99,18,71,0,500,0
Pct 9435,VBM,9435,1,969,489,50.46,55,110,118,189,161,178,159,46,119,0,821,0
Pct 9436,Election Day,9436,1,994,263,26.46,29,48,55,106,70,84,82,22,57,1,498,0
Pct 9436,VBM,9436,1,994,520,52.31,55,120,124,194,163,187,155,47,121,1,913,0
Pct 9437,Election Day,9437,1,954,281,29.45,28,50,72,112,85,86,80,20,58,1,532,0
Pct 9437,VBM,9437,1,954,432,45.28,47,96,119,167,143,174,144,30,104,2,694,8
Pct 9438,Election Day,9438,1,1000,242,24.20,20,43,49,74,46,79,61,16,50,0,530,0
Pct 9438,VBM,9438,1,1000,549,54.90,74,125,148,189,175,184,156,55,129,4,953,4
Pct 9439,Election Day,9439,1,903,222,24.58,16,44,57,84,67,87,68,16,44,0,405,0
Pct 9439,VBM,9439,1,903,468,51.83,42,100,128,172,136,191,140,28,104,2,825,4
Pct 9441,Election Day,9441,1,1004,283,28.19,26,49,65,101,81,100,89,27,57,0,529,8
Pct 9441,VBM,9441,1,1004,517,51.49,68,90,151,213,174,238,180,32,154,1,767,0
Pct 9442,Election Day,9442,1,1027,334,32.52,20,60,80,118,79,121,113,19,57,0,661,8
Pct 9442,VBM,9442,1,1027,475,46.25,72,104,109,172,140,178,147,31,124,2,801,20
Pct 9443,Election Day,9443,1,937,286,30.52,31,58,58,104,82,95,75,32,69,1,539,0
Pct 9443,VBM,9443,1,937,462,49.31,52,97,126,167,165,184,145,27,134,4,743,4
Pct 9444,Election Day,9444,1,955,253,26.49,22,40,45,88,60,82,65,19,59,0,528,4
Pct 9444,VBM,9444,1,955,467,48.90,65,102,127,175,146,175,146,45,132,7,744,4
Pct 9445,Election Day,9445,1,993,270,27.19,24,49,54,110,78,87,80,16,57,1,524,0
Pct 9445,VBM,9445,1,993,481,48.44,42,89,125,206,171,197,160,37,117,2,766,12
Pct 9446,Election Day,9446,1,1084,305,28.14,35,65,63,113,88,125,95,22,85,1,524,4
Pct 9446,VBM,9446,1,1084,607,56.00,74,128,174,202,207,234,173,42,161,2,1027,4
Pct 9447,Election Day,9447,1,954,268,28.09,36,59,61,96,81,115,94,21,57,0,452,0
Pct 9447,VBM,9447,1,954,493,51.68,56,86,135,193,166,210,161,38,126,4,793,4
Pct 9448,Election Day,9448,1,950,269,28.32,29,47,65,103,82,90,77,22,52,1,504,4
Pct 9448,VBM,9448,1,950,459,48.32,49,114,132,153,147,170,120,37,96,0,818,0
Pct 9449,Election Day,9449,1,820,178,21.71,13,37,36,62,38,57,46,15,30,3,371,4
Pct 9449,VBM,9449,1,820,461,56.22,49,118,143,158,153,168,110,24,109,3,797,12
Pct 9451,Election Day,9451,1,438,123,28.08,9,27,28,57,40,45,34,6,24,0,222,0
Pct 9451,VBM,9451,1,438,247,56.39,36,53,74,93,78,85,75,22,82,0,386,4
Pct 9452,Election Day,9452,1,829,289,34.86,30,54,70,100,79,96,74,25,76,0,552,0
Pct 9452,VBM,9452,1,829,412,49.70,54,83,106,160,122,160,118,23,109,0,713,0
Pct 9453,Election Day,9453,1,502,147,29.28,11,33,35,58,40,52,37,9,37,0,272,4
Pct 9453,VBM,9453,1,502,268,53.39,34,54,81,78,86,85,65,16,81,0,480,12
Pct 9501 MB,Election Day,9501,1,153,6,3.92,1,0,0,1,3,0,0,1,2,0,16,0
Pct 9501 MB,VBM,9501,1,153,125,81.70,19,19,23,38,44,51,37,11,37,0,221,0
Pct 9502 MB,Election Day,9502,1,233,5,2.15,0,1,0,2,1,2,2,0,2,0,10,0
Pct 9502 MB,VBM,9502,1,233,204,87.55,14,20,50,54,75,99,74,9,30,0,379,12
Pct 9503/9504,Election Day,9503,1,822,277,33.70,31,39,57,95,72,110,89,19,52,0,540,4
Pct 9503/9504,VBM,9503,1,822,397,48.30,27,47,78,133,121,173,141,17,85,0,754,12
Pct 9505,Election Day,9505,1,804,226,28.11,7,31,33,83,65,97,90,10,34,2,432,20
Pct 9505,VBM,9505,1,804,391,48.63,31,50,81,157,146,184,162,22,83,1,639,8
Pct 9506,Election Day,9506,1,810,266,32.84,17,35,35,131,72,121,107,17,46,0,475,8
Pct 9506,VBM,9506,1,810,336,41.48,28,49,80,130,126,158,134,18,72,2,547,0
Pct 9507,Election Day,9507,1,783,248,31.67,25,25,47,99,85,135,114,9,38,0,411,4
Pct 9507,VBM,9507,1,783,390,49.81,29,41,82,168,143,217,176,11,59,0,626,8
Pct 9508,Election Day,9508,1,862,304,35.27,21,31,35,125,73,149,135,8,50,1,588,0
Pct 9508,VBM,9508,1,862,416,48.26,35,40,77,171,139,213,205,17,60,0,707,0
Pct 9509,Election Day,9509,1,758,237,31.27,17,26,35,103,57,115,96,14,46,0,439,0
Pct 9509,VBM,9509,1,758,424,55.94,48,52,94,140,136,193,166,13,68,4,778,4
Pct 9511,Election Day,9511,1,630,236,37.46,23,21,36,119,55,119,119,11,31,0,410,0
Pct 9511,VBM,9511,1,630,293,46.51,32,29,52,114,82,132,124,14,53,0,540,0
Pct 9512,Election Day,9512,1,848,279,32.90,11,30,48,129,80,146,134,16,35,1,486,0
Pct 9512,VBM,9512,1,848,430,50.71,45,41,80,188,141,225,213,25,74,1,687,0
Pct 9513,Election Day,9513,1,952,319,33.51,16,37,47,130,84,146,147,17,60,1,591,0
Pct 9513,VBM,9513,1,952,447,46.95,33,50,85,194,170,250,197,20,85,3,697,4
Pct 9514/9522,Election Day,9514,1,959,342,35.66,34,38,67,146,104,172,158,14,57,0,578,0
Pct 9514/9522,VBM,9514,1,959,490,51.09,53,66,115,165,164,227,183,24,83,2,878,0
Pct 9515,Election Day,9515,1,748,278,37.17,20,39,52,117,97,133,119,19,55,0,461,0
Pct 9515,VBM,9515,1,748,368,49.20,51,52,80,145,118,190,156,23,77,1,575,4
Pct 9516,Election Day,9516,1,922,311,33.73,23,47,55,133,94,132,125,23,69,0,543,0
Pct 9516,VBM,9516,1,922,452,49.02,46,80,103,173,154,203,159,31,92,1,762,4
Pct 9517,Election Day,9517,1,854,279,32.67,20,38,35,114,73,134,122,8,46,1,525,0
Pct 9517,VBM,9517,1,854,434,50.82,36,53,76,156,131,201,182,21,83,0,789,8
Pct 9518,Election Day,9518,1,826,275,33.29,16,35,45,119,91,140,111,13,45,0,485,0
Pct 9518,VBM,9518,1,826,432,52.30,38,49,83,171,130,206,202,21,86,2,732,8
Pct 9519,Election Day,9519,1,922,307,33.30,35,43,47,128,82,134,126,20,71,1,541,0
Pct 9519,VBM,9519,1,922,483,52.39,42,59,126,178,166,251,198,17,90,4,797,4
Pct 9521,Election Day,9521,1,947,354,37.38,32,51,62,144,113,156,146,15,71,0,618,8
Pct 9521,VBM,9521,1,947,473,49.95,64,48,104,183,166,224,200,19,104,2,778,0
Pct 9701,Election Day,9701,1,664,212,31.93,17,40,43,80,65,85,83,14,36,0,385,0
Pct 9701,VBM,9701,1,664,359,54.07,45,61,84,117,117,156,120,21,88,0,623,4
Pct 9702,Election Day,9702,1,760,257,33.82,20,40,38,101,65,112,100,19,45,4,484,0
Pct 9702,VBM,9702,1,760,383,50.39,41,62,80,149,116,165,159,29,80,0,651,0
Pct 9703,Election Day,9703,1,989,276,27.91,31,47,64,98,72,111,101,32,65,2,481,0
Pct 9703,VBM,9703,1,989,542,54.80,56,116,133,179,160,238,194,31,125,1,931,4
Pct 9704,Election Day,9704,1,971,302,31.10,27,58,63,107,87,130,123,23,54,0,536,0
Pct 9704,VBM,9704,1,971,534,54.99,64,86,127,183,169,231,182,36,99,3,956,0
Pct 9705,Election Day,9705,1,954,325,34.07,38,58,59,128,118,138,127,22,62,0,550,0
Pct 9705,VBM,9705,1,954,511,53.56,48,76,128,161,168,217,178,30,124,1,913,0
Pct 9706 MB,Election Day,9706,1,54,3,5.56,0,0,0,0,0,0,0,0,0,0,12,0
Pct 9706 MB,VBM,9706,1,54,51,94.44,7,2,15,22,16,23,21,1,14,0,83,0
Pct 9707,Election Day,9707,1,805,185,22.98,17,30,42,56,57,65,55,13,33,0,372,0
Pct 9707,VBM,9707,1,805,494,61.37,84,109,153,148,177,191,140,38,134,0,798,4
Pct 9708,Election Day,9708,1,956,299,31.28,30,63,70,115,79,122,109,23,53,13,519,0
Pct 9708,VBM,9708,1,956,530,55.44,50,100,116,177,144,198,203,28,106,5,985,8
Pct 9709,Election Day,9709,1,1029,290,28.18,32,48,63,83,76,96,81,27,77,0,565,12
Pct 9709,VBM,9709,1,1029,558,54.23,80,116,172,167,187,230,181,42,167,1,885,4
Pct 9711,Election Day,9711,1,643,212,32.97,27,35,64,78,86,105,89,19,58,1,286,0
Pct 9711,VBM,9711,1,643,360,55.99,32,57,117,118,124,165,124,19,71,1,612,0
Pct 9712,Election Day,9712,1,656,199,30.34,25,22,67,65,63,85,59,16,41,1,352,0
Pct 9712,VBM,9712,1,656,394,60.06,64,52,116,99,145,168,118,33,99,0,670,12
Pct 9713,Election Day,9713,1,974,268,27.52,31,61,53,84,71,82,73,14,66,3,534,0
Pct 9713,VBM,9713,1,974,514,52.77,79,101,129,144,177,195,160,46,138,0,883,4
Pct 9714,Election Day,9714,1,941,268,28.48,31,48,76,92,90,110,84,19,72,0,450,0
Pct 9714,VBM,9714,1,941,557,59.19,84,94,148,175,210,221,170,32,143,4,947,0
Pct 9715,Election Day,9715,1,580,212,36.55,19,27,69,67,86,86,71,9,51,0,363,0
Pct 9715,VBM,9715,1,580,309,53.28,48,38,104,77,124,120,88,16,81,0,536,4
Pct 9716,Election Day,9716,1,975,288,29.54,28,56,57,97,77,91,93,11,72,1,569,0
Pct 9716,VBM,9716,1,975,503,51.59,66,95,143,163,170,197,186,38,133,2,815,4
Pct 9717,Election Day,9717,1,993,338,34.04,41,45,57,120,86,121,98,22,88,4,670,0
Pct 9717,VBM,9717,1,993,499,50.25,63,91,140,173,171,217,186,35,132,1,779,8
Pct 9718,Election Day,9718,1,859,267,31.08,47,45,75,86,91,96,86,30,89,0,419,4
Pct 9718,VBM,9718,1,859,488,56.81,79,79,145,135,173,191,169,39,139,0,799,4
Pct 9719,Election Day,9719,1,880,263,29.89,37,41,73,97,87,99,85,26,77,0,430,0
Pct 9719,VBM,9719,1,880,492,55.91,83,65,172,157,211,206,153,28,152,0,741,0
Pct 9721,Election Day,9721,1,657,222,33.79,30,32,63,71,83,96,88,16,61,0,348,0
Pct 9721,VBM,9721,1,657,353,53.73,69,52,92,106,134,147,102,36,105,1,568,0
Pct 9722,Election Day,9722,1,634,162,25.55,26,30,48,45,41,57,46,16,48,0,291,0
Pct 9722,VBM,9722,1,634,381,60.09,46,65,118,118,134,153,121,35,114,5,611,4
Pct 9723,Election Day,9723,1,478,111,23.22,9,23,22,32,25,34,21,7,26,1,244,0
Pct 9723,VBM,9723,1,478,285,59.62,30,51,87,85,85,105,74,15,69,0,531,8
Pct 9724,Election Day,9724,1,978,255,26.07,36,63,66,75,72,91,68,19,67,1,462,0
Pct 9724,VBM,9724,1,978,569,58.18,94,129,157,167,157,186,135,47,146,4,1050,4
Pct 9725,Election Day,9725,1,985,251,25.48,34,52,55,79,74,94,76,21,66,1,448,4
Pct 9725,VBM,9725,1,985,532,54.01,85,108,143,132,150,170,123,33,164,1,1015,4
Pct 9726,Election Day,9726,1,782,303,38.75,24,50,50,98,65,93,100,21,72,4,631,4
Pct 9726,VBM,9726,1,782,303,38.75,23,67,62,119,89,111,120,22,80,0,519,0
Pct 9727,Election Day,9727,1,454,111,24.45,23,18,37,32,39,42,31,8,41,0,173,0
Pct 9727,VBM,9727,1,454,285,62.78,47,63,85,69,86,113,89,20,90,1,469,8
Pct 9728,Election Day,9728,1,937,287,30.63,41,41,83,86,94,111,85,17,77,1,512,0
Pct 9728,VBM,9728,1,937,518,55.28,82,102,158,154,208,206,150,31,171,0,806,4
Pct 9729,Election Day,9729,1,802,218,27.18,34,47,65,64,71,87,55,27,65,0,357,0
Pct 9729,VBM,9729,1,802,490,61.10,64,66,185,110,198,212,153,32,141,0,791,8
Pct 9731,Election Day,9731,1,548,198,36.13,26,20,72,55,75,73,57,9,62,0,343,0
Pct 9731,VBM,9731,1,548,287,52.37,49,45,102,75,119,126,85,26,89,4,428,0
Pct 9732 MB,Election Day,9732,1,76,1,1.32,0,0,0,1,0,0,0,0,0,0,3,0
Pct 9732 MB,VBM,9732,1,76,70,92.11,6,8,31,15,26,23,15,2,14,4,136,0
Pct 9733 MB,Election Day,9733,1,221,4,1.81,1,1,1,2,2,2,3,0,3,0,1,0
Pct 9733 MB,VBM,9733,1,221,200,90.50,21,37,59,73,74,90,76,9,44,1,312,4
Pct 9734,Election Day,9734,1,603,185,30.68,30,26,61,47,69,77,59,19,58,17,277,0
Pct 9734,VBM,9734,1,603,350,58.04,61,65,103,106,127,148,122,35,109,0,524,0
Pct 9735,Election Day,9735,1,807,227,28.13,37,39,64,69,85,80,78,22,71,2,357,4
Pct 9735,VBM,9735,1,807,472,58.49,53,78,138,152,183,199,171,38,138,4,730,4
Pct 9736,Election Day,9736,1,729,209,28.67,40,26,55,70,82,78,82,20,54,1,328,0
Pct 9736,VBM,9736,1,729,442,60.63,59,46,140,159,193,210,175,31,111,0,644,0
Pct 9737,Election Day,9737,1,782,233,29.80,27,36,57,79,80,91,90,16,57,1,398,0
Pct 9737,VBM,9737,1,782,482,61.64,49,88,148,200,186,227,205,31,127,4,659,4
Pct 9738,Election Day,9738,1,850,275,32.35,28,49,39,97,59,85,88,30,88,3,534,0
Pct 9738,VBM,9738,1,850,405,47.65,53,69,97,141,145,150,138,39,104,1,683,0
Pct 9739,Election Day,9739,1,912,302,33.11,19,53,38,111,67,92,120,17,57,0,630,4
Pct 9739,VBM,9739,1,912,379,41.56,46,68,71,158,119,150,159,49,100,4,592,0
Pct 9741,Election Day,9741,1,1064,433,40.70,33,82,39,131,63,92,127,39,76,5,1045,0
Pct 9741,VBM,9741,1,1064,246,23.12,24,37,40,67,47,69,84,28,66,0,522,0
Pct 9742,Election Day,9742,1,669,217,32.44,26,45,53,69,65,81,64,14,53,0,398,0
Pct 9742,VBM,9742,1,669,313,46.79,54,70,100,80,107,112,86,27,79,1,532,4
Pct 9743,Election Day,9743,1,1159,363,31.32,38,73,59,127,86,124,128,33,84,1,699,0
Pct 9743,VBM,9743,1,1159,544,46.94,47,90,120,226,169,242,201,56,126,2,893,4
Pct 9744,Election Day,9744,1,968,364,37.60,35,64,62,126,91,111,134,31,89,1,708,4
Pct 9744,VBM,9744,1,968,399,41.22,48,79,70,166,109,147,155,32,95,2,693,0
Pct 9745,Election Day,9745,1,1052,359,34.13,29,71,58,138,68,99,119,39,85,1,725,4
Pct 9745,VBM,9745,1,1052,403,38.31,45,82,89,171,118,164,165,36,105,3,626,8
Pct 9746,Election Day,9746,1,903,310,34.33,32,52,84,101,86,111,103,26,75,2,568,0
Pct 9746,VBM,9746,1,903,473,52.38,71,100,134,148,161,196,166,35,133,1,747,0
Pct 9747,Election Day,9747,1,989,301,30.43,31,53,75,106,90,116,95,17,73,1,547,0
Pct 9747,VBM,9747,1,989,496,50.15,52,102,129,198,170,223,195,34,143,2,728,8
Pct 9748,Election Day,9748,1,981,278,28.34,25,64,59,89,75,100,90,26,63,0,521,0
Pct 9748,VBM,9748,1,981,531,54.13,69,108,134,185,186,222,205,43,141,3,808,20
Pct 9749,Election Day,9749,1,969,256,26.42,13,50,50,92,67,78,93,9,63,0,505,4
Pct 9749,VBM,9749,1,969,430,44.38,40,87,95,185,132,163,154,37,110,3,714,0
Pct 9751,Election Day,9751,1,1011,306,30.27,40,45,67,110,85,115,103,26,72,2,559,0
Pct 9751,VBM,9751,1,1011,602,59.55,76,118,183,196,231,257,174,49,165,6,945,8
Pct 9752,Election Day,9752,1,721,206,28.57,21,37,45,79,73,97,74,17,48,0,333,0
Pct 9752,VBM,9752,1,721,420,58.25,54,83,113,142,160,191,152,49,127,0,601,8
Pct 9753,Election Day,9753,1,777,228,29.34,31,41,41,99,74,92,87,15,56,0,372,4
Pct 9753,VBM,9753,1,777,408,52.51,45,60,110,140,148,176,148,41,100,0,664,0
Pct 9754,Election Day,9754,1,744,259,34.81,23,40,51,126,71,109,110,13,63,0,430,0
Pct 9754,VBM,9754,1,744,389,52.28,27,66,98,177,170,191,164,21,86,1,551,4
Pct 9755,Election Day,9755,1,605,185,30.58,20,29,28,88,43,75,69,14,27,0,343,4
Pct 9755,VBM,9755,1,605,307,50.74,27,49,90,122,110,147,147,28,74,0,430,4
Pct 9756,Election Day,9756,1,980,279,28.47,28,74,44,104,57,93,92,21,71,1,527,4
Pct 9756,VBM,9756,1,980,505,51.53,62,93,114,162,142,181,167,43,137,3,904,12
Pct 9801,Election Day,9801,1,434,131,30.18,10,31,25,52,33,53,48,8,35,4,221,4
Pct 9801,VBM,9801,1,434,208,47.93,36,50,46,92,69,86,86,25,57,0,285,0
Pct 9900 MB,Election Day,9900,1,0,0,0.00,0,0,0,0,0,0,0,0,0,0,0,0
Pct 9900 MB,VBM,9900,1,0,0,0.00,0,0,0,0,0,0,0,0,0,0,0,0
Pct 9901 MB,Election Day,9901,1,0,0,0.00,0,0,0,0,0,0,0,0,0,0,0,0
Pct 9901 MB,VBM,9901,1,0,0,0.00,0,0,0,0,0,0,0,0,0,0,0,0
Pct 9902 MB,Election Day,9902,1,0,0,0.00,0,0,0,0,0,0,0,0,0,0,0,0
Pct 9902 MB,VBM,9902,1,0,0,0.00,0,0,0,0,0,0,0,0,0,0,0,0