PrecinctName,ReportingType,PrecinctID,Precincts,Registration,Ballots Cast,Turnout (%),SHANELL WILLIAMS,ALEX RANDOLPH,TOM TEMPRANO,RAFAEL MANDELMAN,AMY BACHARACH,WRITE-IN,Under Vote,Over Vote
Pct 1101,Election Day,1101,1,586,159,27.13,86,64,65,69,44,2,306,0
Pct 1101,VBM,1101,1,586,287,48.98,146,134,101,134,110,0,523,0
Pct 1102,Election Day,1102,1,996,291,29.22,152,110,129,135,74,2,562,0
Pct 1102,VBM,1102,1,996,519,52.11,274,218,197,249,194,2,942,0
Pct 1103,Election Day,1103,1,971,263,27.09,131,82,93,96,73,0,577,0
Pct 1103,VBM,1103,1,971,518,53.35,282,225,208,229,192,2,934,0
Pct 1104/1105,Election Day,1104,1,991,329,33.20,149,107,122,130,92,1,711,4
Pct 1104/1105,VBM,1104,1,991,434,43.79,223,189,175,202,159,0,788,0
Pct 1106,Election Day,1106,1,808,217,26.86,108,78,55,71,72,0,484,0
Pct 1106,VBM,1106,1,808,383,47.40,220,165,149,169,154,0,675,0
Pct 1107,Election Day,1107,1,781,222,28.43,117,81,85,92,81,0,432,0
Pct 1107,VBM,1107,1,781,284,36.36,171,129,84,112,114,1,513,12
Pct 1108,Election Day,1108,1,951,250,26.29,126,86,73,79,68,1,567,0
Pct 1108,VBM,1108,1,951,494,51.95,294,251,186,244,195,4,802,0
Pct 1109,Election Day,1109,1,809,215,26.58,105,72,79,84,71,3,446,0
Pct 1109,VBM,1109,1,809,402,49.69,214,168,131,187,158,2,748,0
Pct 1111,Election Day,1111,1,1031,246,23.86,121,76,81,84,64,2,556,0
Pct 1111,VBM,1111,1,1031,471,45.68,246,198,155,190,171,0,924,0
Pct 1112,Election Day,1112,1,765,173,22.61,84,56,54,57,51,2,388,0
Pct 1112,VBM,1112,1,765,384,50.20,210,160,134,171,126,0,735,0
Pct 1113,Election Day,1113,1,713,145,20.34,67,47,55,56,41,1,313,0
Pct 1113,VBM,1113,1,713,402,56.38,199,172,135,183,133,1,785,0
Pct 1114,Election Day,1114,1,971,297,30.59,122,87,90,94,79,2,714,0
Pct 1114,VBM,1114,1,971,444,45.73,254,210,190,213,175,4,730,0
Pct 1115,Election Day,1115,1,910,233,25.60,120,66,74,95,59,1,517,0
Pct 1115,VBM,1115,1,910,513,56.37,256,209,160,192,171,1,1063,0
Pct 1116,Election Day,1116,1,913,245,26.83,132,91,61,80,83,3,530,0
Pct 1116,VBM,1116,1,913,391,42.83,214,171,132,158,134,1,750,4
Pct 1117,Election Day,1117,1,886,273,30.81,130,81,89,78,70,6,638,0
Pct 1117,VBM,1117,1,886,371,41.87,221,164,129,157,131,3,675,4
Pct 1118,Election Day,1118,1,1031,261,25.32,149,107,90,93,81,1,523,0
Pct 1118,VBM,1118,1,1031,515,49.95,311,242,185,225,204,3,882,8
Pct 1119,Election Day,1119,1,783,176,22.48,78,48,54,46,44,0,434,0
Pct 1119,VBM,1119,1,783,411,52.49,233,202,140,164,171,4,718,12
Pct 1121,Election Day,1121,1,691,192,27.79,105,65,59,79,68,2,390,0
Pct 1121,VBM,1121,1,691,333,48.19,169,138,126,144,121,1,629,4
Pct 1122,Election Day,1122,1,658,166,25.23,81,55,56,52,57,0,359,4
Pct 1122,VBM,1122,1,658,316,48.02,157,121,105,129,119,0,633,0
Pct 1123,Election Day,1123,1,954,259,27.15,130,76,98,79,68,2,583,0
Pct 1123,VBM,1123,1,954,387,40.57,236,201,144,189,143,1,634,0
Pct 1124,Election Day,1124,1,831,210,25.27,116,70,74,73,52,0,455,0
Pct 1124,VBM,1124,1,831,346,41.64,194,163,95,138,137,3,646,8
Pct 1125,Election Day,1125,1,1029,234,22.74,99,62,65,63,60,0,587,0
Pct 1125,VBM,1125,1,1029,511,49.66,256,220,152,216,189,2,1005,4
Pct 1126,Election Day,1126,1,954,254,26.62,123,103,86,80,68,0,556,0
Pct 1126,VBM,1126,1,954,447,46.86,255,212,147,205,196,3,770,0
Pct 1127,Election Day,1127,1,911,273,29.97,134,98,94,109,90,2,565,0
Pct 1127,VBM,1127,1,911,412,45.23,211,210,140,169,205,6,707,0
Pct 1128,Election Day,1128,1,907,237,26.13,104,77,86,78,75,1,523,4
Pct 1128,VBM,1128,1,907,449,49.50,227,194,131,164,189,4,887,0
Pct 1129,Election Day,1129,1,951,280,29.44,123,100,90,87,87,4,629,0
Pct 1129,VBM,1129,1,951,423,44.48,221,204,147,206,169,6,731,8
Pct 1131,Election Day,1131,1,853,192,22.51,70,65,51,49,63,1,469,0
Pct 1131,VBM,1131,1,853,382,44.78,206,190,115,179,164,0,670,4
Pct 1132,Election Day,1132,1,982,226,23.01,109,88,75,70,75,0,483,4
Pct 1132,VBM,1132,1,982,495,50.41,262,230,148,226,199,0,915,0
Pct 1133,Election Day,1133,1,870,223,25.63,90,70,63,61,53,0,555,0
Pct 1133,VBM,1133,1,870,438,50.34,222,202,156,196,182,3,787,4
Pct 1134,Election Day,1134,1,793,216,27.24,108,78,80,80,64,1,453,0
Pct 1134,VBM,1134,1,793,377,47.54,175,158,132,150,126,4,759,4
Pct 1135,Election Day,1135,1,521,122,23.42,69,50,49,46,39,0,235,0
Pct 1135,VBM,1135,1,521,299,57.39,148,149,95,128,126,10,536,4
Pct 1136,Election Day,1136,1,857,206,24.04,99,64,64,69,71,5,452,0
Pct 1136,VBM,1136,1,857,463,54.03,221,189,157,196,159,7,923,0
Pct 1141,Election Day,1141,1,1047,259,24.74,132,87,107,108,72,2,528,0
Pct 1141,VBM,1141,1,1047,553,52.82,304,231,202,259,200,1,1011,4
Pct 1142,Election Day,1142,1,858,232,27.04,93,73,73,82,58,0,549,0
Pct 1142,VBM,1142,1,858,435,50.70,225,187,183,202,142,7,794,0
Pct 1143,Election Day,1143,1,1056,302,28.60,159,110,123,122,76,0,614,4
Pct 1143,VBM,1143,1,1056,499,47.25,273,212,197,224,170,6,914,0
Pct 1144,Election Day,1144,1,928,266,28.66,138,80,95,100,84,0,567,0
Pct 1144,VBM,1144,1,928,447,48.17,240,189,194,194,141,4,826,0
Pct 1145,Election Day,1145,1,931,237,25.46,110,73,93,102,55,1,514,0
Pct 1145,VBM,1145,1,931,516,55.42,290,225,197,247,185,1,915,4
Pct 1146,Election Day,1146,1,1036,241,23.26,135,75,106,110,74,1,463,0
Pct 1146,VBM,1146,1,1036,550,53.09,270,234,181,241,205,6,1059,4
Pct 1147,Election Day,1147,1,927,270,29.13,121,84,117,97,67,0,594,0
Pct 1147,VBM,1147,1,927,464,50.05,278,216,202,236,182,3,739,0
Pct 1148,Election Day,1148,1,992,264,26.61,118,65,99,87,70,1,616,0
Pct 1148,VBM,1148,1,992,463,46.67,248,176,166,192,175,3,884,8
Pct 1149,Election Day,1149,1,950,291,30.63,129,91,109,98,93,5,639,0
Pct 1149,VBM,1149,1,950,456,48.00,254,189,191,218,160,3,809,0
Pct 1151 MB,Election Day,1151,1,0,0,0.00,0,0,0,0,0,0,0,0
Pct 1151 MB,VBM,1151,1,0,0,0.00,0,0,0,0,0,0,0,0
Pct 1152,Election Day,1152,1,898,236,26.28,117,80,85,90,77,3,492,0
Pct 1152,VBM,1152,1,898,435,48.44,256,208,149,211,178,0,734,4
Pct 1153,Election Day,1153,1,961,281,29.24,116,96,101,97,73,1,636,4
Pct 1153,VBM,1153,1,961,468,48.70,243,194,158,195,180,2,900,0
Pct 1154 MB,Election Day,1154,1,0,0,0.00,0,0,0,0,0,0,0,0
Pct 1154 MB,VBM,1154,1,0,0,0.00,0,0,0,0,0,0,0,0
Pct 7001,Election Day,7001,1,742,204,27.49,103,73,67,87,64,0,422,0
Pct 7001,VBM,7001,1,742,355,47.84,167,153,140,150,112,0,698,0
Pct 7002,Election Day,7002,1,1225,322,26.29,139,97,112,121,96,2,721,0
Pct 7002,VBM,7002,1,1225,675,55.10,303,257,217,265,212,1,1445,0
Pct 7003,Election Day,7003,1,927,280,30.20,149,94,125,144,85,1,522,0
Pct 7003,VBM,7003,1,927,554,59.76,271,239,212,279,199,5,1003,8
Pct 7004,Election Day,7004,1,896,253,28.24,112,76,77,108,85,0,554,0
Pct 7004,VBM,7004,1,896,555,61.94,279,215,204,265,176,2,1079,0
Pct 7005,Election Day,7005,1,853,302,35.40,144,110,111,151,96,1,591,4
Pct 7005,VBM,7005,1,853,453,53.11,214,194,186,233,150,0,835,0
Pct 7006,Election Day,7006,1,966,290,30.02,133,74,129,139,72,0,613,0
Pct 7006,VBM,7006,1,966,509,52.69,297,206,226,272,176,0,855,4
Pct 7007,Election Day,7007,1,987,302,30.60,156,107,114,136,105,0,590,0
Pct 7007,VBM,7007,1,987,568,57.55,280,234,210,281,205,0,1062,0
Pct 7008,Election Day,7008,1,882,293,33.22,131,121,114,135,97,0,574,0
Pct 7008,VBM,7008,1,882,527,59.75,241,220,175,226,194,4,1028,20
Pct 7009,Election Day,7009,1,931,249,26.75,124,81,89,101,88,0,513,0
Pct 7009,VBM,7009,1,931,501,53.81,268,208,216,263,161,2,886,0
Pct 7011,Election Day,7011,1,1063,255,23.99,123,67,73,90,71,6,590,0
Pct 7011,VBM,7011,1,1063,366,34.43,183,126,137,141,91,0,786,0
Pct 7012,Election Day,7012,1,1034,361,34.91,157,111,144,150,116,1,765,0
Pct 7012,VBM,7012,1,1034,564,54.55,265,234,203,266,189,2,1097,0
Pct 7013,Election Day,7013,1,733,209,28.51,101,70,70,81,55,0,459,0
Pct 7013,VBM,7013,1,733,431,58.80,205,160,144,188,155,0,872,0
Pct 7014,Election Day,7014,1,1073,311,28.98,140,103,117,135,118,1,630,0
Pct 7014,VBM,7014,1,1073,617,57.50,303,244,199,284,215,1,1210,12
Pct 7015 MB,Election Day,7015,1,113,3,2.65,1,0,0,0,0,0,11,0
Pct 7015 MB,VBM,7015,1,113,78,69.03,49,29,45,39,22,0,128,0
Pct 7016,Election Day,7016,1,977,239,24.46,114,59,59,70,66,3,585,0
Pct 7016,VBM,7016,1,977,354,36.23,203,165,134,144,122,3,645,0
Pct 7017,Election Day,7017,1,786,200,25.45,122,51,44,48,50,2,483,0
Pct 7017,VBM,7017,1,786,269,34.22,165,120,77,107,80,5,514,8
Pct 7018,Election Day,7018,1,992,195,19.66,93,70,68,63,65,0,421,0
Pct 7018,VBM,7018,1,992,477,48.08,246,211,152,196,170,3,922,8
Pct 7019,Election Day,7019,1,945,228,24.13,117,73,70,71,64,1,516,0
Pct 7019,VBM,7019,1,945,468,49.52,271,213,162,202,185,2,829,8
Pct 7021,Election Day,7021,1,993,266,26.79,145,76,80,88,64,1,602,8
Pct 7021,VBM,7021,1,993,365,36.76,227,172,103,165,141,1,651,0
Pct 7022,Election Day,7022,1,1032,271,26.26,175,92,88,101,73,2,553,0
Pct 7022,VBM,7022,1,1032,396,38.37,251,188,147,176,147,6,665,4
Pct 7023,Election Day,7023,1,938,255,27.19,142,81,60,77,61,0,591,8
Pct 7023,VBM,7023,1,938,416,44.35,262,217,149,202,145,2,687,0
Pct 7024,Election Day,7024,1,309,75,24.27,42,17,22,8,18,0,193,0
Pct 7024,VBM,7024,1,309,44,14.24,27,17,11,9,18,0,90,4
Pct 7025,Election Day,7025,1,505,129,25.54,71,37,35,31,32,0,310,0
Pct 7025,VBM,7025,1,505,137,27.13,93,56,51,46,43,0,259,0
Pct 7026,Election Day,7026,1,1022,202,19.77,111,80,71,75,67,0,404,0
Pct 7026,VBM,7026,1,1022,498,48.73,253,217,113,220,197,4,984,4
Pct 7027,Election Day,7027,1,879,244,27.76,141,72,59,77,69,1,553,4
Pct 7027,VBM,7027,1,879,333,37.88,185,169,104,137,131,1,601,4
Pct 7028,Election Day,7028,1,900,267,29.67,165,87,78,84,82,2,570,0
Pct 7028,VBM,7028,1,900,277,30.78,178,138,116,123,94,0,459,0
Pct 7029,Election Day,7029,1,924,252,27.27,141,70,58,60,57,1,621,0
Pct 7029,VBM,7029,1,924,273,29.55,158,106,96,96,78,4,546,8
Pct 7030,Election Day,7030,1,787,162,20.58,74,56,44,54,66,1,353,0
Pct 7030,VBM,7030,1,787,396,50.32,194,169,105,140,174,5,793,4
Pct 7031,Election Day,7031,1,511,97,18.98,45,32,36,25,26,0,224,0
Pct 7031,VBM,7031,1,511,295,57.73,146,129,92,124,113,2,574,0
Pct 7032,Election Day,7032,1,938,227,24.20,123,88,60,63,71,0,499,4
Pct 7032,VBM,7032,1,938,362,38.59,209,188,127,161,137,4,614,8
Pct 7033,Election Day,7033,1,814,247,30.34,124,69,64,69,54,2,602,4
Pct 7033,VBM,7033,1,814,299,36.73,170,137,101,109,119,1,555,4
Pct 7034,Election Day,7034,1,954,264,27.67,144,63,50,44,46,1,708,0
Pct 7034,VBM,7034,1,954,251,26.31,160,110,89,80,79,1,485,0
Pct 7035,Election Day,7035,1,476,141,29.62,84,47,34,42,40,0,317,0
Pct 7035,VBM,7035,1,476,200,42.02,102,92,64,68,63,0,411,0
Pct 7036,Election Day,7036,1,967,175,18.10,96,68,54,56,61,1,360,4
Pct 7036,VBM,7036,1,967,421,43.54,263,222,144,164,211,2,674,4
Pct 7037,Election Day,7037,1,840,221,26.31,118,59,43,47,57,0,560,0
Pct 7037,VBM,7037,1,840,158,18.81,84,62,37,37,58,0,354,0
Pct 7038,Election Day,7038,1,960,209,21.77,97,68,50,43,62,0,512,4
Pct 7038,VBM,7038,1,960,386,40.21,203,171,102,147,161,4,752,4
Pct 7039,Election Day,7039,1,831,246,29.60,120,75,87,94,70,3,535,0
Pct 7039,VBM,7039,1,831,379,45.61,218,180,135,155,145,12,671,0
Pct 7041 MB,Election Day,7041,1,62,6,9.68,0,2,0,0,2,0,20,0
Pct 7041 MB,VBM,7041,1,62,36,58.06,18,16,9,14,15,0,72,0
Pct 7042,Election Day,7042,1,697,145,20.80,77,51,52,57,41,2,300,0
Pct 7042,VBM,7042,1,697,369,52.94,203,173,132,147,139,0,682,0
Pct 7043,Election Day,7043,1,990,208,21.01,100,60,60,50,65,1,496,0
Pct 7043,VBM,7043,1,990,432,43.64,240,210,169,180,159,1,765,4
Pct 7044,Election Day,7044,1,867,234,26.99,123,75,54,58,59,0,567,0
Pct 7044,VBM,7044,1,867,181,20.88,102,65,58,66,58,1,374,0
Pct 7045,Election Day,7045,1,803,205,25.53,95,65,72,55,64,0,469,0
Pct 7045,VBM,7045,1,803,326,40.60,172,136,120,146,130,1,599,0
Pct 7046,Election Day,7046,1,435,110,25.29,42,38,30,34,24,1,271,0
Pct 7046,VBM,7046,1,435,209,48.05,115,90,71,89,92,1,374,4
Pct 7047,Election Day,7047,1,858,178,20.75,87,63,53,60,50,0,399,0
Pct 7047,VBM,7047,1,858,424,49.42,231,192,146,190,169,1,763,4
Pct 7048,Election Day,7048,1,877,196,22.35,114,68,51,56,66,0,429,0
Pct 7048,VBM,7048,1,877,322,36.72,187,163,106,125,126,1,580,0
Pct 7049,Election Day,7049,1,829,219,26.42,97,74,75,62,82,1,485,0
Pct 7049,VBM,7049,1,829,315,38.00,155,141,99,143,130,2,586,4
Pct 7051,Election Day,7051,1,909,160,17.60,73,55,52,51,53,0,352,4
Pct 7051,VBM,7051,1,909,452,49.72,238,216,159,184,172,2,833,4
Pct 7052,Election Day,7052,1,894,214,23.94,98,73,71,81,69,0,464,0
Pct 7052,VBM,7052,1,894,461,51.57,223,203,152,195,170,1,900,0
Pct 7053,Election Day,7053,1,552,105,19.02,43,38,35,26,41,1,236,0
Pct 7053,VBM,7053,1,552,357,64.67,154,156,103,138,148,0,729,0
Pct 7054,Election Day,7054,1,1068,318,29.78,190,93,100,99,85,0,705,0
Pct 7054,VBM,7054,1,1068,365,34.18,204,146,117,152,119,0,722,0
Pct 7101 MB,Election Day,7101,1,150,3,2.00,0,0,0,0,0,0,12,0
Pct 7101 MB,VBM,7101,1,150,123,82.00,64,58,41,64,38,0,227,0
Pct 7201,Election Day,7201,1,983,268,27.26,96,95,76,98,92,3,612,0
Pct 7201,VBM,7201,1,983,600,61.04,232,227,172,217,200,0,1352,0
Pct 7202,Election Day,7202,1,885,278,31.41,105,106,79,109,90,2,617,4
Pct 7202,VBM,7202,1,885,474,53.56,185,191,135,182,176,0,1027,0
Pct 7203,Election Day,7203,1,950,341,35.89,106,106,95,97,89,2,869,0
Pct 7203,VBM,7203,1,950,499,52.53,203,181,164,181,142,0,1125,0
Pct 7204,Election Day,7204,1,933,276,29.58,105,100,81,112,86,0,620,0
Pct 7204,VBM,7204,1,933,557,59.70,222,243,173,242,207,3,1138,0
Pct 7205,Election Day,7205,1,903,292,32.34,110,104,91,110,94,1,658,0
Pct 7205,VBM,7205,1,903,523,57.92,220,239,165,222,199,7,1040,0
Pct 7206,Election Day,7206,1,390,137,35.13,61,53,41,58,43,0,292,0
Pct 7206,VBM,7206,1,390,203,52.05,72,78,63,85,76,0,438,0
Pct 7207,Election Day,7207,1,712,184,25.84,61,57,50,63,50,3,452,0
Pct 7207,VBM,7207,1,712,411,57.72,153,159,121,154,149,0,908,0
Pct 7208,Election Day,7208,1,635,155,24.41,55,61,54,64,54,2,326,4
Pct 7208,VBM,7208,1,635,384,60.47,146,151,123,154,126,2,834,0
Pct 7209,Election Day,7209,1,563,84,14.92,29,31,22,37,25,0,192,0
Pct 7209,VBM,7209,1,563,407,72.29,164,189,109,196,167,0,803,0
Pct 7301,Election Day,7301,1,1080,258,23.89,99,86,92,93,80,1,581,0
Pct 7301,VBM,7301,1,1080,555,51.39,238,198,146,223,192,1,1222,0
Pct 7302,Election Day,7302,1,862,224,25.99,88,68,62,84,64,0,530,0
Pct 7302,VBM,7302,1,862,508,58.93,230,219,153,223,188,0,1019,0
Pct 7303,Election Day,7303,1,1032,313,30.33,117,90,89,103,92,4,757,0
Pct 7303,VBM,7303,1,1032,538,52.13,223,213,168,217,191,2,1138,0
Pct 7304,Election Day,7304,1,993,327,32.93,120,101,109,124,85,2,767,0
Pct 7304,VBM,7304,1,993,501,50.45,213,196,161,212,156,5,1061,0
Pct 7305,Election Day,7305,1,906,272,30.02,107,72,90,99,76,1,643,0
Pct 7305,VBM,7305,1,906,500,55.19,188,187,151,187,154,2,1131,0
Pct 7306,Election Day,7306,1,1076,351,32.62,139,87,119,102,90,0,863,4
Pct 7306,VBM,7306,1,1076,531,49.35,208,188,160,198,153,0,1217,0
Pct 7307,Election Day,7307,1,826,267,32.32,105,88,86,101,82,1,605,0
Pct 7307,VBM,7307,1,826,407,49.27,158,143,138,151,140,3,887,8
Pct 7308,Election Day,7308,1,641,209,32.61,91,67,77,96,62,1,442,0
Pct 7308,VBM,7308,1,641,339,52.89,139,131,113,158,118,0,697,0
Pct 7309,Election Day,7309,1,897,295,32.89,112,98,76,99,98,1,696,0
Pct 7309,VBM,7309,1,897,469,52.29,183,177,140,167,151,0,1058,0
Pct 7311,Election Day,7311,1,986,333,33.77,111,93,96,101,81,0,850,0
Pct 7311,VBM,7311,1,986,520,52.74,206,202,163,201,174,3,1131,0
Pct 7312,Election Day,7312,1,874,229,26.20,75,71,67,95,84,0,524,0
Pct 7312,VBM,7312,1,874,539,61.67,188,193,138,230,189,0,1218,0
Pct 7313,Election Day,7313,1,1001,261,26.07,100,78,93,106,75,4,588,0
Pct 7313,VBM,7313,1,1001,537,53.65,231,213,153,219,193,2,1137,0
Pct 7314,Election Day,7314,1,833,164,19.69,60,42,49,51,50,0,404,0
Pct 7314,VBM,7314,1,833,347,41.66,139,97,97,148,102,1,804,0
Pct 7315,Election Day,7315,1,783,226,28.86,98,67,73,85,63,0,518,0
Pct 7315,VBM,7315,1,783,371,47.38,176,144,132,151,111,2,768,0
Pct 7316,Election Day,7316,1,893,220,24.64,88,58,75,82,57,0,520,0
Pct 7316,VBM,7316,1,893,441,49.38,166,145,149,164,143,2,995,0
Pct 7317,Election Day,7317,1,938,225,23.99,89,65,81,100,70,1,494,0
Pct 7317,VBM,7317,1,938,518,55.22,225,205,198,237,175,3,1021,8
Pct 7318,Election Day,7318,1,788,252,31.98,77,62,66,72,71,0,660,0
Pct 7318,VBM,7318,1,788,437,55.46,196,178,119,190,151,0,914,0
Pct 7319,Election Day,7319,1,1123,330,29.39,113,82,98,105,85,9,828,0
Pct 7319,VBM,7319,1,1123,578,51.47,204,189,151,215,171,4,1374,4
Pct 7321,Election Day,7321,1,683,179,26.21,62,52,50,57,50,1,444,0
Pct 7321,VBM,7321,1,683,314,45.97,148,126,97,139,107,1,638,0
Pct 7322,Election Day,7322,1,937,122,13.02,38,25,25,26,23,0,351,0
Pct 7322,VBM,7322,1,937,404,43.12,188,136,120,175,125,4,868,0
Pct 7323,Election Day,7323,1,888,277,31.19,89,55,83,91,69,0,721,0
Pct 7323,VBM,7323,1,888,450,50.68,183,158,139,177,147,0,996,0
Pct 7324,Election Day,7324,1,756,216,28.57,79,71,59,78,54,0,523,0
Pct 7324,VBM,7324,1,756,385,50.93,152,154,106,146,124,3,855,0
Pct 7325,Election Day,7325,1,973,282,28.98,99,75,82,106,76,1,689,0
Pct 7325,VBM,7325,1,973,510,52.42,194,164,140,182,156,4,1200,0
Pct 7326,Election Day,7326,1,922,266,28.85,107,81,87,109,82,0,598,0
Pct 7326,VBM,7326,1,922,483,52.39,204,172,131,203,176,1,1045,0
Pct 7327,Election Day,7327,1,762,95,12.47,39,30,28,42,27,0,214,0
Pct 7327,VBM,7327,1,762,339,44.49,142,117,90,144,99,2,762,0
Pct 7328,Election Day,7328,1,1024,115,11.23,37,32,32,37,39,1,282,0
Pct 7328,VBM,7328,1,1024,502,49.02,222,189,135,214,154,9,1081,4
Pct 7329,Election Day,7329,1,607,120,19.77,34,35,29,42,33,0,307,0
Pct 7329,VBM,7329,1,607,334,55.02,139,130,123,141,120,0,683,0
Pct 7331,Election Day,7331,1,933,260,27.87,92,89,67,87,84,1,620,0
Pct 7331,VBM,7331,1,933,533,57.13,203,236,153,226,213,1,1100,0
Pct 7332,Election Day,7332,1,889,274,30.82,91,63,97,94,63,1,687,0
Pct 7332,VBM,7332,1,889,444,49.94,211,158,158,199,141,10,899,0
Pct 7333,Election Day,7333,1,1101,324,29.43,118,89,82,110,101,5,791,0
Pct 7333,VBM,7333,1,1101,564,51.23,238,212,165,231,177,0,1233,0
Pct 7334,Election Day,7334,1,963,248,25.75,94,76,81,95,67,4,575,0
Pct 7334,VBM,7334,1,963,526,54.62,222,194,155,197,152,1,1183,0
Pct 7335,Election Day,7335,1,1002,306,30.54,124,96,92,116,79,1,716,0
Pct 7335,VBM,7335,1,1002,588,58.68,230,236,182,234,200,1,1269,0
Pct 7336,Election Day,7336,1,1017,275,27.04,101,68,70,90,74,0,697,0
Pct 7336,VBM,7336,1,1017,608,59.78,268,244,199,257,216,3,1241,4
Pct 7337,Election Day,7337,1,944,223,23.62,88,68,80,86,65,1,500,4
Pct 7337,VBM,7337,1,944,532,56.36,212,202,152,236,198,1,1127,0
Pct 7338,Election Day,7338,1,1005,195,19.40,76,55,62,74,56,1,456,0
Pct 7338,VBM,7338,1,1005,500,49.75,210,183,139,226,172,0,1070,0
Pct 7339,Election Day,7339,1,660,179,27.12,79,63,74,75,54,2,369,0
Pct 7339,VBM,7339,1,660,316,47.88,148,127,107,143,109,1,625,4
Pct 7341,Election Day,7341,1,974,289,29.67,107,73,92,98,71,0,715,0
Pct 7341,VBM,7341,1,974,476,48.87,197,162,173,199,158,4,1011,0
Pct 7342,Election Day,7342,1,1034,380,36.75,164,117,126,149,120,1,843,0
Pct 7342,VBM,7342,1,1034,411,39.75,194,158,154,187,145,3,803,0
Pct 7343,Election Day,7343,1,746,267,35.79,116,70,100,99,68,3,612,0
Pct 7343,VBM,7343,1,746,351,47.05,159,136,125,168,109,1,706,0
Pct 7344,Election Day,7344,1,1143,352,30.80,137,104,126,120,94,1,826,0
Pct 7344,VBM,7344,1,1143,564,49.34,262,227,207,236,195,2,1119,8
Pct 7345,Election Day,7345,1,1186,365,30.78,149,108,127,130,102,0,844,0
Pct 7345,VBM,7345,1,1186,526,44.35,239,202,204,216,180,3,1056,4
Pct 7346,Election Day,7346,1,991,328,33.10,142,92,136,142,82,1,717,0
Pct 7346,VBM,7346,1,991,434,43.79,208,156,158,186,135,2,891,0
Pct 7347,Election Day,7347,1,1085,335,30.88,137,85,115,119,100,3,781,0
Pct 7347,VBM,7347,1,1085,506,46.64,258,194,184,232,176,0,980,0
Pct 7348,Election Day,7348,1,957,231,24.14,91,63,79,74,67,0,550,0
Pct 7348,VBM,7348,1,957,416,43.47,182,175,137,177,141,0,852,0
Pct 7349,Election Day,7349,1,1006,277,27.53,131,84,101,109,83,2,598,0
Pct 7349,VBM,7349,1,1006,494,49.11,239,224,155,225,186,2,945,0
Pct 7501,Election Day,7501,1,574,201,35.02,74,61,57,63,68,0,481,0
Pct 7501,VBM,7501,1,574,321,55.92,125,127,109,124,117,1,681,0
Pct 7502,Election Day,7502,1,808,240,29.70,93,69,65,75,74,0,584,0
Pct 7502,VBM,7502,1,808,454,56.19,201,189,162,198,166,1,895,4
Pct 7503,Election Day,7503,1,808,252,31.19,100,72,78,87,78,0,593,0
Pct 7503,VBM,7503,1,808,436,53.96,188,179,140,178,157,1,897,4
Pct 7504,Election Day,7504,1,503,158,31.41,56,38,39,50,39,2,408,0
Pct 7504,VBM,7504,1,503,262,52.09,105,95,80,106,74,8,560,20
Pct 7505,Election Day,7505,1,915,181,19.78,69,63,45,75,67,0,405,0
Pct 7505,VBM,7505,1,915,581,63.50,259,257,146,250,230,6,1168,8
Pct 7506,Election Day,7506,1,1018,261,25.64,126,83,89,97,82,0,567,0
Pct 7506,VBM,7506,1,1018,537,52.75,244,192,168,198,200,3,1143,0
Pct 7507,Election Day,7507,1,992,244,24.60,130,77,87,89,78,1,514,0
Pct 7507,VBM,7507,1,992,387,39.01,243,163,137,173,149,0,679,4
Pct 7508,Election Day,7508,1,735,150,20.41,62,47,56,58,47,0,330,0
Pct 7508,VBM,7508,1,735,456,62.04,215,192,149,192,165,0,903,8
Pct 7509/7511,Election Day,7509,1,1006,260,25.84,116,88,90,96,81,0,569,0
Pct 7509/7511,VBM,7509,1,1006,565,56.16,257,244,183,252,195,6,1123,0
Pct 7512,Election Day,7512,1,638,168,26.33,78,46,57,63,39,1,384,4
Pct 7512,VBM,7512,1,638,325,50.94,159,124,121,152,110,0,630,4
Pct 7513,Election Day,7513,1,836,257,30.74,108,61,73,91,52,4,635,4
Pct 7513,VBM,7513,1,836,344,41.15,175,146,104,140,124,0,687,0
Pct 7514,Election Day,7514,1,886,186,20.99,91,50,42,43,48,2,468,0
Pct 7514,VBM,7514,1,886,358,40.41,201,156,105,134,141,1,694,0
Pct 7515,Election Day,7515,1,898,262,29.18,129,92,73,102,77,0,575,0
Pct 7515,VBM,7515,1,898,448,49.89,231,171,131,163,147,1,948,0
Pct 7516,Election Day,7516,1,907,201,22.16,96,76,60,80,64,0,428,0
Pct 7516,VBM,7516,1,907,558,61.52,276,247,175,254,224,11,1045,0
Pct 7517,Election Day,7517,1,956,354,37.03,174,107,154,160,85,1,735,0
Pct 7517,VBM,7517,1,956,472,49.37,239,181,180,231,150,2,901,4
Pct 7518,Election Day,7518,1,993,356,35.85,173,97,156,169,90,1,738,0
Pct 7518,VBM,7518,1,993,502,50.55,268,196,201,257,173,1,912,0
Pct 7519,Election Day,7519,1,802,283,35.29,145,78,115,121,69,0,604,0
Pct 7519,VBM,7519,1,802,393,49.00,191,159,151,189,123,5,750,4
Pct 7521,Election Day,7521,1,854,321,37.59,162,91,118,145,86,0,682,0
Pct 7521,VBM,7521,1,854,405,47.42,210,151,157,189,117,2,794,0
Pct 7522,Election Day,7522,1,848,307,36.20,170,96,129,163,81,0,589,0
Pct 7522,VBM,7522,1,848,435,51.30,224,146,171,209,141,1,844,4
Pct 7523,Election Day,7523,1,821,288,35.08,169,81,155,156,70,0,521,0
Pct 7523,VBM,7523,1,821,401,48.84,183,115,147,178,94,0,887,0
Pct 7524,Election Day,7524,1,728,228,31.32,116,64,83,79,57,2,511,0
Pct 7524,VBM,7524,1,728,304,41.76,169,111,115,138,104,0,579,0
Pct 7525,Election Day,7525,1,870,236,27.13,113,66,90,83,70,0,522,0
Pct 7525,VBM,7525,1,870,400,45.98,208,140,123,165,129,4,831,0
Pct 7526,Election Day,7526,1,999,280,28.03,119,78,116,128,80,0,599,0
Pct 7526,VBM,7526,1,999,578,57.86,293,225,202,272,197,1,1122,0
Pct 7527/7528,Election Day,7527,1,773,258,33.38,114,74,94,106,63,0,581,0
Pct 7527/7528,VBM,7527,1,773,366,47.35,181,153,124,154,113,1,734,4
Pct 7529,Election Day,7529,1,992,318,32.06,163,84,139,136,68,1,681,0
Pct 7529,VBM,7529,1,992,542,54.64,292,213,214,258,162,0,1029,0
Pct 7531,Election Day,7531,1,954,301,31.55,163,78,136,140,71,0,616,0
Pct 7531,VBM,7531,1,954,504,52.83,242,185,173,236,154,1,1025,0
Pct 7532,Election Day,7532,1,886,280,31.60,133,74,102,120,68,1,622,0
Pct 7532,VBM,7532,1,886,461,52.03,215,156,149,204,150,2,968,0
Pct 7533,Election Day,7533,1,1025,428,41.76,224,122,201,200,111,6,848,0
Pct 7533,VBM,7533,1,1025,482,47.02,233,164,178,206,134,4,1009,0
Pct 7534,Election Day,7534,1,967,337,34.85,170,87,147,159,88,1,696,0
Pct 7534,VBM,7534,1,967,438,45.29,235,161,164,220,140,1,831,0
Pct 7535,Election Day,7535,1,807,296,36.68,156,95,127,137,73,1,595,0
Pct 7535,VBM,7535,1,807,415,51.43,210,152,161,199,125,3,810,0
Pct 7536,Election Day,7536,1,895,295,32.96,142,85,103,132,73,2,643,0
Pct 7536,VBM,7536,1,895,480,53.63,234,162,169,222,120,0,1009,4
Pct 7537,Election Day,7537,1,783,294,37.55,144,76,121,140,77,0,618,0
Pct 7537,VBM,7537,1,783,370,47.25,189,135,147,195,122,0,692,0
Pct 7538,Election Day,7538,1,831,291,35.02,155,81,143,145,78,0,562,0
Pct 7538,VBM,7538,1,831,445,53.55,209,162,173,207,132,2,895,0
Pct 7539,Election Day,7539,1,978,363,37.12,194,96,177,179,79,0,727,0
Pct 7539,VBM,7539,1,978,458,46.83,235,135,194,218,106,0,944,0
Pct 7541,Election Day,7541,1,865,271,31.33,142,71,122,127,66,0,556,0
Pct 7541,VBM,7541,1,865,457,52.83,216,150,162,211,116,6,967,0
Pct 7542,Election Day,7542,1,906,291,32.12,166,92,144,149,80,8,525,0
Pct 7542,VBM,7542,1,906,465,51.32,249,156,220,237,122,2,874,0
Pct 7543,Election Day,7543,1,993,267,26.89,142,72,109,119,67,1,558,0
Pct 7543,VBM,7543,1,993,539,54.28,292,204,218,273,170,1,998,0
Pct 7544,Election Day,7544,1,962,295,30.67,133,72,122,126,86,5,636,0
Pct 7544,VBM,7544,1,962,526,54.68,252,191,202,252,181,3,1023,0
Pct 7545,Election Day,7545,1,970,276,28.45,136,76,118,128,70,1,575,0
Pct 7545,VBM,7545,1,970,557,57.42,284,219,205,254,173,1,1092,0
Pct 7546,Election Day,7546,1,935,365,39.04,173,107,142,174,99,0,761,4
Pct 7546,VBM,7546,1,935,452,48.34,262,181,198,240,148,1,778,0
Pct 7547,Election Day,7547,1,1057,335,31.69,176,85,141,159,68,3,708,0
Pct 7547,VBM,7547,1,1057,502,47.49,242,165,184,234,148,5,1030,0
Pct 7548,Election Day,7548,1,1135,338,29.78,178,99,126,160,94,0,695,0
Pct 7548,VBM,7548,1,1135,556,48.99,268,227,187,274,200,6,1062,0
Pct 7549,Election Day,7549,1,854,276,32.32,123,77,97,116,78,4,609,0
Pct 7549,VBM,7549,1,854,458,53.63,211,187,174,218,154,1,887,0
Pct 7551,Election Day,7551,1,762,252,33.07,120,72,95,115,69,0,533,4
Pct 7551,VBM,7551,1,762,417,54.72,214,156,138,205,140,1,814,0
Pct 7552,Election Day,7552,1,756,256,33.86,128,84,106,122,77,0,507,0
Pct 7552,VBM,7552,1,756,422,55.82,215,169,154,201,129,0,820,0
Pct 7553 MB,Election Day,7553,1,187,5,2.67,0,0,0,0,0,0,20,0
Pct 7553 MB,VBM,7553,1,187,163,87.17,84,80,54,70,62,1,301,0
Pct 7554,Election Day,7554,1,859,279,32.48,133,109,92,126,90,0,566,0
Pct 7554,VBM,7554,1,859,490,57.04,228,203,181,235,168,1,944,0
Pct 7555,Election Day,7555,1,893,298,33.37,142,116,111,138,103,0,582,0
Pct 7555,VBM,7555,1,893,548,61.37,267,200,203,274,172,2,1074,0
Pct 7556/7557,Election Day,7556,1,1008,315,31.25,154,106,111,150,111,1,627,0
Pct 7556/7557,VBM,7556,1,1008,591,58.63,290,272,200,324,208,3,1063,4
Pct 7601,Election Day,7601,1,929,223,24.00,97,69,87,85,49,4,501,0
Pct 7601,VBM,7601,1,929,365,39.29,196,145,120,153,127,3,712,4
Pct 7602,Election Day,7602,1,962,267,27.75,129,81,116,103,61,0,574,4
Pct 7602,VBM,7602,1,962,422,43.87,214,166,175,197,136,1,791,8
Pct 7603,Election Day,7603,1,888,286,32.21,140,94,110,109,85,0,606,0
Pct 7603,VBM,7603,1,888,404,45.50,234,157,174,206,140,1,704,0
Pct 7604,Election Day,7604,1,989,284,28.72,125,80,96,108,72,2,653,0
Pct 7604,VBM,7604,1,989,393,39.74,197,166,175,157,144,1,728,4
Pct 7605,Election Day,7605,1,771,191,24.77,74,49,55,54,38,1,493,0
Pct 7605,VBM,7605,1,771,237,30.74,136,99,87,99,83,0,444,0
Pct 7606,Election Day,7606,1,992,247,24.90,110,73,98,82,64,0,561,0
Pct 7606,VBM,7606,1,992,393,39.62,194,133,156,166,120,5,790,8
Pct 7607,Election Day,7607,1,1055,272,25.78,131,94,95,97,74,1,596,0
Pct 7607,VBM,7607,1,1055,438,41.52,238,173,179,193,141,5,823,0
Pct 7608,Election Day,7608,1,456,89,19.52,36,24,24,27,21,1,223,0
Pct 7608,VBM,7608,1,456,155,33.99,81,78,48,70,54,1,284,4
Pct 7609,Election Day,7609,1,1051,153,14.56,64,47,41,43,38,0,371,8
Pct 7609,VBM,7609,1,1051,398,37.87,221,167,103,178,155,1,763,4
Pct 7611,Election Day,7611,1,898,155,17.26,68,50,50,57,51,0,340,4
Pct 7611,VBM,7611,1,898,324,36.08,158,117,90,128,102,2,699,0
Pct 7612,Election Day,7612,1,668,120,17.96,58,37,38,52,29,0,266,0
Pct 7612,VBM,7612,1,668,298,44.61,151,136,111,133,101,4,556,0
Pct 7613,Election Day,7613,1,1015,225,22.17,110,75,84,90,62,2,477,0
Pct 7613,VBM,7613,1,1015,392,38.62,215,157,150,140,129,8,765,4
Pct 7614,Election Day,7614,1,1177,275,23.36,123,85,77,84,79,9,643,0
Pct 7614,VBM,7614,1,1177,518,44.01,282,219,198,216,170,2,985,0
Pct 7615,Election Day,7615,1,1020,216,21.18,103,61,77,67,62,2,488,4
Pct 7615,VBM,7615,1,1020,312,30.59,159,134,91,119,122,2,621,0
Pct 7616,Election Day,7616,1,981,195,19.88,74,64,57,62,47,0,476,0
Pct 7616,VBM,7616,1,981,612,62.39,261,237,199,232,200,1,1318,0
Pct 7617,Election Day,7617,1,898,151,16.82,64,49,47,43,48,0,353,0
Pct 7617,VBM,7617,1,898,365,40.65,197,152,128,158,122,0,691,12
Pct 7618,Election Day,7618,1,948,184,19.41,100,59,74,84,49,1,369,0
Pct 7618,VBM,7618,1,948,505,53.27,267,213,184,258,155,9,934,0
Pct 7619,Election Day,7619,1,1971,418,21.21,186,126,139,133,112,7,969,0
Pct 7619,VBM,7619,1,1971,1067,54.13,518,430,351,457,388,11,2113,0
Pct 7621,Election Day,7621,1,1082,254,23.48,117,81,64,82,73,1,598,0
Pct 7621,VBM,7621,1,1082,546,50.46,270,236,192,216,177,4,1089,0
Pct 7622,Election Day,7622,1,1007,181,17.97,74,62,60,62,49,0,417,0
Pct 7622,VBM,7622,1,1007,353,35.05,184,138,119,138,129,2,678,24
Pct 7623,Election Day,7623,1,839,171,20.38,82,58,63,67,43,0,371,0
Pct 7623,VBM,7623,1,839,296,35.28,160,126,113,136,86,0,555,8
Pct 7624,Election Day,7624,1,1074,212,19.74,95,75,67,81,57,2,459,12
Pct 7624,VBM,7624,1,1074,353,32.87,193,166,130,150,132,2,639,0
Pct 7625,Election Day,7625,1,896,87,9.71,38,26,25,33,22,0,204,0
Pct 7625,VBM,7625,1,896,530,59.15,271,237,147,256,189,0,1016,4
Pct 7626,Election Day,7626,1,1177,291,24.72,125,101,97,98,96,0,647,0
Pct 7626,VBM,7626,1,1177,720,61.17,320,307,266,278,254,5,1450,0
Pct 7627,Election Day,7627,1,1586,411,25.91,147,134,105,122,131,0,1005,0
Pct 7627,VBM,7627,1,1586,915,57.69,344,358,242,328,328,1,2059,0
Pct 7628,Election Day,7628,1,1006,255,25.35,118,75,97,100,64,1,565,0
Pct 7628,VBM,7628,1,1006,465,46.22,234,183,166,218,147,5,907,0
Pct 7629,Election Day,7629,1,837,212,25.33,103,60,77,86,45,1,472,4
Pct 7629,VBM,7629,1,837,365,43.61,163,138,125,144,119,0,771,0
Pct 7631,Election Day,7631,1,1143,313,27.38,127,98,99,107,83,3,735,0
Pct 7631,VBM,7631,1,1143,602,52.67,290,271,202,266,228,4,1143,4
Pct 7632,Election Day,7632,1,727,190,26.13,102,76,74,85,66,1,352,4
Pct 7632,VBM,7632,1,727,342,47.04,159,140,141,165,100,7,656,0
Pct 7633,Election Day,7633,1,731,182,24.90,88,58,56,72,57,0,397,0
Pct 7633,VBM,7633,1,731,392,53.63,192,183,137,168,136,2,750,0
Pct 7634,Election Day,7634,1,1017,222,21.83,87,62,59,75,59,0,546,0
Pct 7634,VBM,7634,1,1017,484,47.59,256,219,153,209,196,1,902,0
Pct 7635,Election Day,7635,1,868,202,23.27,80,56,77,69,52,0,474,0
Pct 7635,VBM,7635,1,868,441,50.81,203,171,118,156,143,1,972,0
Pct 7636,Election Day,7636,1,993,282,28.40,112,86,75,85,83,0,687,0
Pct 7636,VBM,7636,1,993,502,50.55,187,164,126,168,149,3,1211,0
Pct 7637,Election Day,7637,1,1361,370,27.19,141,117,99,103,103,2,907,8
Pct 7637,VBM,7637,1,1361,781,57.38,338,297,247,308,253,1,1680,0
Pct 7638,Election Day,7638,1,1285,300,23.35,98,91,76,88,101,0,746,0
Pct 7638,VBM,7638,1,1285,835,64.98,309,341,270,306,312,1,1801,0
Pct 7639,Election Day,7639,1,1011,267,26.41,102,90,74,75,80,0,647,0
Pct 7639,VBM,7639,1,1011,624,61.72,244,254,184,239,208,1,1366,0
Pct 7641,Election Day,7641,1,977,224,22.93,97,81,72,97,66,4,479,0
Pct 7641,VBM,7641,1,977,571,58.44,235,253,183,242,212,1,1150,8
Pct 7642,Election Day,7642,1,967,212,21.92,78,62,52,66,61,0,529,0
Pct 7642,VBM,7642,1,967,598,61.84,202,170,130,161,190,5,1530,4
Pct 7643,Election Day,7643,1,959,203,21.17,83,70,68,67,61,8,455,0
Pct 7643,VBM,7643,1,959,555,57.87,266,238,175,248,201,1,1091,0
Pct 7644,Election Day,7644,1,1111,322,28.98,138,109,97,102,92,0,750,0
Pct 7644,VBM,7644,1,1111,603,54.28,225,221,172,225,193,0,1372,4
Pct 7645,Election Day,7645,1,669,142,21.23,50,35,38,43,39,0,363,0
Pct 7645,VBM,7645,1,669,445,66.52,165,160,123,166,156,1,1009,0
Pct 7646,Election Day,7646,1,2163,586,27.09,219,187,150,183,175,6,1424,0
Pct 7646,VBM,7646,1,2163,1307,60.43,557,537,348,523,480,3,2780,0
Pct 7647,Election Day,7647,1,1028,260,25.29,127,73,86,77,70,0,607,0
Pct 7647,VBM,7647,1,1028,338,32.88,194,154,124,134,132,0,614,0
Pct 7648 MB,Election Day,7648,1,4,0,0.00,0,0,0,0,0,0,0,0
Pct 7648 MB,VBM,7648,1,4,3,75.00,1,1,1,0,1,0,8,0
Pct 7701,Election Day,7701,1,1049,354,33.75,147,127,117,147,113,1,764,0
Pct 7701,VBM,7701,1,1049,560,53.38,255,220,191,230,193,3,1148,0
Pct 7702,Election Day,7702,1,775,192,24.77,83,74,62,78,81,0,390,0
Pct 7702,VBM,7702,1,775,471,60.77,203,211,124,195,184,0,967,0
Pct 7703 MB,Election Day,7703,1,178,0,0.00,0,0,0,0,0,0,0,0
Pct 7703 MB,VBM,7703,1,178,100,56.18,36,37,16,29,34,0,244,4
Pct 7704,Election Day,7704,1,1006,302,30.02,104,113,78,116,101,1,691,4
Pct 7704,VBM,7704,1,1006,579,57.55,246,239,194,232,226,5,1174,0
Pct 7705,Election Day,7705,1,554,186,33.57,75,76,55,76,70,0,388,4
Pct 7705,VBM,7705,1,554,309,55.78,141,143,112,141,123,2,574,0
Pct 7706,Election Day,7706,1,853,282,33.06,137,103,100,117,106,4,561,0
Pct 7706,VBM,7706,1,853,491,57.56,209,193,146,209,177,6,1024,0
Pct 7707,Election Day,7707,1,854,285,33.37,136,121,104,129,103,1,546,0
Pct 7707,VBM,7707,1,854,499,58.43,207,239,150,234,200,0,966,0
Pct 7708,Election Day,7708,1,894,231,25.84,98,85,81,101,81,0,478,0
Pct 7708,VBM,7708,1,894,552,61.74,270,263,209,265,204,2,995,0
Pct 7709,Election Day,7709,1,390,120,30.77,50,39,50,52,38,0,247,4
Pct 7709,VBM,7709,1,390,234,60.00,144,108,114,123,77,0,370,0
Pct 7711,Election Day,7711,1,789,223,28.26,96,67,75,102,78,2,472,0
Pct 7711,VBM,7711,1,789,462,58.56,222,205,161,221,165,0,874,0
Pct 7712,Election Day,7712,1,577,180,31.20,90,71,71,94,53,0,341,0
Pct 7712,VBM,7712,1,577,338,58.58,178,138,132,176,91,2,635,0
Pct 7801,Election Day,7801,1,975,309,31.69,158,133,94,166,108,0,577,0
Pct 7801,VBM,7801,1,975,655,67.18,321,306,203,355,236,3,1196,0
Pct 7802,Election Day,7802,1,760,261,34.34,128,110,100,141,90,0,475,0
Pct 7802,VBM,7802,1,760,462,60.79,216,187,177,229,151,0,884,4
Pct 7803,Election Day,7803,1,827,200,24.18,99,62,84,104,50,0,401,0
Pct 7803,VBM,7803,1,827,574,69.41,275,262,154,292,192,0,1121,0
Pct 7804,Election Day,7804,1,932,310,33.26,128,115,107,154,94,0,642,0
Pct 7804,VBM,7804,1,932,566,60.73,256,259,196,297,189,3,1064,0
Pct 7805,Election Day,7805,1,852,260,30.52,116,88,102,143,81,0,510,0
Pct 7805,VBM,7805,1,852,501,58.80,244,221,196,283,174,0,886,0
Pct 7806,Election Day,7806,1,746,251,33.65,141,87,109,133,73,0,461,0
Pct 7806,VBM,7806,1,746,412,55.23,206,178,151,224,130,0,759,0
Pct 7807,Election Day,7807,1,774,293,37.86,150,96,126,159,80,2,559,0
Pct 7807,VBM,7807,1,774,378,48.84,200,138,159,211,110,0,694,0
Pct 7808,Election Day,7808,1,702,218,31.05,89,64,79,103,49,0,488,0
Pct 7808,VBM,7808,1,702,360,51.28,196,151,168,200,103,3,619,0
Pct 7809,Election Day,7809,1,1234,401,32.50,205,157,165,211,114,1,747,4
Pct 7809,VBM,7809,1,1234,690,55.92,353,286,239,337,229,3,1313,0
Pct 7811,Election Day,7811,1,806,268,33.25,128,92,108,134,77,2,531,0
Pct 7811,VBM,7811,1,806,428,53.10,229,143,200,225,103,0,812,0
Pct 7812,Election Day,7812,1,892,275,30.83,122,88,110,123,76,1,580,0
Pct 7812,VBM,7812,1,892,477,53.48,257,200,188,273,148,3,835,4
Pct 7813,Election Day,7813,1,1061,362,34.12,192,111,173,191,88,6,687,0
Pct 7813,VBM,7813,1,1061,581,54.76,291,218,227,298,150,1,1135,4
Pct 7814,Election Day,7814,1,919,298,32.43,137,76,113,106,61,0,699,0
Pct 7814,VBM,7814,1,919,369,40.15,201,142,152,169,98,0,706,8
Pct 7815,Election Day,7815,1,967,296,30.61,125,117,101,141,93,1,606,0
Pct 7815,VBM,7815,1,967,583,60.29,315,284,226,347,182,1,977,0
Pct 7816,Election Day,7816,1,896,268,29.91,121,104,102,137,76,1,531,0
Pct 7816,VBM,7816,1,896,555,61.94,277,289,208,333,212,2,899,0
Pct 7817,Election Day,7817,1,804,285,35.45,140,96,125,152,69,1,557,0
Pct 7817,VBM,7817,1,804,426,52.99,229,186,180,263,137,0,709,0
Pct 7818,Election Day,7818,1,889,271,30.48,145,96,113,142,76,0,512,0
Pct 7818,VBM,7818,1,889,516,58.04,266,213,208,270,159,0,948,0
Pct 7819,Election Day,7819,1,809,249,30.78,126,72,99,124,63,2,510,0
Pct 7819,VBM,7819,1,809,433,53.52,230,147,168,212,132,2,837,4
Pct 7821,Election Day,7821,1,998,286,28.66,125,110,108,142,90,2,567,0
Pct 7821,VBM,7821,1,998,630,63.13,319,286,241,349,215,2,1108,0
Pct 7822,Election Day,7822,1,951,318,33.44,156,131,132,182,85,1,585,0
Pct 7822,VBM,7822,1,951,458,48.16,223,216,165,259,162,1,806,0
Pct 7823,Election Day,7823,1,928,294,31.68,166,99,151,177,69,1,513,0
Pct 7823,VBM,7823,1,928,512,55.17,274,240,222,295,158,0,859,0
Pct 7824,Election Day,7824,1,794,254,31.99,118,85,109,129,51,0,524,0
Pct 7824,VBM,7824,1,794,411,51.76,185,167,153,208,134,0,793,4
Pct 7825,Election Day,7825,1,578,216,37.37,120,89,97,126,56,0,376,0
Pct 7825,VBM,7825,1,578,305,52.77,158,128,129,169,107,3,526,0
Pct 7826,Election Day,7826,1,709,259,36.53,143,90,119,153,68,0,463,0
Pct 7826,VBM,7826,1,709,374,52.75,212,149,156,213,110,0,656,0
Pct 7827,Election Day,7827,1,931,313,33.62,155,80,150,155,72,4,636,0
Pct 7827,VBM,7827,1,931,445,47.80,237,139,212,224,116,2,850,0
Pct 7828,Election Day,7828,1,1053,311,29.53,139,118,126,137,89,0,635,0
Pct 7828,VBM,7828,1,1053,613,58.21,289,280,212,312,188,0,1171,0
Pct 7829,Election Day,7829,1,904,269,29.76,121,104,115,145,85,2,504,0
Pct 7829,VBM,7829,1,904,572,63.27,299,285,204,322,232,3,943,0
Pct 7831,Election Day,7831,1,906,272,30.02,145,109,120,160,78,0,476,0
Pct 7831,VBM,7831,1,906,531,58.61,270,272,195,305,197,2,883,0
Pct 7832,Election Day,7832,1,824,247,29.98,118,91,95,126,72,2,484,0
Pct 7832,VBM,7832,1,824,512,62.14,245,211,188,270,167,0,967,0
Pct 7833,Election Day,7833,1,785,251,31.97,122,66,106,126,55,1,528,0
Pct 7833,VBM,7833,1,785,459,58.47,238,171,182,242,147,0,856,0
Pct 7834,Election Day,7834,1,901,321,35.63,161,105,153,169,79,0,617,0
Pct 7834,VBM,7834,1,901,454,50.39,251,149,199,262,130,1,824,0
Pct 7835,Election Day,7835,1,863,249,28.85,115,83,101,122,68,4,503,0
Pct 7835,VBM,7835,1,863,536,62.11,264,265,193,279,191,3,949,0
Pct 7836,Election Day,7836,1,990,290,29.29,147,120,118,144,82,1,548,0
Pct 7836,VBM,7836,1,990,613,61.92,286,272,216,292,207,2,1173,4
Pct 7837,Election Day,7837,1,934,305,32.66,137,108,103,158,99,1,614,0
Pct 7837,VBM,7837,1,934,535,57.28,247,244,170,276,168,4,1031,0
Pct 7838,Election Day,7838,1,933,250,26.80,122,91,95,133,93,0,466,0
Pct 7838,VBM,7838,1,933,589,63.13,308,285,210,335,224,0,990,4
Pct 7839,Election Day,7839,1,869,229,26.35,105,66,88,118,67,0,472,0
Pct 7839,VBM,7839,1,869,556,63.98,264,229,170,287,179,8,1083,4
Pct 7841,Election Day,7841,1,947,309,32.63,152,109,118,159,88,0,610,0
Pct 7841,VBM,7841,1,947,530,55.97,266,202,194,276,161,0,1021,0
Pct 7842,Election Day,7842,1,960,356,37.08,191,121,173,194,94,2,649,0
Pct 7842,VBM,7842,1,960,508,52.92,262,200,226,270,180,1,893,0
Pct 7843,Election Day,7843,1,802,272,33.92,141,95,112,151,65,0,520,4
Pct 7843,VBM,7843,1,802,407,50.75,239,165,196,238,127,1,662,0
Pct 7844,Election Day,7844,1,682,246,36.07,134,69,120,125,58,0,478,0
Pct 7844,VBM,7844,1,682,348,51.03,184,122,157,187,103,1,638,0
Pct 7845,Election Day,7845,1,869,288,33.14,147,92,115,146,73,1,574,4
Pct 7845,VBM,7845,1,869,495,56.96,250,241,180,266,161,0,882,0
Pct 7846,Election Day,7846,1,925,272,29.41,132,110,101,141,79,0,525,0
Pct 7846,VBM,7846,1,925,542,58.59,261,246,190,274,195,1,1001,0
Pct 7847,Election Day,7847,1,960,284,29.58,137,109,121,141,77,1,550,0
Pct 7847,VBM,7847,1,960,559,58.23,269,244,197,299,188,0,1035,4
Pct 7848,Election Day,7848,1,905,304,33.59,134,111,115,155,97,3,601,0
Pct 7848,VBM,7848,1,905,514,56.80,269,239,200,284,189,2,873,0
Pct 7849,Election Day,7849,1,967,318,32.89,171,110,144,171,106,0,570,0
Pct 7849,VBM,7849,1,967,546,56.46,281,234,214,301,193,2,959,0
Pct 7851,Election Day,7851,1,528,168,31.82,62,59,33,75,63,0,380,0
Pct 7851,VBM,7851,1,528,304,57.58,146,152,96,172,125,0,525,0
Pct 7852,Election Day,7852,1,644,179,27.80,70,73,46,82,65,0,380,0
Pct 7852,VBM,7852,1,644,405,62.89,218,199,140,220,181,0,662,0
Pct 7853,Election Day,7853,1,896,252,28.12,115,97,85,107,74,0,530,0
Pct 7853,VBM,7853,1,896,518,57.81,260,269,193,267,209,2,868,4
Pct 7854,Election Day,7854,1,933,302,32.37,127,111,99,132,95,0,644,0
Pct 7854,VBM,7854,1,933,523,56.06,265,225,176,263,180,1,982,0
Pct 7855,Election Day,7855,1,968,326,33.68,162,117,127,176,98,1,623,0
Pct 7855,VBM,7855,1,968,544,56.20,265,232,209,292,182,2,994,0
Pct 7856,Election Day,7856,1,849,289,34.04,147,96,131,152,96,1,533,0
Pct 7856,VBM,7856,1,849,480,56.54,249,195,187,264,149,1,875,0
Pct 7857,Election Day,7857,1,963,323,33.54,175,103,160,174,66,0,614,0
Pct 7857,VBM,7857,1,963,531,55.14,269,190,227,268,163,1,1006,0
Pct 7858,Election Day,7858,1,791,275,34.77,132,63,127,126,63,1,584,4
Pct 7858,VBM,7858,1,791,399,50.44,224,143,192,212,108,4,713,0
Pct 7859,Election Day,7859,1,915,273,29.84,118,88,107,125,79,0,575,0
Pct 7859,VBM,7859,1,915,561,61.31,263,256,178,317,219,2,1009,0
Pct 7861,Election Day,7861,1,881,268,30.42,130,92,111,138,88,0,513,0
Pct 7861,VBM,7861,1,881,508,57.66,245,220,189,274,178,0,926,0
Pct 7862,Election Day,7862,1,923,318,34.45,157,110,135,151,102,0,617,0
Pct 7862,VBM,7862,1,923,497,53.85,243,213,174,272,174,0,912,0
Pct 7863,Election Day,7863,1,939,348,37.06,162,135,153,186,105,3,648,0
Pct 7863,VBM,7863,1,939,471,50.16,250,186,189,246,154,0,859,0
Pct 7864,Election Day,7864,1,815,276,33.87,142,92,119,146,68,0,537,0
Pct 7864,VBM,7864,1,815,427,52.39,206,175,172,227,143,0,785,0
Pct 7865,Election Day,7865,1,853,274,32.12,126,86,116,122,72,1,573,0
Pct 7865,VBM,7865,1,853,480,56.27,242,188,185,252,163,2,888,0
Pct 7866,Election Day,7866,1,831,239,28.76,95,96,89,115,88,1,472,0
Pct 7866,VBM,7866,1,831,507,61.01,246,224,142,241,190,1,984,0
Pct 7867,Election Day,7867,1,946,308,32.56,155,109,109,152,92,4,611,0
Pct 7867,VBM,7867,1,946,514,54.33,285,242,207,265,187,4,866,0
Pct 7868,Election Day,7868,1,901,292,32.41,144,128,110,133,97,0,556,0
Pct 7868,VBM,7868,1,901,472,52.39,245,237,168,259,193,2,784,0
Pct 7869,Election Day,7869,1,874,304,34.78,151,109,137,166,93,0,560,0
Pct 7869,VBM,7869,1,874,485,55.49,270,224,209,273,174,3,787,0
Pct 7871,Election Day,7871,1,909,274,30.14,131,113,95,138,98,0,521,0
Pct 7871,VBM,7871,1,909,530,58.31,285,244,197,282,192,1,915,4
Pct 7872,Election Day,7872,1,902,313,34.70,144,119,125,176,99,0,589,0
Pct 7872,VBM,7872,1,902,506,56.10,264,235,174,275,193,1,882,0
Pct 7873,Election Day,7873,1,874,278,31.81,135,97,117,143,72,0,548,0
Pct 7873,VBM,7873,1,874,510,58.35,271,228,194,285,174,5,883,0
Pct 7874,Election Day,7874,1,482,167,34.65,72,58,76,79,46,1,336,0
Pct 7874,VBM,7874,1,482,241,50.00,131,132,93,135,106,4,363,0
Pct 7875,Election Day,7875,1,628,198,31.53,107,71,93,93,60,0,364,4
Pct 7875,VBM,7875,1,628,327,52.07,180,140,133,167,118,0,566,4
Pct 7901,Election Day,7901,1,1286,375,29.16,173,90,154,164,69,5,845,0
Pct 7901,VBM,7901,1,1286,577,44.87,276,194,235,271,161,5,1158,8
Pct 7902,Election Day,7902,1,1064,327,30.73,159,70,135,147,83,6,704,4
Pct 7902,VBM,7902,1,1064,515,48.40,246,178,227,233,147,1,1028,0
Pct 7903,Election Day,7903,1,929,242,26.05,107,66,93,113,58,0,531,0
Pct 7903,VBM,7903,1,929,410,44.13,224,165,167,222,133,0,729,0
Pct 7904,Election Day,7904,1,926,231,24.95,114,66,112,113,57,1,461,0
Pct 7904,VBM,7904,1,926,463,50.00,241,176,193,229,144,0,869,0
Pct 7905,Election Day,7905,1,851,299,35.14,163,79,141,153,65,1,594,0
Pct 7905,VBM,7905,1,851,419,49.24,248,170,183,226,155,0,690,4
Pct 7906,Election Day,7906,1,854,275,32.20,126,66,136,127,50,0,595,0
Pct 7906,VBM,7906,1,854,378,44.26,207,136,158,205,102,2,702,0
Pct 7907,Election Day,7907,1,991,346,34.91,160,82,155,152,61,2,772,0
Pct 7907,VBM,7907,1,991,488,49.24,254,197,197,250,150,1,903,0
Pct 7908,Election Day,7908,1,1008,310,30.75,151,80,147,146,67,3,646,0
Pct 7908,VBM,7908,1,1008,562,55.75,266,185,239,253,139,0,1162,4
Pct 7909,Election Day,7909,1,787,280,35.58,153,72,122,155,68,1,549,0
Pct 7909,VBM,7909,1,787,364,46.25,184,137,151,193,108,0,683,0
Pct 7911,Election Day,7911,1,907,304,33.52,149,86,134,155,79,0,613,0
Pct 7911,VBM,7911,1,907,430,47.41,228,164,183,214,139,1,791,0
Pct 7912,Election Day,7912,1,1090,348,31.93,170,76,160,172,62,1,751,0
Pct 7912,VBM,7912,1,1090,526,48.26,273,169,225,263,144,1,1029,0
Pct 7913,Election Day,7913,1,964,376,39.00,197,100,181,180,81,1,764,0
Pct 7913,VBM,7913,1,964,424,43.98,203,168,180,212,122,3,808,0
Pct 7914,Election Day,7914,1,895,315,35.20,160,97,144,152,62,1,644,0
Pct 7914,VBM,7914,1,895,437,48.83,248,170,192,248,129,1,760,0
Pct 7915,Election Day,7915,1,892,329,36.88,184,92,161,182,69,0,628,0
Pct 7915,VBM,7915,1,892,387,43.39,211,143,178,192,125,5,694,0
Pct 7916,Election Day,7916,1,953,307,32.21,170,90,153,176,75,1,563,0
Pct 7916,VBM,7916,1,953,461,48.37,268,174,219,263,129,1,790,0
Pct 7917,Election Day,7917,1,1073,389,36.25,178,106,189,178,91,2,808,4
Pct 7917,VBM,7917,1,1073,479,44.64,254,158,221,238,126,2,913,4
Pct 7918,Election Day,7918,1,860,304,35.35,145,86,148,156,60,4,617,0
Pct 7918,VBM,7918,1,860,393,45.70,200,150,175,211,107,1,728,0
Pct 7919,Election Day,7919,1,928,361,38.90,194,85,185,207,71,2,696,4
Pct 7919,VBM,7919,1,928,406,43.75,222,144,197,216,120,4,721,0
Pct 7921,Election Day,7921,1,970,293,30.21,145,80,130,119,79,0,619,0
Pct 7921,VBM,7921,1,970,401,41.34,196,162,185,185,127,0,745,4
Pct 7922,Election Day,7922,1,884,306,34.62,144,74,136,149,67,0,654,0
Pct 7922,VBM,7922,1,884,399,45.14,240,165,186,229,126,4,646,0
Pct 7923,Election Day,7923,1,930,335,36.02,184,94,178,176,70,0,638,0
Pct 7923,VBM,7923,1,930,354,38.06,193,115,174,192,109,0,633,0
Pct 7924,Election Day,7924,1,883,280,31.71,153,72,141,143,58,1,552,0
Pct 7924,VBM,7924,1,883,416,47.11,222,159,192,214,126,4,747,0
Pct 7925,Election Day,7925,1,591,196,33.16,119,70,100,118,56,3,318,0
Pct 7925,VBM,7925,1,591,287,48.56,147,99,118,139,73,0,572,0
Pct 7926,Election Day,7926,1,820,259,31.59,137,75,132,147,58,3,484,0
Pct 7926,VBM,7926,1,820,436,53.17,264,179,198,236,131,1,731,4
Pct 7927,Election Day,7927,1,782,283,36.19,167,84,152,165,59,0,505,0
Pct 7927,VBM,7927,1,782,405,51.79,203,164,173,218,121,1,736,4
Pct 7928,Election Day,7928,1,976,323,33.09,186,107,152,182,96,0,569,0
Pct 7928,VBM,7928,1,976,526,53.89,304,210,253,286,165,3,883,0
Pct 7929,Election Day,7929,1,871,290,33.30,159,98,152,169,82,1,499,0
Pct 7929,VBM,7929,1,871,490,56.26,299,219,231,292,163,1,755,0
Pct 7931,Election Day,7931,1,765,252,32.94,139,90,117,145,61,1,451,4
Pct 7931,VBM,7931,1,765,435,56.86,261,204,198,240,143,0,690,4
Pct 7932,Election Day,7932,1,557,173,31.06,94,63,77,83,50,0,325,0
Pct 7932,VBM,7932,1,557,309,55.48,185,134,134,167,112,0,504,0
Pct 7933 MB,Election Day,7933,1,8,0,0.00,0,0,0,0,0,0,0,0
Pct 7933 MB,VBM,7933,1,8,7,87.50,3,3,2,2,2,0,16,0
Pct 7934,Election Day,7934,1,888,289,32.55,154,80,152,157,64,2,547,0
Pct 7934,VBM,7934,1,888,483,54.39,281,207,255,294,145,1,749,0
Pct 7935,Election Day,7935,1,949,341,35.93,197,116,193,203,85,2,568,0
Pct 7935,VBM,7935,1,949,510,53.74,319,229,234,308,173,0,777,0
Pct 7936,Election Day,7936,1,876,325,37.10,192,129,162,194,82,1,540,0
Pct 7936,VBM,7936,1,876,439,50.11,262,209,210,259,134,2,680,0
Pct 7937,Election Day,7937,1,909,325,35.75,180,103,158,174,70,2,609,4
Pct 7937,VBM,7937,1,909,455,50.06,267,215,212,281,146,0,699,0
Pct 7938,Election Day,7938,1,808,295,36.51,162,82,145,148,71,0,564,8
Pct 7938,VBM,7938,1,808,341,42.20,203,122,172,180,79,1,603,4
Pct 7939,Election Day,7939,1,674,262,38.87,139,95,133,144,57,0,480,0
Pct 7939,VBM,7939,1,674,331,49.11,195,134,156,186,93,0,560,0
Pct 7941,Election Day,7941,1,790,261,33.04,115,74,115,122,76,0,542,0
Pct 7941,VBM,7941,1,790,394,49.87,228,161,158,211,132,1,685,0
Pct 7942,Election Day,7942,1,950,299,31.47,150,102,124,139,76,4,597,4
Pct 7942,VBM,7942,1,950,470,49.47,248,192,185,237,149,1,868,0
Pct 7943,Election Day,7943,1,938,310,33.05,152,99,129,155,88,2,615,0
Pct 7943,VBM,7943,1,938,470,50.11,219,216,191,238,167,2,847,0
Pct 7944,Election Day,7944,1,830,305,36.75,166,92,146,167,65,2,582,0
Pct 7944,VBM,7944,1,830,387,46.63,240,170,187,227,120,0,604,0
Pct 7945,Election Day,7945,1,926,208,22.46,93,64,82,79,53,1,460,0
Pct 7945,VBM,7945,1,926,455,49.14,254,191,174,227,158,1,807,8
Pct 7946,Election Day,7946,1,976,225,23.05,108,75,101,101,67,0,448,0
Pct 7946,VBM,7946,1,976,491,50.31,242,231,170,240,194,1,886,0
Pct 7947,Election Day,7947,1,964,257,26.66,97,75,95,100,60,1,600,0
Pct 7947,VBM,7947,1,964,460,47.72,215,177,135,195,192,2,924,0
Pct 7948,Election Day,7948,1,933,270,28.94,119,64,100,104,61,1,631,0
Pct 7948,VBM,7948,1,933,451,48.34,215,198,180,206,169,5,823,8
Pct 7949,Election Day,7949,1,594,142,23.91,65,36,48,45,39,0,335,0
Pct 7949,VBM,7949,1,594,291,48.99,129,131,75,132,110,0,587,0
Pct 7951,Election Day,7951,1,841,189,22.47,81,54,66,70,52,0,433,0
Pct 7951,VBM,7951,1,841,456,54.22,221,197,144,189,172,1,900,0
Pct 7952,Election Day,7952,1,865,221,25.55,96,65,76,76,77,2,492,0
Pct 7952,VBM,7952,1,865,430,49.71,219,177,147,206,142,8,821,0
Pct 7953,Election Day,7953,1,853,216,25.32,113,77,88,100,61,0,425,0
Pct 7953,VBM,7953,1,853,461,54.04,217,195,151,204,179,0,898,0
Pct 7954 MB,Election Day,7954,1,0,0,0.00,0,0,0,0,0,0,0,0
Pct 7954 MB,VBM,7954,1,0,0,0.00,0,0,0,0,0,0,0,0
Pct 7955,Election Day,7955,1,899,218,24.25,88,72,75,88,66,2,481,0
Pct 7955,VBM,7955,1,899,466,51.84,236,206,161,201,182,3,875,0
Pct 7956,Election Day,7956,1,779,199,25.55,76,66,68,68,68,2,448,0
Pct 7956,VBM,7956,1,779,380,48.78,183,175,128,169,146,2,717,0
Pct 7957,Election Day,7957,1,664,188,28.31,99,61,78,71,45,1,397,0
Pct 7957,VBM,7957,1,664,336,50.60,172,151,116,149,130,0,618,8
Pct 7958 MB,Election Day,7958,1,291,8,2.75,5,3,3,4,1,0,16,0
Pct 7958 MB,VBM,7958,1,291,191,65.64,100,76,62,88,58,1,379,0
Pct 9001 MB,Election Day,9001,1,269,11,4.09,5,2,1,0,1,0,35,0
Pct 9001 MB,VBM,9001,1,269,186,69.14,116,99,69,82,78,0,296,4
Pct 9101,Election Day,9101,1,899,296,32.93,126,90,95,108,101,1,663,0
Pct 9101,VBM,9101,1,899,444,49.39,175,173,126,173,168,3,954,4
Pct 9102,Election Day,9102,1,989,313,31.65,124,97,115,122,85,3,706,0
Pct 9102,VBM,9102,1,989,504,50.96,220,204,158,204,178,8,1044,0
Pct 9103,Election Day,9103,1,971,317,32.65,141,108,92,117,80,2,728,0
Pct 9103,VBM,9103,1,971,469,48.30,209,194,134,189,172,4,974,0
Pct 9104,Election Day,9104,1,1004,273,27.19,135,94,101,120,89,1,552,0
Pct 9104,VBM,9104,1,1004,522,51.99,264,218,166,229,178,1,1032,0
Pct 9105,Election Day,9105,1,975,316,32.41,148,126,106,147,99,0,638,0
Pct 9105,VBM,9105,1,975,501,51.38,211,191,145,198,172,7,1080,0
Pct 9106,Election Day,9106,1,938,307,32.73,127,101,100,110,98,0,692,0
Pct 9106,VBM,9106,1,938,512,54.58,230,215,167,221,198,10,1007,0
Pct 9107,Election Day,9107,1,859,290,33.76,123,88,93,109,81,0,666,0
Pct 9107,VBM,9107,1,859,389,45.29,184,152,144,144,123,1,796,12
Pct 9108,Election Day,9108,1,815,294,36.07,130,100,96,124,115,1,610,0
Pct 9108,VBM,9108,1,815,397,48.71,197,175,122,185,148,0,761,0
Pct 9109,Election Day,9109,1,875,311,35.54,127,106,93,118,89,1,710,0
Pct 9109,VBM,9109,1,875,438,50.06,200,172,151,176,151,0,902,0
Pct 9111,Election Day,9111,1,785,278,35.41,111,79,84,93,64,2,679,0
Pct 9111,VBM,9111,1,785,359,45.73,162,138,125,158,123,1,729,0
Pct 9112,Election Day,9112,1,975,294,30.15,140,110,99,121,94,0,612,0
Pct 9112,VBM,9112,1,975,510,52.31,222,203,149,228,186,0,1052,0
Pct 9113,Election Day,9113,1,1008,331,32.84,145,119,112,133,113,0,702,0
Pct 9113,VBM,9113,1,1008,522,51.79,255,214,146,231,189,0,1053,0
Pct 9114,Election Day,9114,1,913,308,33.73,132,89,110,104,85,0,712,0
Pct 9114,VBM,9114,1,913,441,48.30,210,167,143,184,155,9,896,0
Pct 9115,Election Day,9115,1,948,293,30.91,135,96,101,124,89,0,627,0
Pct 9115,VBM,9115,1,948,468,49.37,214,165,127,201,159,6,1000,0
Pct 9116,Election Day,9116,1,986,326,33.06,170,97,131,140,89,1,676,0
Pct 9116,VBM,9116,1,986,485,49.19,221,183,160,211,160,2,1003,0
Pct 9117,Election Day,9117,1,785,232,29.55,109,92,92,104,73,2,456,0
Pct 9117,VBM,9117,1,785,438,55.80,172,181,123,169,157,1,949,0
Pct 9118,Election Day,9118,1,987,295,29.89,120,89,98,112,89,0,672,0
Pct 9118,VBM,9118,1,987,485,49.14,198,176,138,185,163,1,1079,0
Pct 9119,Election Day,9119,1,911,275,30.19,123,81,85,91,83,2,631,4
Pct 9119,VBM,9119,1,911,469,51.48,208,197,161,208,156,1,945,0
Pct 9121,Election Day,9121,1,950,314,33.05,129,103,88,118,107,4,707,0
Pct 9121,VBM,9121,1,950,444,46.74,191,174,131,168,173,3,936,0
Pct 9122,Election Day,9122,1,976,262,26.84,129,90,107,113,72,0,537,0
Pct 9122,VBM,9122,1,976,507,51.95,199,189,160,181,184,1,1110,4
Pct 9123,Election Day,9123,1,902,290,32.15,121,108,100,110,78,1,642,0
Pct 9123,VBM,9123,1,902,450,49.89,203,170,135,201,157,1,933,0
Pct 9124,Election Day,9124,1,940,263,27.98,102,80,72,93,84,0,621,0
Pct 9124,VBM,9124,1,940,467,49.68,202,168,132,177,160,1,1024,4
Pct 9125,Election Day,9125,1,911,263,28.87,124,82,83,93,81,0,589,0
Pct 9125,VBM,9125,1,911,477,52.36,217,190,156,186,164,0,995,0
Pct 9126,Election Day,9126,1,978,283,28.94,140,97,84,121,93,2,595,0
Pct 9126,VBM,9126,1,978,537,54.91,219,209,169,215,191,1,1144,0
Pct 9127,Election Day,9127,1,985,347,35.23,153,114,117,146,106,1,751,0
Pct 9127,VBM,9127,1,985,472,47.92,202,171,142,178,161,4,1030,0
Pct 9128,Election Day,9128,1,859,282,32.83,111,93,80,109,85,0,650,0
Pct 9128,VBM,9128,1,859,445,51.80,201,180,127,188,160,0,924,0
Pct 9129,Election Day,9129,1,772,259,33.55,119,78,102,108,64,5,560,0
Pct 9129,VBM,9129,1,772,362,46.89,170,134,100,140,112,1,787,4
Pct 9131,Election Day,9131,1,806,250,31.02,118,78,84,107,84,5,524,0
Pct 9131,VBM,9131,1,806,411,50.99,194,157,124,162,139,5,863,0
Pct 9132,Election Day,9132,1,898,297,33.07,131,94,100,116,86,0,661,0
Pct 9132,VBM,9132,1,898,404,44.99,205,145,148,180,122,0,816,0
Pct 9133,Election Day,9133,1,1083,299,27.61,154,109,116,139,96,2,576,4
Pct 9133,VBM,9133,1,1083,589,54.39,273,251,159,249,197,9,1218,0
Pct 9134,Election Day,9134,1,937,248,26.47,108,58,80,89,56,0,601,0
Pct 9134,VBM,9134,1,937,519,55.39,214,177,172,204,159,1,1149,0
Pct 9135,Election Day,9135,1,831,242,29.12,101,78,87,78,68,0,556,0
Pct 9135,VBM,9135,1,831,410,49.34,166,148,128,154,121,2,921,0
Pct 9136,Election Day,9136,1,952,313,32.88,147,99,93,111,92,1,709,0
Pct 9136,VBM,9136,1,952,475,49.89,253,207,181,215,172,5,867,0
Pct 9137,Election Day,9137,1,977,287,29.38,123,90,97,101,94,7,636,0
Pct 9137,VBM,9137,1,977,498,50.97,236,200,163,203,193,1,996,0
Pct 9138,Election Day,9138,1,930,264,28.39,119,78,91,99,74,0,595,0
Pct 9138,VBM,9138,1,930,507,54.52,242,202,170,226,184,10,990,4
Pct 9139,Election Day,9139,1,1004,298,29.68,129,103,99,120,99,0,642,0
Pct 9139,VBM,9139,1,1004,533,53.09,244,216,172,226,191,6,1077,0
Pct 9141,Election Day,9141,1,963,296,30.74,130,92,103,111,88,0,656,4
Pct 9141,VBM,9141,1,963,498,51.71,237,210,145,240,200,1,959,0
Pct 9142,Election Day,9142,1,1003,327,32.60,153,103,106,131,89,0,726,0
Pct 9142,VBM,9142,1,1003,516,51.45,275,216,175,244,192,0,962,0
Pct 9143,Election Day,9143,1,921,290,31.49,151,91,113,135,76,1,593,0
Pct 9143,VBM,9143,1,921,457,49.62,210,168,138,191,151,3,967,0
Pct 9144,Election Day,9144,1,983,341,34.69,161,118,121,150,124,0,690,0
Pct 9144,VBM,9144,1,983,491,49.95,212,217,162,219,182,0,972,0
Pct 9145,Election Day,9145,1,889,297,33.41,139,100,101,128,97,0,623,0
Pct 9145,VBM,9145,1,889,456,51.29,208,183,139,194,158,0,938,4
Pct 9146,Election Day,9146,1,929,359,38.64,164,115,126,138,85,0,808,0
Pct 9146,VBM,9146,1,929,440,47.36,217,157,168,192,128,3,895,0
Pct 9147,Election Day,9147,1,983,302,30.72,145,82,112,131,87,1,650,0
Pct 9147,VBM,9147,1,983,516,52.49,228,169,178,215,158,1,1115,0
Pct 9148,Election Day,9148,1,1007,340,33.76,165,118,120,147,104,0,706,0
Pct 9148,VBM,9148,1,1007,529,52.53,231,193,155,215,166,4,1152,0
Pct 9149,Election Day,9149,1,976,320,32.79,142,100,116,131,74,2,715,0
Pct 9149,VBM,9149,1,976,522,53.48,245,201,183,223,180,10,1046,0
Pct 9151,Election Day,9151,1,858,288,33.57,119,102,97,89,99,1,645,0
Pct 9151,VBM,9151,1,858,416,48.48,188,161,119,170,163,1,862,0
Pct 9152,Election Day,9152,1,842,291,34.56,125,92,99,86,78,0,684,0
Pct 9152,VBM,9152,1,842,345,40.97,159,122,118,143,131,2,705,0
Pct 9201,Election Day,9201,1,1047,404,38.59,196,143,165,177,135,1,799,0
Pct 9201,VBM,9201,1,1047,489,46.70,243,208,199,217,192,4,893,0
Pct 9202,Election Day,9202,1,962,342,35.55,123,122,96,121,118,0,788,0
Pct 9202,VBM,9202,1,962,464,48.23,195,189,155,192,176,3,946,0
Pct 9203,Election Day,9203,1,1006,308,30.62,79,77,73,86,81,0,836,0
Pct 9203,VBM,9203,1,1006,549,54.57,186,202,140,159,187,1,1321,0
Pct 9204,Election Day,9204,1,849,325,38.28,98,98,84,102,110,1,807,0
Pct 9204,VBM,9204,1,849,408,48.06,156,161,119,148,152,0,896,0
Pct 9205,Election Day,9205,1,760,249,32.76,73,70,64,70,76,3,640,0
Pct 9205,VBM,9205,1,760,403,53.03,154,143,91,135,129,0,960,0
Pct 9206,Election Day,9206,1,960,287,29.90,72,86,68,77,76,0,769,0
Pct 9206,VBM,9206,1,960,535,55.73,193,208,143,197,206,3,1190,0
Pct 9207,Election Day,9207,1,980,335,34.18,92,106,93,92,84,4,869,0
Pct 9207,VBM,9207,1,980,510,52.04,143,177,135,143,158,1,1283,0
Pct 9208,Election Day,9208,1,1028,356,34.63,106,116,100,100,86,1,915,0
Pct 9208,VBM,9208,1,1028,541,52.63,174,200,148,161,177,1,1303,0
Pct 9209,Election Day,9209,1,750,283,37.73,82,79,73,77,94,1,726,0
Pct 9209,VBM,9209,1,750,363,48.40,113,120,101,113,99,0,906,0
Pct 9211,Election Day,9211,1,910,326,35.82,90,106,81,107,100,0,820,0
Pct 9211,VBM,9211,1,910,452,49.67,134,133,119,119,148,2,1153,0
Pct 9212,Election Day,9212,1,857,298,34.77,97,88,74,73,88,0,772,0
Pct 9212,VBM,9212,1,857,448,52.28,170,156,127,135,153,6,1041,4
Pct 9213,Election Day,9213,1,987,349,35.36,105,123,95,102,110,0,861,0
Pct 9213,VBM,9213,1,987,504,51.06,170,182,138,169,157,1,1195,4
Pct 9214,Election Day,9214,1,632,195,30.85,57,66,63,52,54,0,484,4
Pct 9214,VBM,9214,1,632,344,54.43,117,144,109,121,116,1,768,0
Pct 9215,Election Day,9215,1,645,216,33.49,71,72,53,70,70,2,526,0
Pct 9215,VBM,9215,1,645,350,54.26,114,138,95,126,111,1,815,0
Pct 9216,Election Day,9216,1,861,301,34.96,98,101,82,89,94,1,739,0
Pct 9216,VBM,9216,1,861,425,49.36,138,148,106,126,145,3,1034,0
Pct 9217,Election Day,9217,1,761,268,35.22,85,84,69,80,89,0,665,0
Pct 9217,VBM,9217,1,761,394,51.77,138,132,107,133,144,0,922,0
Pct 9218,Election Day,9218,1,868,288,33.18,100,98,79,94,95,0,686,0
Pct 9218,VBM,9218,1,868,442,50.92,132,163,124,131,137,3,1078,0
Pct 9219,Election Day,9219,1,829,295,35.59,84,89,76,90,89,0,752,0
Pct 9219,VBM,9219,1,829,424,51.15,149,165,123,143,138,2,976,0
Pct 9221,Election Day,9221,1,662,171,25.83,49,60,41,60,64,0,410,0
Pct 9221,VBM,9221,1,662,466,70.39,137,204,124,183,160,1,1055,0
Pct 9222,Election Day,9222,1,889,281,31.61,81,89,65,90,89,0,710,0
Pct 9222,VBM,9222,1,889,530,59.62,176,230,124,186,215,4,1181,4
Pct 9223,Election Day,9223,1,664,184,27.71,62,56,47,52,67,0,452,0
Pct 9223,VBM,9223,1,664,389,58.58,116,136,99,125,131,1,948,0
Pct 9224,Election Day,9224,1,993,300,30.21,87,103,82,95,88,0,745,0
Pct 9224,VBM,9224,1,993,563,56.70,213,237,169,223,188,1,1221,0
Pct 9225,Election Day,9225,1,994,346,34.81,124,102,83,100,118,1,856,0
Pct 9225,VBM,9225,1,994,580,58.35,213,210,158,204,198,3,1334,0
Pct 9226,Election Day,9226,1,960,292,30.42,84,97,71,96,94,1,725,0
Pct 9226,VBM,9226,1,960,541,56.35,180,208,151,189,185,4,1243,4
Pct 9227,Election Day,9227,1,759,237,31.23,77,89,64,73,83,0,562,0
Pct 9227,VBM,9227,1,759,428,56.39,177,192,127,207,174,3,828,4
Pct 9228,Election Day,9228,1,725,233,32.14,94,77,71,88,79,0,523,0
Pct 9228,VBM,9228,1,725,418,57.66,158,196,130,189,181,1,817,0
Pct 9229,Election Day,9229,1,615,195,31.71,72,83,61,93,85,0,386,0
Pct 9229,VBM,9229,1,615,360,58.54,142,157,98,144,144,5,750,0
Pct 9231,Election Day,9231,1,1006,372,36.98,158,140,131,157,128,1,773,0
Pct 9231,VBM,9231,1,1006,497,49.40,201,207,153,201,183,1,1042,0
Pct 9232,Election Day,9232,1,746,276,37.00,99,99,91,103,80,2,630,0
Pct 9232,VBM,9232,1,746,419,56.17,170,197,108,178,190,4,829,0
Pct 9233,Election Day,9233,1,816,268,32.84,76,89,50,89,91,1,672,4
Pct 9233,VBM,9233,1,816,468,57.35,149,199,122,182,159,0,1061,0
Pct 9234,Election Day,9234,1,759,216,28.46,86,73,70,71,65,0,499,0
Pct 9234,VBM,9234,1,759,448,59.03,147,195,109,172,169,0,1000,0
Pct 9235,Election Day,9235,1,907,303,33.41,119,127,94,113,113,0,646,0
Pct 9235,VBM,9235,1,907,515,56.78,159,198,122,196,192,0,1193,0
Pct 9236,Election Day,9236,1,682,237,34.75,71,79,58,65,77,1,597,0
Pct 9236,VBM,9236,1,682,363,53.23,125,151,97,139,124,3,813,0
Pct 9237,Election Day,9237,1,941,279,29.65,84,97,61,86,87,1,700,0
Pct 9237,VBM,9237,1,941,545,57.92,191,195,144,199,187,1,1263,0
Pct 9238,Election Day,9238,1,846,271,32.03,100,102,72,101,88,0,621,0
Pct 9238,VBM,9238,1,846,538,63.59,187,215,147,218,207,1,1173,4
Pct 9239,Election Day,9239,1,885,250,28.25,91,90,54,89,87,0,589,0
Pct 9239,VBM,9239,1,885,588,66.44,216,228,138,226,208,0,1332,4
Pct 9241,Election Day,9241,1,1027,286,27.85,90,90,70,92,92,0,710,0
Pct 9241,VBM,9241,1,1027,608,59.20,224,233,197,229,209,1,1335,4
Pct 9242,Election Day,9242,1,1023,317,30.99,101,102,94,99,106,1,765,0
Pct 9242,VBM,9242,1,1023,568,55.52,224,224,143,218,224,3,1232,4
Pct 9243,Election Day,9243,1,611,228,37.32,87,79,69,80,77,0,520,0
Pct 9243,VBM,9243,1,611,327,53.52,126,141,101,131,132,2,675,0
Pct 9244,Election Day,9244,1,940,279,29.68,89,91,81,98,79,0,678,0
Pct 9244,VBM,9244,1,940,545,57.98,192,220,139,185,187,3,1254,0
Pct 9245,Election Day,9245,1,725,229,31.59,86,82,73,81,74,0,520,0
Pct 9245,VBM,9245,1,725,398,54.90,167,164,140,161,132,2,826,0
Pct 9246,Election Day,9246,1,964,293,30.39,103,86,67,98,89,0,729,0
Pct 9246,VBM,9246,1,964,549,56.95,197,188,148,189,176,5,1293,0
Pct 9247,Election Day,9247,1,1004,315,31.37,107,101,88,101,92,0,771,0
Pct 9247,VBM,9247,1,1004,570,56.77,219,237,157,233,216,3,1215,0
Pct 9248,Election Day,9248,1,955,296,30.99,125,101,91,114,84,1,668,0
Pct 9248,VBM,9248,1,955,550,57.59,213,220,151,213,192,0,1211,0
Pct 9249,Election Day,9249,1,926,322,34.77,121,125,105,137,116,0,684,0
Pct 9249,VBM,9249,1,926,485,52.38,186,209,153,193,175,4,1020,0
Pct 9251,Election Day,9251,1,982,324,32.99,130,116,92,122,108,5,723,0
Pct 9251,VBM,9251,1,982,547,55.70,243,224,179,218,197,7,1120,0
Pct 9252,Election Day,9252,1,943,284,30.12,114,98,91,108,92,0,633,0
Pct 9252,VBM,9252,1,943,553,58.64,228,245,179,223,203,7,1123,4
Pct 9253,Election Day,9253,1,808,253,31.31,88,78,73,89,77,0,599,8
Pct 9253,VBM,9253,1,808,456,56.44,192,185,155,203,137,2,946,4
Pct 9254,Election Day,9254,1,951,300,31.55,113,90,90,107,89,1,710,0
Pct 9254,VBM,9254,1,951,571,60.04,228,226,141,208,189,0,1292,0
Pct 9255,Election Day,9255,1,577,213,36.92,95,75,82,83,74,1,442,0
Pct 9255,VBM,9255,1,577,305,52.86,112,110,87,101,93,2,715,0
Pct 9256,Election Day,9256,1,403,133,33.00,49,37,34,42,38,0,332,0
Pct 9256,VBM,9256,1,403,209,51.86,85,80,68,74,67,0,462,0
Pct 9257 MB,Election Day,9257,1,339,9,2.65,2,2,2,1,1,0,28,0
Pct 9257 MB,VBM,9257,1,339,278,82.01,138,106,109,120,81,0,558,0
Pct 9258,Election Day,9258,1,715,216,30.21,90,88,74,80,71,0,461,0
Pct 9258,VBM,9258,1,715,429,60.00,184,172,140,200,155,3,862,0
Pct 9401,Election Day,9401,1,1014,355,35.01,162,109,131,147,93,0,778,0
Pct 9401,VBM,9401,1,1014,460,45.36,200,162,183,202,152,10,931,0
Pct 9402,Election Day,9402,1,1028,323,31.42,131,110,102,135,100,1,713,0
Pct 9402,VBM,9402,1,1028,493,47.96,233,183,159,224,166,5,1002,0
Pct 9403,Election Day,9403,1,933,273,29.26,107,76,85,111,76,0,637,0
Pct 9403,VBM,9403,1,933,466,49.95,238,203,166,218,175,5,851,8
Pct 9404,Election Day,9404,1,921,286,31.05,137,92,115,129,91,0,580,0
Pct 9404,VBM,9404,1,921,458,49.73,208,176,149,188,148,7,952,4
Pct 9405,Election Day,9405,1,818,258,31.54,110,88,78,111,83,2,560,0
Pct 9405,VBM,9405,1,818,441,53.91,197,177,129,198,158,6,899,0
Pct 9406,Election Day,9406,1,916,291,31.77,121,91,102,120,92,0,638,0
Pct 9406,VBM,9406,1,916,500,54.59,242,223,165,251,182,2,935,0
Pct 9407,Election Day,9407,1,941,309,32.84,123,88,97,114,77,0,737,0
Pct 9407,VBM,9407,1,941,419,44.53,187,170,135,178,149,1,856,0
Pct 9408,Election Day,9408,1,879,297,33.79,140,93,108,119,94,0,634,0
Pct 9408,VBM,9408,1,879,407,46.30,214,145,133,180,113,0,843,0
Pct 9409,Election Day,9409,1,626,236,37.70,117,69,84,104,55,0,515,0
Pct 9409,VBM,9409,1,626,288,46.01,128,98,96,126,91,5,604,4
Pct 9411,Election Day,9411,1,1051,345,32.83,146,107,119,134,99,1,774,0
Pct 9411,VBM,9411,1,1051,495,47.10,233,193,171,223,179,0,977,4
Pct 9412,Election Day,9412,1,885,291,32.88,137,97,101,138,89,1,597,4
Pct 9412,VBM,9412,1,885,412,46.55,182,148,143,193,120,0,862,0
Pct 9413,Election Day,9413,1,907,265,29.22,112,90,95,108,80,0,575,0
Pct 9413,VBM,9413,1,907,477,52.59,201,182,150,208,148,5,1014,0
Pct 9414,Election Day,9414,1,894,272,30.43,114,80,78,113,73,0,630,0
Pct 9414,VBM,9414,1,894,468,52.35,206,187,159,216,167,7,926,4
Pct 9415,Election Day,9415,1,798,216,27.07,86,70,68,81,53,0,506,0
Pct 9415,VBM,9415,1,798,421,52.76,189,177,136,176,159,0,847,0
Pct 9416,Election Day,9416,1,1018,305,29.96,130,110,104,132,98,1,641,4
Pct 9416,VBM,9416,1,1018,501,49.21,222,179,148,203,185,1,1066,0
Pct 9417,Election Day,9417,1,759,192,25.30,87,59,53,78,58,3,430,0
Pct 9417,VBM,9417,1,759,412,54.28,169,166,123,180,136,0,870,4
Pct 9418,Election Day,9418,1,814,235,28.87,93,74,66,87,74,0,546,0
Pct 9418,VBM,9418,1,814,407,50.00,151,150,116,154,132,0,925,0
Pct 9419,Election Day,9419,1,902,245,27.16,92,75,70,81,73,0,589,0
Pct 9419,VBM,9419,1,902,463,51.33,195,172,137,170,157,6,1015,0
Pct 9421,Election Day,9421,1,929,243,26.16,88,72,66,85,71,0,590,0
Pct 9421,VBM,9421,1,929,489,52.64,217,193,140,209,165,1,1027,4
Pct 9422,Election Day,9422,1,1082,348,32.16,133,117,104,134,110,0,794,0
Pct 9422,VBM,9422,1,1082,539,49.82,262,224,185,237,216,2,1022,8
Pct 9423,Election Day,9423,1,909,269,29.59,100,77,86,96,69,4,644,0
Pct 9423,VBM,9423,1,909,449,49.39,213,193,171,213,158,11,837,0
Pct 9424,Election Day,9424,1,951,246,25.87,104,75,78,87,90,0,550,0
Pct 9424,VBM,9424,1,951,510,53.63,223,224,154,241,213,0,985,0
Pct 9425,Election Day,9425,1,964,258,26.76,103,78,77,91,71,5,607,0
Pct 9425,VBM,9425,1,964,490,50.83,211,192,145,194,159,0,1059,0
Pct 9426,Election Day,9426,1,835,241,28.86,100,83,69,89,78,4,541,0
Pct 9426,VBM,9426,1,835,422,50.54,185,152,134,176,149,4,888,0
Pct 9427,Election Day,9427,1,963,250,25.96,86,74,70,84,63,4,619,0
Pct 9427,VBM,9427,1,963,483,50.16,207,207,137,201,183,0,997,0
Pct 9428,Election Day,9428,1,963,232,24.09,87,56,72,74,61,2,576,0
Pct 9428,VBM,9428,1,963,522,54.21,223,209,141,212,211,0,1092,0
Pct 9429,Election Day,9429,1,909,284,31.24,111,83,79,99,90,1,673,0
Pct 9429,VBM,9429,1,909,423,46.53,182,156,129,164,148,0,913,0
Pct 9431,Election Day,9431,1,1024,265,25.88,108,75,79,95,77,0,626,0
Pct 9431,VBM,9431,1,1024,556,54.30,263,231,170,254,210,4,1092,0
Pct 9432,Election Day,9432,1,913,277,30.34,93,87,91,94,72,0,671,0
Pct 9432,VBM,9432,1,913,441,48.30,198,179,128,186,149,5,919,0
Pct 9433,Election Day,9433,1,973,256,26.31,107,88,71,84,89,1,584,0
Pct 9433,VBM,9433,1,973,503,51.70,222,206,152,211,171,0,1046,4
Pct 9434,Election Day,9434,1,997,302,30.29,112,104,98,120,90,0,684,0
Pct 9434,VBM,9434,1,997,501,50.25,232,208,178,205,188,0,993,0
Pct 9435,Election Day,9435,1,969,276,28.48,118,92,90,111,85,0,604,4
Pct 9435,VBM,9435,1,969,489,50.46,211,210,160,207,185,1,982,0
Pct 9436,Election Day,9436,1,994,263,26.46,103,77,79,91,79,1,622,0
Pct 9436,VBM,9436,1,994,520,52.31,229,205,162,209,178,2,1095,0
Pct 9437,Election Day,9437,1,954,281,29.45,118,97,84,107,97,1,620,0
Pct 9437,VBM,9437,1,954,432,45.28,186,193,137,199,174,3,836,0
Pct 9438,Election Day,9438,1,1000,242,24.20,69,66,69,78,75,0,611,0
Pct 9438,VBM,9438,1,1000,549,54.90,253,218,149,223,211,4,1138,0
Pct 9439,Election Day,9439,1,903,222,24.58,80,79,66,84,73,0,506,0
Pct 9439,VBM,9439,1,903,468,51.83,202,196,129,217,169,3,956,0
Pct 9441,Election Day,9441,1,1004,283,28.19,120,86,82,112,101,0,631,0
Pct 9441,VBM,9441,1,1004,517,51.49,259,236,180,237,206,4,946,0
Pct 9442,Election Day,9442,1,1027,334,32.52,138,102,95,120,101,0,772,8
Pct 9442,VBM,9442,1,1027,475,46.25,208,167,153,203,184,4,977,4
Pct 9443,Election Day,9443,1,937,286,30.52,115,98,74,111,106,4,632,4
Pct 9443,VBM,9443,1,937,462,49.31,211,202,154,205,181,5,890,0
Pct 9444,Election Day,9444,1,955,253,26.49,87,81,69,78,80,2,615,0
Pct 9444,VBM,9444,1,955,467,48.90,223,195,163,196,176,12,903,0
Pct 9445,Election Day,9445,1,993,270,27.19,112,85,87,99,80,1,616,0
Pct 9445,VBM,9445,1,993,481,48.44,235,190,168,232,180,1,918,0
Pct 9446,Election Day,9446,1,1084,305,28.14,130,117,93,117,99,2,662,0
Pct 9446,VBM,9446,1,1084,607,56.00,261,245,171,239,239,1,1272,0
Pct 9447,Election Day,9447,1,954,268,28.09,124,91,93,120,103,0,541,0
Pct 9447,VBM,9447,1,954,493,51.68,216,207,151,217,182,5,994,0
Pct 9448,Election Day,9448,1,950,269,28.32,108,83,85,103,75,1,621,0
Pct 9448,VBM,9448,1,950,459,48.32,195,176,130,195,166,0,970,4
Pct 9449,Election Day,9449,1,820,178,21.71,65,48,57,59,48,4,431,0
Pct 9449,VBM,9449,1,820,461,56.22,224,175,145,186,167,6,941,0
Pct 9451,Election Day,9451,1,438,123,28.08,44,38,44,45,41,0,280,0
Pct 9451,VBM,9451,1,438,247,56.39,100,109,92,100,96,0,487,4
Pct 9452,Election Day,9452,1,829,289,34.86,116,97,80,106,104,0,653,0
Pct 9452,VBM,9452,1,829,412,49.70,169,144,133,154,139,0,909,0
Pct 9453,Election Day,9453,1,502,147,29.28,52,48,41,53,53,2,339,0
Pct 9453,VBM,9453,1,502,268,53.39,101,106,80,103,90,1,591,0
Pct 9501 MB,Election Day,9501,1,153,6,3.92,1,1,1,1,1,0,19,0
Pct 9501 MB,VBM,9501,1,153,125,81.70,43,40,40,57,43,0,277,0
Pct 9502 MB,Election Day,9502,1,233,5,2.15,2,2,1,2,1,0,12,0
Pct 9502 MB,VBM,9502,1,233,204,87.55,80,82,57,76,74,0,447,0
Pct 9503/9504,Election Day,9503,1,822,277,33.70,113,85,88,101,81,1,635,4
Pct 9503/9504,VBM,9503,1,822,397,48.30,171,161,130,176,142,0,808,0
Pct 9505,Election Day,9505,1,804,226,28.11,99,69,66,80,60,3,527,0
Pct 9505,VBM,9505,1,804,391,48.63,203,172,130,181,142,4,732,0
Pct 9506,Election Day,9506,1,810,266,32.84,151,83,98,105,72,0,555,0
Pct 9506,VBM,9506,1,810,336,41.48,175,149,113,153,109,2,639,4
Pct 9507,Election Day,9507,1,783,248,31.67,124,87,96,120,63,2,500,0
Pct 9507,VBM,9507,1,783,390,49.81,232,154,152,205,121,0,696,0
Pct 9508,Election Day,9508,1,862,304,35.27,151,70,132,139,72,1,651,0
Pct 9508,VBM,9508,1,862,416,48.26,216,165,152,191,114,2,824,0
Pct 9509,Election Day,9509,1,758,237,31.27,122,59,112,111,48,0,496,0
Pct 9509,VBM,9509,1,758,424,55.94,199,148,158,190,125,4,872,0
Pct 9511,Election Day,9511,1,630,236,37.46,129,57,109,121,55,0,473,0
Pct 9511,VBM,9511,1,630,293,46.51,150,97,118,130,75,1,601,0
Pct 9512,Election Day,9512,1,848,279,32.90,147,77,121,123,82,4,562,0
Pct 9512,VBM,9512,1,848,430,50.71,231,153,178,201,129,1,827,0
Pct 9513,Election Day,9513,1,952,319,33.51,162,85,128,130,80,1,690,0
Pct 9513,VBM,9513,1,952,447,46.95,243,174,188,212,149,4,818,0
Pct 9514/9522,Election Day,9514,1,959,342,35.66,155,109,132,158,98,0,716,0
Pct 9514/9522,VBM,9514,1,959,490,51.09,229,187,145,207,168,1,1023,0
Pct 9515,Election Day,9515,1,748,278,37.17,133,93,102,115,79,1,589,0
Pct 9515,VBM,9515,1,748,368,49.20,195,144,131,170,117,1,714,0
Pct 9516,Election Day,9516,1,922,311,33.73,141,102,109,129,85,1,677,0
Pct 9516,VBM,9516,1,922,452,49.02,210,179,152,198,161,1,907,0
Pct 9517,Election Day,9517,1,854,279,32.67,126,75,112,112,69,1,621,0
Pct 9517,VBM,9517,1,854,434,50.82,194,153,150,205,117,0,917,0
Pct 9518,Election Day,9518,1,826,275,33.29,130,95,101,119,92,0,563,0
Pct 9518,VBM,9518,1,826,432,52.30,214,157,154,189,142,2,870,0
Pct 9519,Election Day,9519,1,922,307,33.30,146,103,113,132,98,0,636,0
Pct 9519,VBM,9519,1,922,483,52.39,232,175,153,238,158,3,973,0
Pct 9521,Election Day,9521,1,947,354,37.38,176,114,123,161,99,0,743,0
Pct 9521,VBM,9521,1,947,473,49.95,242,182,167,211,158,1,931,0
Pct 9701,Election Day,9701,1,664,212,31.93,83,72,80,86,54,0,469,4
Pct 9701,VBM,9701,1,664,359,54.07,166,132,120,159,107,2,750,0
Pct 9702,Election Day,9702,1,760,257,33.82,127,81,90,119,74,4,533,0
Pct 9702,VBM,9702,1,760,383,50.39,192,147,150,180,112,3,748,0
Pct 9703,Election Day,9703,1,989,276,27.91,118,105,111,111,86,2,571,0
Pct 9703,VBM,9703,1,989,542,54.80,234,212,195,240,192,7,1088,0
Pct 9704,Election Day,9704,1,971,302,31.10,139,108,102,123,90,1,645,0
Pct 9704,VBM,9704,1,971,534,54.99,216,210,158,229,163,1,1159,0
Pct 9705,Election Day,9705,1,954,325,34.07,144,122,102,145,100,0,687,0
Pct 9705,VBM,9705,1,954,511,53.56,216,211,159,230,179,0,1049,0
Pct 9706 MB,Election Day,9706,1,54,3,5.56,0,0,0,0,0,0,12,0
Pct 9706 MB,VBM,9706,1,54,51,94.44,25,19,20,24,15,0,101,0
Pct 9707,Election Day,9707,1,805,185,22.98,63,59,53,68,57,0,440,0
Pct 9707,VBM,9707,1,805,494,61.37,213,201,146,202,172,0,1042,0
Pct 9708,Election Day,9708,1,956,299,31.28,135,93,90,130,94,13,641,0
Pct 9708,VBM,9708,1,956,530,55.44,223,185,152,209,172,7,1172,0
Pct 9709,Election Day,9709,1,1029,290,28.18,114,99,82,90,86,0,681,8
Pct 9709,VBM,9709,1,1029,558,54.23,231,243,162,230,226,1,1139,0
Pct 9711,Election Day,9711,1,643,212,32.97,103,96,79,102,74,0,394,0
Pct 9711,VBM,9711,1,643,360,55.99,152,143,123,157,132,1,732,0
Pct 9712,Election Day,9712,1,656,199,30.34,79,75,62,92,71,0,417,0
Pct 9712,VBM,9712,1,656,394,60.06,147,158,126,160,142,0,843,0
Pct 9713,Election Day,9713,1,974,268,27.52,85,83,73,79,81,4,667,0
Pct 9713,VBM,9713,1,974,514,52.77,201,227,170,193,197,0,1068,0
Pct 9714,Election Day,9714,1,941,268,28.48,113,111,86,116,93,0,553,0
Pct 9714,VBM,9714,1,941,557,59.19,220,223,169,210,194,4,1208,0
Pct 9715,Election Day,9715,1,580,212,36.55,89,94,51,83,86,0,445,0
Pct 9715,VBM,9715,1,580,309,53.28,94,120,83,138,115,0,686,0
Pct 9716,Election Day,9716,1,975,288,29.54,97,92,87,102,84,2,688,0
Pct 9716,VBM,9716,1,975,503,51.59,223,208,166,206,192,0,1017,0
Pct 9717,Election Day,9717,1,993,338,34.04,109,118,93,117,95,1,815,4
Pct 9717,VBM,9717,1,993,499,50.25,211,211,169,213,179,1,1012,0
Pct 9718,Election Day,9718,1,859,267,31.08,97,101,90,113,107,0,560,0
Pct 9718,VBM,9718,1,859,488,56.81,205,194,154,197,176,0,1022,4
Pct 9719,Election Day,9719,1,880,263,29.89,98,89,97,108,98,1,561,0
Pct 9719,VBM,9719,1,880,492,55.91,210,241,145,226,209,0,937,0
Pct 9721,Election Day,9721,1,657,222,33.79,80,95,75,92,84,1,461,0
Pct 9721,VBM,9721,1,657,353,53.73,132,154,97,134,142,3,750,0
Pct 9722,Election Day,9722,1,634,162,25.55,61,67,45,66,59,0,350,0
Pct 9722,VBM,9722,1,634,381,60.09,160,182,115,154,151,5,757,0
Pct 9723,Election Day,9723,1,478,111,23.22,36,39,23,23,44,1,278,0
Pct 9723,VBM,9723,1,478,285,59.62,104,117,62,104,95,0,658,0
Pct 9724,Election Day,9724,1,978,255,26.07,88,92,78,92,84,1,585,0
Pct 9724,VBM,9724,1,978,569,58.18,197,227,146,200,198,4,1296,8
Pct 9725,Election Day,9725,1,985,251,25.48,97,95,73,84,87,1,567,0
Pct 9725,VBM,9725,1,985,532,54.01,185,212,153,184,178,1,1215,0
Pct 9726,Election Day,9726,1,782,303,38.75,125,97,79,85,105,5,716,0
Pct 9726,VBM,9726,1,782,303,38.75,148,118,102,116,108,0,620,0
Pct 9727,Election Day,9727,1,454,111,24.45,46,52,40,41,42,0,223,0
Pct 9727,VBM,9727,1,454,285,62.78,120,140,78,105,131,0,566,0
Pct 9728,Election Day,9728,1,937,287,30.63,102,102,84,87,84,1,688,0
Pct 9728,VBM,9728,1,937,518,55.28,230,239,159,216,222,0,1006,0
Pct 9729,Election Day,9729,1,802,218,27.18,76,86,71,80,77,0,482,0
Pct 9729,VBM,9729,1,802,490,61.10,193,223,144,231,202,0,967,0
Pct 9731,Election Day,9731,1,548,198,36.13,74,80,57,68,82,0,431,0
Pct 9731,VBM,9731,1,548,287,52.37,115,118,98,118,109,4,586,0
Pct 9732 MB,Election Day,9732,1,76,1,1.32,0,0,1,0,0,0,3,0
Pct 9732 MB,VBM,9732,1,76,70,92.11,22,24,15,20,21,4,174,0
Pct 9733 MB,Election Day,9733,1,221,4,1.81,4,3,1,2,3,0,3,0
Pct 9733 MB,VBM,9733,1,221,200,90.50,93,90,61,97,88,1,370,0
Pct 9734,Election Day,9734,1,603,185,30.68,69,81,65,75,71,4,375,0
Pct 9734,VBM,9734,1,603,350,58.04,149,176,126,155,153,1,640,0
Pct 9735,Election Day,9735,1,807,227,28.13,94,96,53,95,87,3,480,0
Pct 9735,VBM,9735,1,807,472,58.49,181,211,160,213,197,4,922,0
Pct 9736,Election Day,9736,1,729,209,28.67,98,88,70,100,79,2,399,0
Pct 9736,VBM,9736,1,729,442,60.63,205,193,134,206,165,0,865,0
Pct 9737,Election Day,9737,1,782,233,29.80,99,81,65,98,85,1,503,0
Pct 9737,VBM,9737,1,782,482,61.64,236,218,179,228,163,3,897,4
Pct 9738,Election Day,9738,1,850,275,32.35,112,100,86,84,79,5,634,0
Pct 9738,VBM,9738,1,850,405,47.65,190,179,114,169,166,5,793,4
Pct 9739,Election Day,9739,1,912,302,33.11,119,107,93,93,85,0,707,4
Pct 9739,VBM,9739,1,912,379,41.56,195,169,145,151,150,5,701,0
Pct 9741,Election Day,9741,1,1064,433,40.70,152,132,94,70,126,5,1153,0
Pct 9741,VBM,9741,1,1064,246,23.12,105,104,67,59,97,0,552,0
Pct 9742,Election Day,9742,1,669,217,32.44,89,87,62,78,81,0,471,0
Pct 9742,VBM,9742,1,669,313,46.79,102,129,91,111,124,2,693,0
Pct 9743,Election Day,9743,1,1159,363,31.32,141,128,102,117,127,1,836,0
Pct 9743,VBM,9743,1,1159,544,46.94,263,245,176,215,207,1,1069,0
Pct 9744,Election Day,9744,1,968,364,37.60,163,135,118,108,123,0,805,4
Pct 9744,VBM,9744,1,968,399,41.22,180,167,127,161,140,3,818,0
Pct 9745,Election Day,9745,1,1052,359,34.13,146,119,114,110,112,1,834,0
Pct 9745,VBM,9745,1,1052,403,38.31,199,188,143,181,148,0,749,4
Pct 9746,Election Day,9746,1,903,310,34.33,123,108,103,98,99,7,702,0
Pct 9746,VBM,9746,1,903,473,52.38,207,213,155,192,194,4,927,0
Pct 9747,Election Day,9747,1,989,301,30.43,133,109,104,118,86,0,654,0
Pct 9747,VBM,9747,1,989,496,50.15,247,221,174,220,182,6,934,0
Pct 9748,Election Day,9748,1,981,278,28.34,109,107,82,91,89,1,633,0
Pct 9748,VBM,9748,1,981,531,54.13,244,236,200,216,212,3,1013,0
Pct 9749,Election Day,9749,1,969,256,26.42,115,81,82,82,84,0,580,0
Pct 9749,VBM,9749,1,969,430,44.38,217,172,153,170,161,2,845,0
Pct 9751,Election Day,9751,1,1011,306,30.27,126,121,102,115,98,1,657,4
Pct 9751,VBM,9751,1,1011,602,59.55,274,257,186,269,257,7,1158,0
Pct 9752,Election Day,9752,1,721,206,28.57,96,71,75,88,72,1,421,0
Pct 9752,VBM,9752,1,721,420,58.25,210,194,165,198,164,0,749,0
Pct 9753,Election Day,9753,1,777,228,29.34,119,85,94,92,82,1,439,0
Pct 9753,VBM,9753,1,777,408,52.51,196,154,164,184,152,7,775,0
Pct 9754,Election Day,9754,1,744,259,34.81,121,92,99,117,77,1,529,0
Pct 9754,VBM,9754,1,744,389,52.28,207,186,136,191,134,1,701,0
Pct 9755,Election Day,9755,1,605,185,30.58,86,59,80,73,44,0,398,0
Pct 9755,VBM,9755,1,605,307,50.74,156,133,118,138,122,1,556,4
Pct 9756,Election Day,9756,1,980,279,28.47,108,107,74,92,98,1,636,0
Pct 9756,VBM,9756,1,980,505,51.53,236,208,150,190,176,3,1057,0
Pct 9801,Election Day,9801,1,434,131,30.18,47,46,47,46,32,5,297,4
Pct 9801,VBM,9801,1,434,208,47.93,116,96,79,98,81,0,362,0
Pct 9900 MB,Election Day,9900,1,0,0,0.00,0,0,0,0,0,0,0,0
Pct 9900 MB,VBM,9900,1,0,0,0.00,0,0,0,0,0,0,0,0
Pct 9901 MB,Election Day,9901,1,0,0,0.00,0,0,0,0,0,0,0,0
Pct 9901 MB,VBM,9901,1,0,0,0.00,0,0,0,0,0,0,0,0
Pct 9902 MB,Election Day,9902,1,0,0,0.00,0,0,0,0,0,0,0,0
Pct 9902 MB,VBM,9902,1,0,0,0.00,0,0,0,0,0,0,0,0