precinct,ballot_type,registered,ballots_cast,turnout,JANE_KIM,SCOTT_WIENER,KEN_LOO,WRITE-IN,over_votes,under_votes
1101,Election_Day,518,83,16.02,46,25,6,1,,5
1101,VBM,518,169,32.63,75,71,15,1,,7
1102,Election_Day,931,255,27.39,106,106,15,2,1,25
1102,VBM,931,311,33.4,125,127,34,,,25
1103,Election_Day,897,193,21.52,90,67,11,2,,23
1103,VBM,897,320,35.67,117,137,35,1,1,29
1104/1105,Election_Day,925,192,20.76,98,57,12,,,25
1104/1105,VBM,925,292,31.57,120,120,27,2,,23
1106,Election_Day,760,159,20.92,74,55,10,2,,18
1106,VBM,760,247,32.5,87,105,32,1,1,21
1107,Election_Day,723,131,18.12,64,45,7,,,15
1107,VBM,723,237,32.78,86,100,23,3,,25
1108,Election_Day,896,161,17.97,82,54,11,,,14
1108,VBM,896,344,38.39,128,162,23,,,31
1109,Election_Day,770,135,17.53,65,51,6,,,13
1109,VBM,770,265,34.42,85,109,43,,,28
1111,Election_Day,916,149,16.27,74,49,10,2,,14
1111,VBM,916,292,31.88,129,115,30,,2,16
1112,Election_Day,701,114,16.26,46,36,10,1,1,20
1112,VBM,701,219,31.24,104,69,20,1,2,23
1113,Election_Day,663,100,15.08,50,31,7,,2,10
1113,VBM,663,239,36.05,90,77,44,2,1,25
1114,Election_Day,905,170,18.78,74,53,17,,,26
1114,VBM,905,278,30.72,121,89,40,1,,27
1115,Election_Day,848,137,16.16,69,44,5,1,,18
1115,VBM,848,288,33.96,110,113,29,,1,35
1116,Election_Day,812,148,18.23,79,51,4,,,14
1116,VBM,812,239,29.43,77,124,19,1,2,16
1117,Election_Day,817,155,18.97,68,57,7,,,23
1117,VBM,817,245,29.99,93,96,25,1,1,29
1118,Election_Day,972,178,18.31,84,67,7,2,,18
1118,VBM,972,320,32.92,113,149,29,,1,28
1119,Election_Day,719,122,16.97,65,45,1,,,11
1119,VBM,719,241,33.52,83,116,19,1,2,20
1121,Election_Day,642,114,17.76,52,42,11,,,9
1121,VBM,642,219,34.11,71,94,30,,2,22
1122,Election_Day,613,105,17.13,54,33,4,1,,13
1122,VBM,613,189,30.83,80,66,30,1,,12
1123,Election_Day,881,140,15.89,75,47,5,,,13
1123,VBM,881,244,27.7,102,105,18,1,,18
1124,Election_Day,758,149,19.66,65,60,6,1,,17
1124,VBM,758,208,27.44,84,76,25,1,2,20
1125,Election_Day,935,116,12.41,50,41,7,1,,17
1125,VBM,935,287,30.7,96,134,28,2,1,26
1126,Election_Day,864,146,16.9,64,59,12,2,,9
1126,VBM,864,283,32.75,95,130,23,1,1,33
1127,Election_Day,841,161,19.14,73,52,15,,,21
1127,VBM,841,281,33.41,123,110,28,1,1,18
1128,Election_Day,813,117,14.39,47,43,11,,,16
1128,VBM,813,265,32.6,101,105,34,,1,24
1129,Election_Day,852,136,15.96,62,43,7,,,24
1129,VBM,852,272,31.92,97,129,25,2,1,18
1131,Election_Day,787,108,13.72,49,35,3,,,21
1131,VBM,787,277,35.2,103,126,31,,1,16
1132,Election_Day,910,135,14.84,46,66,5,,,18
1132,VBM,910,334,36.7,125,131,47,3,2,26
1133,Election_Day,811,126,15.54,53,46,10,,1,16
1133,VBM,811,285,35.14,106,125,35,2,,17
1134,Election_Day,720,142,19.72,63,50,7,1,1,20
1134,VBM,720,219,30.42,70,85,39,2,,23
1135,Election_Day,495,86,17.37,39,27,7,,,13
1135,VBM,495,185,37.37,53,78,37,,,17
1136,Election_Day,775,104,13.42,50,31,12,2,2,7
1136,VBM,775,295,38.06,98,114,42,1,,40
1141,Election_Day,960,159,16.56,73,64,12,1,,9
1141,VBM,960,372,38.75,163,156,24,,,29
1142,Election_Day,755,149,19.74,69,60,2,,,18
1142,VBM,755,259,34.3,94,108,31,1,,25
1143,Election_Day,974,207,21.25,104,69,9,1,1,23
1143,VBM,974,316,32.44,122,132,37,1,2,22
1144,Election_Day,864,186,21.53,85,59,20,1,,21
1144,VBM,864,276,31.94,132,98,24,1,1,20
1145,Election_Day,878,169,19.25,82,52,10,1,,24
1145,VBM,878,345,39.29,132,157,25,,2,29
1146,Election_Day,927,168,18.12,87,55,11,1,,14
1146,VBM,927,323,34.84,126,142,26,,1,28
1147,Election_Day,860,178,20.7,99,58,9,,,12
1147,VBM,860,290,33.72,136,105,31,1,1,16
1148,Election_Day,900,171,19,73,65,10,,,23
1148,VBM,900,284,31.56,116,103,41,2,4,18
1149,Election_Day,873,191,21.88,91,69,6,1,1,23
1149,VBM,873,274,31.39,95,120,32,,,27
1151,Election_Day,0,0,0,,,,,,
1151,VBM,0,0,0,,,,,,
1152,Election_Day,826,156,18.89,81,47,13,,,15
1152,VBM,826,279,33.78,106,115,39,2,4,13
1153,Election_Day,886,161,18.17,73,47,18,,,23
1153,VBM,886,293,33.07,130,106,28,,1,28
1154,Election_Day,0,0,0,,,,,,
1154,VBM,0,0,0,,,,,,
7001,Election_Day,647,143,22.1,76,51,2,1,,13
7001,VBM,647,214,33.08,97,90,8,,1,18
7002,Election_Day,934,177,18.95,90,58,7,1,,21
7002,VBM,934,308,32.98,116,131,31,1,1,28
7003,Election_Day,850,216,25.41,98,84,15,,,19
7003,VBM,850,347,40.82,117,164,34,,,32
7004,Election_Day,823,197,23.94,88,78,7,,,24
7004,VBM,823,313,38.03,127,146,19,,,21
7005,Election_Day,810,242,29.88,112,100,11,1,,18
7005,VBM,810,261,32.22,116,116,11,,,18
7006,Election_Day,900,237,26.33,129,74,9,,,25
7006,VBM,900,299,33.22,147,111,19,,,22
7007,Election_Day,938,274,29.21,126,110,5,,,33
7007,VBM,938,347,36.99,135,170,17,,1,24
7008,Election_Day,819,216,26.37,101,81,9,,,25
7008,VBM,819,364,44.44,129,173,25,1,,36
7009,Election_Day,873,178,20.39,85,54,18,,,21
7009,VBM,873,319,36.54,125,153,18,,,23
7011,Election_Day,990,172,17.37,77,75,4,2,,14
7011,VBM,990,215,21.72,80,107,7,,,21
7012,Election_Day,937,252,26.89,118,81,20,,,33
7012,VBM,937,348,37.14,141,153,24,1,,29
7013,Election_Day,670,128,19.1,62,49,7,,,10
7013,VBM,670,263,39.25,120,107,13,,,23
7014,Election_Day,971,245,25.23,110,98,14,1,,22
7014,VBM,971,333,34.29,133,163,13,,,24
7015,Election_Day,91,2,2.2,1,1,,,,
7015,VBM,91,47,51.65,24,15,3,,,5
7016,Election_Day,885,122,13.79,67,37,5,,,13
7016,VBM,885,226,25.54,70,109,23,,1,23
7017,Election_Day,721,81,11.23,34,36,1,,,10
7017,VBM,721,149,20.67,52,70,11,,,16
7018,Election_Day,904,105,11.62,50,41,4,,,10
7018,VBM,904,305,33.74,90,152,26,2,1,34
7019,Election_Day,883,136,15.4,64,44,6,2,,20
7019,VBM,883,319,36.13,119,150,25,2,,23
7021,Election_Day,910,146,16.04,65,50,1,,1,29
7021,VBM,910,230,25.27,91,101,20,,,18
7022,Election_Day,969,158,16.31,83,58,2,1,,14
7022,VBM,969,247,25.49,105,117,13,2,1,9
7023,Election_Day,878,136,15.49,51,51,9,1,,24
7023,VBM,878,254,28.93,72,133,15,,,34
7024,Election_Day,290,20,6.9,10,7,,,,3
7024,VBM,290,23,7.93,8,11,3,,,1
7025,Election_Day,460,59,12.83,37,14,1,,,7
7025,VBM,460,84,18.26,39,32,2,,,11
7026,Election_Day,927,110,11.87,46,39,7,1,,17
7026,VBM,927,337,36.35,122,151,36,,1,27
7027,Election_Day,823,145,17.62,57,63,7,,,18
7027,VBM,823,243,29.53,88,111,19,1,1,23
7028,Election_Day,838,145,17.3,65,65,1,,,14
7028,VBM,838,178,21.24,66,85,11,,,16
7029,Election_Day,853,102,11.96,45,45,,,,12
7029,VBM,853,152,17.82,61,69,10,,,12
7030,Election_Day,727,79,10.87,31,31,11,,,6
7030,VBM,727,236,32.46,78,101,31,1,,25
7031,Election_Day,412,39,9.47,22,12,,,,5
7031,VBM,412,179,43.45,76,63,24,,,16
7032,Election_Day,857,132,15.4,62,48,3,1,,18
7032,VBM,857,229,26.72,88,103,21,1,1,15
7033,Election_Day,767,150,19.56,62,50,11,1,,26
7033,VBM,767,159,20.73,60,70,12,1,,16
7034,Election_Day,875,97,11.09,36,41,3,,,17
7034,VBM,875,143,16.34,48,79,6,1,,9
7035,Election_Day,386,72,18.65,31,27,5,1,,8
7035,VBM,386,112,29.02,38,51,9,1,,13
7036,Election_Day,862,93,10.79,43,38,3,,1,8
7036,VBM,862,232,26.91,83,101,27,2,2,17
7037,Election_Day,762,85,11.15,39,24,2,1,,19
7037,VBM,762,70,9.19,28,29,5,,,8
7038,Election_Day,874,90,10.3,42,35,6,,,7
7038,VBM,874,243,27.8,80,116,34,,,13
7039,Election_Day,764,166,21.73,61,78,13,,,14
7039,VBM,764,196,25.65,70,82,27,,,17
7041,Election_Day,55,3,5.45,,1,,,,2
7041,VBM,55,21,38.18,7,8,4,,2,
7042,Election_Day,627,100,15.95,44,34,12,2,,8
7042,VBM,627,203,32.38,87,81,19,1,,15
7043,Election_Day,884,108,12.22,68,22,6,,,12
7043,VBM,884,260,29.41,100,112,24,1,2,21
7044,Election_Day,785,86,10.96,39,29,1,,1,16
7044,VBM,785,103,13.12,38,42,10,1,,12
7045,Election_Day,736,99,13.45,40,40,9,,,10
7045,VBM,736,243,33.02,89,113,23,,1,17
7046,Election_Day,416,65,15.63,33,22,5,,,5
7046,VBM,416,140,33.65,62,56,14,,,8
7047,Election_Day,783,99,12.64,53,29,6,,,11
7047,VBM,783,282,36.02,117,112,32,,1,20
7048,Election_Day,793,108,13.62,39,47,6,,,16
7048,VBM,793,209,26.36,76,97,17,1,1,17
7049,Election_Day,778,105,13.5,47,43,8,,,7
7049,VBM,778,216,27.76,64,108,29,,1,14
7051,Election_Day,839,80,9.54,43,25,6,,,6
7051,VBM,839,297,35.4,111,134,34,1,,17
7052,Election_Day,813,126,15.5,53,50,12,,,11
7052,VBM,813,269,33.09,90,127,34,,3,15
7053,Election_Day,446,41,9.19,25,13,1,,,2
7053,VBM,446,173,38.79,73,62,23,1,,14
7054,Election_Day,949,180,18.97,92,59,8,2,1,18
7054,VBM,949,252,26.55,94,124,14,,,20
7101,Election_Day,135,9,6.67,5,3,,,,1
7101,VBM,135,82,60.74,35,39,2,,,6
7201,Election_Day,874,172,19.68,61,76,12,,1,22
7201,VBM,874,326,37.3,127,127,48,,,24
7202,Election_Day,783,181,23.12,60,83,19,,1,18
7202,VBM,783,267,34.1,63,119,59,,,26
7203,Election_Day,806,215,26.67,80,78,19,1,,37
7203,VBM,806,232,28.78,84,94,26,1,1,26
7204,Election_Day,811,160,19.73,61,70,13,,,16
7204,VBM,811,341,42.05,97,173,38,,,33
7205,Election_Day,826,163,19.73,55,76,15,,,17
7205,VBM,826,298,36.08,75,148,45,,1,29
7206,Election_Day,339,91,26.84,37,34,9,,,11
7206,VBM,339,106,31.27,38,50,11,,,7
7207,Election_Day,584,113,19.35,49,45,6,1,,12
7207,VBM,584,197,33.73,79,70,21,,,27
7208,Election_Day,565,116,20.53,52,41,9,1,,13
7208,VBM,565,208,36.81,75,89,29,,1,14
7209,Election_Day,529,68,12.85,21,28,13,,,6
7209,VBM,529,297,56.14,56,155,53,1,1,31
7301,Election_Day,953,143,15.01,63,43,17,,,20
7301,VBM,953,327,34.31,128,126,35,,2,36
7302,Election_Day,773,139,17.98,51,61,8,1,4,14
7302,VBM,773,361,46.7,103,176,55,,,27
7303,Election_Day,914,209,22.87,90,84,16,,,19
7303,VBM,914,300,32.82,115,137,24,1,,23
7304,Election_Day,924,201,21.75,90,69,17,,,25
7304,VBM,924,321,34.74,121,137,43,3,,17
7305,Election_Day,825,215,26.06,89,78,24,,,24
7305,VBM,825,306,37.09,93,145,43,,,25
7306,Election_Day,936,183,19.55,76,64,19,,,24
7306,VBM,936,309,33.01,141,106,43,,1,18
7307,Election_Day,717,170,23.71,73,63,12,,,22
7307,VBM,717,237,33.05,82,102,31,,,22
7308,Election_Day,588,171,29.08,83,63,10,2,,13
7308,VBM,588,214,36.39,90,80,25,,,19
7309,Election_Day,775,201,25.94,89,72,19,,,21
7309,VBM,775,225,29.03,73,96,32,,,24
7311,Election_Day,875,213,24.34,95,87,11,1,,19
7311,VBM,875,271,30.97,93,123,33,1,1,20
7312,Election_Day,806,158,19.6,60,60,21,,,17
7312,VBM,806,352,43.67,92,187,38,,,35
7313,Election_Day,879,155,17.63,71,53,13,,,18
7313,VBM,879,317,36.06,130,125,38,,1,23
7314,Election_Day,739,92,12.45,52,23,7,1,,9
7314,VBM,739,229,30.99,124,68,17,1,5,14
7315,Election_Day,695,165,23.74,95,34,14,,1,21
7315,VBM,695,198,28.49,81,70,16,2,,29
7316,Election_Day,823,143,17.38,82,48,4,,,9
7316,VBM,823,286,34.75,149,91,19,,,27
7317,Election_Day,885,159,17.97,71,60,13,1,1,13
7317,VBM,885,346,39.1,114,164,42,3,,23
7318,Election_Day,700,154,22,69,55,12,1,,17
7318,VBM,700,251,35.86,111,84,34,,4,18
7319,Election_Day,983,197,20.04,90,66,12,1,,28
7319,VBM,983,297,30.21,124,97,38,2,1,35
7321,Election_Day,620,87,14.03,43,23,7,1,2,11
7321,VBM,620,208,33.55,86,86,22,,,14
7322,Election_Day,868,66,7.6,45,7,6,1,,7
7322,VBM,868,279,32.14,163,91,10,,2,13
7323,Election_Day,804,186,23.13,88,63,15,,,20
7323,VBM,804,242,30.1,100,93,22,,,27
7324,Election_Day,657,132,20.09,57,44,11,1,1,18
7324,VBM,657,206,31.35,93,70,28,,,15
7325,Election_Day,870,157,18.05,70,55,12,,,20
7325,VBM,870,277,31.84,124,112,15,1,1,24
7326,Election_Day,808,174,21.53,74,60,15,,,25
7326,VBM,808,253,31.31,97,106,25,,2,23
7327,Election_Day,701,58,8.27,31,20,2,,,5
7327,VBM,701,269,38.37,152,78,23,,,16
7328,Election_Day,936,80,8.55,43,22,4,,,11
7328,VBM,936,361,38.57,155,155,34,,,17
7329,Election_Day,543,78,14.36,24,34,12,,,8
7329,VBM,543,203,37.38,72,89,30,,1,11
7331,Election_Day,831,183,22.02,54,70,28,,,31
7331,VBM,831,345,41.52,115,152,53,,,25
7332,Election_Day,782,189,24.17,103,56,8,1,,21
7332,VBM,782,248,31.71,119,88,15,2,1,23
7333,Election_Day,936,232,24.79,114,77,17,1,,23
7333,VBM,936,270,28.85,117,100,25,2,,26
7334,Election_Day,833,179,21.49,88,55,15,1,,20
7334,VBM,833,281,33.73,129,109,19,,,24
7335,Election_Day,883,169,19.14,73,63,13,,,20
7335,VBM,883,343,38.84,122,144,46,1,1,29
7336,Election_Day,879,190,21.62,99,53,10,,,28
7336,VBM,879,338,38.45,108,132,60,,1,37
7337,Election_Day,829,142,17.13,68,47,10,,1,16
7337,VBM,829,344,41.5,119,136,49,,2,38
7338,Election_Day,912,122,13.38,50,43,10,,1,18
7338,VBM,912,351,38.49,134,149,42,,1,25
7339,Election_Day,585,142,24.27,71,40,13,2,,16
7339,VBM,585,173,29.57,72,79,13,,1,8
7341,Election_Day,868,192,22.12,92,66,10,,1,23
7341,VBM,868,245,28.23,100,104,16,,,25
7342,Election_Day,908,271,29.85,141,84,21,2,1,22
7342,VBM,908,262,28.85,114,92,26,2,,28
7343,Election_Day,647,178,27.51,98,38,12,,,30
7343,VBM,647,181,27.98,95,62,8,,,16
7344,Election_Day,1024,213,20.8,114,68,10,1,,20
7344,VBM,1024,357,34.86,158,136,35,,,28
7345,Election_Day,1006,241,23.96,134,72,10,,,25
7345,VBM,1006,322,32.01,153,119,18,,,32
7346,Election_Day,869,216,24.86,137,49,12,1,,17
7346,VBM,869,237,27.27,118,74,22,,2,21
7347,Election_Day,954,201,21.07,105,67,10,2,,17
7347,VBM,954,319,33.44,161,96,24,,4,34
7348,Election_Day,808,147,18.19,82,45,11,,,9
7348,VBM,808,238,29.46,97,96,16,,1,28
7349,Election_Day,893,187,20.94,99,47,13,1,,27
7349,VBM,893,298,33.37,110,127,32,1,,28
7501,Election_Day,523,142,27.15,46,67,14,,,15
7501,VBM,523,166,31.74,46,77,20,,,23
7502,Election_Day,735,160,21.77,72,62,11,,,15
7502,VBM,735,267,36.33,94,103,36,2,1,31
7503,Election_Day,706,159,22.52,67,64,10,,,18
7503,VBM,706,218,30.88,79,91,20,,,28
7504,Election_Day,454,98,21.59,57,30,2,2,,7
7504,VBM,454,143,31.5,59,58,13,1,2,10
7505,Election_Day,853,149,17.47,59,63,7,,,20
7505,VBM,853,427,50.06,119,225,42,,2,39
7506,Election_Day,908,205,22.58,97,68,10,,,30
7506,VBM,908,271,29.85,98,117,26,,1,29
7507,Election_Day,927,149,16.07,88,46,2,,,13
7507,VBM,927,266,28.69,145,84,20,1,,16
7508,Election_Day,683,122,17.86,49,52,9,1,1,10
7508,VBM,683,308,45.1,121,126,35,,,26
7509/7511,Election_Day,896,196,21.88,96,74,10,,,16
7509/7511,VBM,896,325,36.27,110,164,28,1,,22
7512,Election_Day,579,98,16.93,43,38,4,,,13
7512,VBM,579,220,38,66,98,29,2,2,23
7513,Election_Day,735,173,23.54,86,51,3,,,33
7513,VBM,735,187,25.44,76,68,21,,1,21
7514,Election_Day,803,92,11.46,50,23,3,,,16
7514,VBM,803,194,24.16,79,86,12,,,17
7515,Election_Day,826,158,19.13,78,66,3,,,11
7515,VBM,826,281,34.02,134,105,18,1,1,22
7516,Election_Day,805,161,20,72,65,8,,,16
7516,VBM,805,369,45.84,153,153,31,,,32
7517,Election_Day,877,268,30.56,145,97,8,,,18
7517,VBM,877,291,33.18,123,125,16,2,,25
7518,Election_Day,905,295,32.6,180,75,13,,,27
7518,VBM,905,295,32.6,136,119,12,,,28
7519,Election_Day,741,230,31.04,141,60,5,,,24
7519,VBM,741,208,28.07,93,85,6,,1,23
7521,Election_Day,773,239,30.92,109,100,3,2,,25
7521,VBM,773,232,30.01,106,95,6,,,25
7522,Election_Day,801,242,30.21,137,76,5,,1,23
7522,VBM,801,267,33.33,130,106,5,,,26
7523,Election_Day,743,262,35.26,151,76,7,3,,25
7523,VBM,743,208,27.99,100,78,9,,2,19
7524,Election_Day,638,175,27.43,83,68,4,2,1,17
7524,VBM,638,182,28.53,89,70,12,,2,9
7525,Election_Day,800,172,21.5,79,60,8,1,,24
7525,VBM,800,221,27.63,97,96,5,1,2,20
7526,Election_Day,890,212,23.82,115,66,7,1,,23
7526,VBM,890,343,38.54,146,159,9,1,,28
7527/7528,Election_Day,714,194,27.17,99,61,9,1,,24
7527/7528,VBM,714,222,31.09,95,97,12,,2,16
7529,Election_Day,896,257,28.68,156,64,10,1,,26
7529,VBM,896,287,32.03,140,123,5,1,,18
7531,Election_Day,879,249,28.33,142,78,2,1,,26
7531,VBM,879,265,30.15,129,100,9,1,,26
7532,Election_Day,795,211,26.54,114,63,9,,,25
7532,VBM,795,260,32.7,113,104,18,3,,22
7533,Election_Day,927,336,36.25,191,99,13,2,,31
7533,VBM,927,284,30.64,143,103,15,,,23
7534,Election_Day,882,282,31.97,159,90,4,,,29
7534,VBM,882,275,31.18,129,104,19,,,23
7535,Election_Day,761,247,32.46,131,90,7,,,19
7535,VBM,761,250,32.85,132,90,9,,,19
7536,Election_Day,804,260,32.34,133,86,9,2,,30
7536,VBM,804,287,35.7,139,113,8,2,,25
7537,Election_Day,737,225,30.53,126,65,6,,,28
7537,VBM,737,240,32.56,103,106,4,2,,25
7538,Election_Day,774,240,31.01,133,80,11,,,16
7538,VBM,774,268,34.63,127,127,3,,,11
7539,Election_Day,891,312,35.02,188,96,5,1,,22
7539,VBM,891,256,28.73,123,110,8,1,,14
7541,Election_Day,792,219,27.65,124,71,4,,,20
7541,VBM,792,270,34.09,117,117,10,1,,25
7542,Election_Day,844,261,30.92,147,84,4,,,26
7542,VBM,844,249,29.5,127,101,6,,,15
7543,Election_Day,886,198,22.35,105,74,3,,,16
7543,VBM,886,328,37.02,138,157,9,,,24
7544,Election_Day,856,216,25.23,112,81,8,1,,14
7544,VBM,856,308,35.98,135,140,13,,,20
7545,Election_Day,851,211,24.79,112,69,8,,,22
7545,VBM,851,298,35.02,131,127,11,2,,27
7546,Election_Day,857,293,34.19,141,105,17,,,30
7546,VBM,857,276,32.21,129,118,10,1,,18
7547,Election_Day,969,283,29.21,147,96,6,1,,33
7547,VBM,969,319,32.92,175,110,12,,1,21
7548,Election_Day,1029,271,26.34,133,113,4,,,21
7548,VBM,1029,371,36.05,155,164,13,1,,38
7549,Election_Day,789,217,27.5,106,83,10,1,,17
7549,VBM,789,268,33.97,142,88,15,,1,22
7551,Election_Day,682,221,32.4,124,68,7,1,,21
7551,VBM,682,224,32.84,88,108,8,,1,19
7552,Election_Day,702,204,29.06,98,84,8,,,14
7552,VBM,702,233,33.19,91,105,14,,,23
7553,Election_Day,166,3,1.81,2,1,,,,
7553,VBM,166,92,55.42,39,41,8,,,4
7554,Election_Day,808,228,28.22,93,97,11,,,27
7554,VBM,808,318,39.36,114,160,15,,,29
7555,Election_Day,848,253,29.83,95,129,7,,,22
7555,VBM,848,323,38.09,119,158,14,1,,31
7556/7557,Election_Day,955,270,28.27,107,129,15,1,,18
7556/7557,VBM,955,371,38.85,105,226,10,1,,29
7601,Election_Day,828,152,18.36,83,35,10,1,,23
7601,VBM,828,183,22.1,101,49,11,,,22
7602,Election_Day,884,185,20.93,116,41,10,,,18
7602,VBM,884,253,28.62,148,77,10,1,1,16
7603,Election_Day,791,189,23.89,118,44,6,2,,19
7603,VBM,791,242,30.59,152,68,7,,,15
7604,Election_Day,841,189,22.47,106,45,17,2,,19
7604,VBM,841,246,29.25,122,77,29,,3,15
7605,Election_Day,693,124,17.89,59,41,3,,,21
7605,VBM,693,161,23.23,75,56,12,1,,17
7606,Election_Day,881,139,15.78,92,27,7,,,13
7606,VBM,881,229,25.99,122,68,18,,2,19
7607,Election_Day,942,187,19.85,111,56,8,,,12
7607,VBM,942,274,29.09,159,84,15,,1,15
7608,Election_Day,417,51,12.23,29,13,2,,1,6
7608,VBM,417,111,26.62,51,40,11,,1,8
7609,Election_Day,917,82,8.94,46,20,3,,,13
7609,VBM,917,292,31.84,183,78,13,1,10,7
7611,Election_Day,793,96,12.11,51,22,2,1,,20
7611,VBM,793,220,27.74,119,54,16,,6,25
7612,Election_Day,579,84,14.51,45,28,5,,,6
7612,VBM,579,173,29.88,84,63,12,,1,13
7613,Election_Day,917,157,17.12,93,36,13,2,,13
7613,VBM,917,249,27.15,138,72,15,2,2,20
7614,Election_Day,1046,176,16.83,96,43,9,1,,27
7614,VBM,1046,285,27.25,142,98,21,2,1,21
7615,Election_Day,996,108,10.84,62,23,4,,,19
7615,VBM,996,205,20.58,101,67,25,1,,11
7616,Election_Day,713,122,17.11,51,54,5,,,12
7616,VBM,713,283,39.69,111,126,17,1,1,27
7617,Election_Day,801,96,11.99,51,27,3,,,15
7617,VBM,801,239,29.84,129,69,18,1,2,20
7618,Election_Day,847,164,19.36,90,59,4,,,11
7618,VBM,847,295,34.83,141,115,19,1,2,17
7619,Election_Day,1473,263,17.85,127,103,10,1,,22
7619,VBM,1473,475,32.25,228,181,27,1,3,35
7621,Election_Day,912,164,17.98,101,40,10,,,13
7621,VBM,912,318,34.87,147,122,22,1,1,25
7622,Election_Day,901,113,12.54,65,30,5,1,,12
7622,VBM,901,201,22.31,102,66,13,,,20
7623,Election_Day,759,120,15.81,72,23,8,,,17
7623,VBM,759,194,25.56,95,79,6,1,,13
7624,Election_Day,957,105,10.97,70,20,4,2,,9
7624,VBM,957,212,22.15,119,74,7,1,3,8
7625,Election_Day,853,65,7.62,26,25,6,,,8
7625,VBM,853,398,46.66,156,154,48,,8,32
7626,Election_Day,953,161,16.89,62,71,10,,,18
7626,VBM,953,360,37.78,123,152,48,1,1,35
7627,Election_Day,1123,191,17.01,83,70,14,,,24
7627,VBM,1123,378,33.66,115,164,54,1,,44
7628,Election_Day,913,182,19.93,93,63,7,,,19
7628,VBM,913,312,34.17,147,123,10,2,,30
7629,Election_Day,756,145,19.18,81,48,3,1,,12
7629,VBM,756,204,26.98,98,85,9,1,1,10
7631,Election_Day,931,182,19.55,97,65,6,2,,12
7631,VBM,931,319,34.26,140,134,23,1,,21
7632,Election_Day,642,147,22.9,63,69,,,,15
7632,VBM,642,200,31.15,82,90,13,,2,13
7633,Election_Day,638,123,19.28,65,40,3,,,15
7633,VBM,638,236,36.99,105,93,15,,2,21
7634,Election_Day,901,147,16.32,80,44,8,,,15
7634,VBM,901,314,34.85,129,144,23,1,1,16
7635,Election_Day,707,123,17.4,75,31,7,,,10
7635,VBM,707,241,34.09,102,95,19,1,,24
7636,Election_Day,840,175,20.83,86,68,8,1,1,11
7636,VBM,840,268,31.9,107,102,40,,,19
7637,Election_Day,1075,171,15.91,79,58,16,1,1,16
7637,VBM,1075,403,37.49,156,164,44,3,,36
7638,Election_Day,999,132,13.21,52,50,16,,,14
7638,VBM,999,406,40.64,122,195,66,1,1,21
7639,Election_Day,868,162,18.66,60,66,14,,,22
7639,VBM,868,280,32.26,87,144,32,,,17
7641,Election_Day,881,146,16.57,69,55,9,1,,12
7641,VBM,881,339,38.48,125,134,56,1,,23
7642,Election_Day,879,144,16.38,66,31,17,1,,29
7642,VBM,879,405,46.08,121,105,57,7,,115
7643,Election_Day,860,124,14.42,68,40,4,,,12
7643,VBM,860,344,40,136,159,27,,,22
7644,Election_Day,918,191,20.81,96,61,10,1,1,22
7644,VBM,918,282,30.72,126,98,23,,,35
7645,Election_Day,607,89,14.66,39,35,5,1,,9
7645,VBM,607,278,45.8,94,119,32,,,33
7646,Election_Day,1601,274,17.11,156,68,17,1,,32
7646,VBM,1601,591,36.91,254,235,47,,,55
7647,Election_Day,861,167,19.4,102,40,12,1,,12
7647,VBM,861,177,20.56,104,55,6,2,,10
7648,Election_Day,7,0,0,,,,,,
7648,VBM,7,2,28.57,1,1,,,,
7701,Election_Day,938,290,30.92,138,104,23,2,,23
7701,VBM,938,333,35.5,124,153,29,2,,25
7702,Election_Day,752,162,21.54,59,72,14,,,17
7702,VBM,752,327,43.48,92,152,56,2,2,23
7703,Election_Day,137,2,1.46,,,1,,,1
7703,VBM,137,55,40.15,20,25,4,,,6
7704,Election_Day,943,242,25.66,96,110,17,1,,18
7704,VBM,943,389,41.25,111,194,55,,,29
7705,Election_Day,536,148,27.61,56,71,6,,,15
7705,VBM,536,230,42.91,61,123,27,,,19
7706,Election_Day,813,219,26.94,85,98,28,,,8
7706,VBM,813,355,43.67,97,173,47,,,38
7707,Election_Day,817,215,26.32,68,124,15,,,8
7707,VBM,817,353,43.21,106,188,33,1,,25
7708,Election_Day,853,184,21.57,73,83,8,,,20
7708,VBM,853,368,43.14,119,178,46,,,25
7709,Election_Day,359,99,27.58,56,28,5,1,,9
7709,VBM,359,180,50.14,78,81,16,,,5
7711,Election_Day,763,191,25.03,81,89,5,1,,15
7711,VBM,763,312,40.89,105,157,25,2,1,22
7712,Election_Day,543,142,26.15,65,57,9,,,11
7712,VBM,543,225,41.44,84,106,17,,,18
7801,Election_Day,928,266,28.66,90,151,9,,,16
7801,VBM,928,396,42.67,102,250,19,2,,23
7802,Election_Day,732,224,30.6,79,132,3,,,10
7802,VBM,732,286,39.07,86,164,14,,,22
7803,Election_Day,775,173,22.32,53,106,3,,,11
7803,VBM,775,410,52.9,104,276,15,,,15
7804,Election_Day,881,262,29.74,102,147,5,,,8
7804,VBM,881,372,42.22,111,225,14,2,,20
7805,Election_Day,795,207,26.04,92,103,2,,,10
7805,VBM,795,334,42.01,119,193,9,,1,12
7806,Election_Day,727,203,27.92,106,86,4,,,7
7806,VBM,727,275,37.83,100,151,6,,1,17
7807,Election_Day,729,243,33.33,122,110,3,,,8
7807,VBM,729,231,31.69,93,123,6,,,9
7808,Election_Day,653,216,33.08,94,109,2,,,11
7808,VBM,653,223,34.15,84,112,5,,,22
7809,Election_Day,978,266,27.2,144,100,4,1,,17
7809,VBM,978,362,37.01,164,166,11,,,21
7811,Election_Day,731,209,28.59,132,62,2,1,,12
7811,VBM,731,244,33.38,120,101,5,2,1,15
7812,Election_Day,819,231,28.21,115,82,7,2,1,24
7812,VBM,819,297,36.26,129,139,13,1,,15
7813,Election_Day,982,305,31.06,179,98,8,1,,19
7813,VBM,982,377,38.39,166,164,11,,1,35
7814,Election_Day,835,178,21.32,105,50,5,,,18
7814,VBM,835,211,25.27,112,78,10,1,3,7
7815,Election_Day,890,225,25.28,74,129,9,,,13
7815,VBM,890,397,44.61,147,222,9,2,,17
7816,Election_Day,837,238,28.43,91,130,3,,,14
7816,VBM,837,398,47.55,120,259,6,1,,12
7817,Election_Day,781,270,34.57,137,109,3,,,21
7817,VBM,781,303,38.8,138,150,5,,,10
7818,Election_Day,828,235,28.38,131,83,3,,,18
7818,VBM,828,324,39.13,132,170,5,,,17
7819,Election_Day,762,216,28.35,109,76,13,3,,15
7819,VBM,762,274,35.96,104,140,15,,1,14
7821,Election_Day,918,255,27.78,108,135,1,,,11
7821,VBM,918,407,44.34,131,241,19,,,16
7822,Election_Day,873,278,31.84,122,135,6,2,,13
7822,VBM,873,301,34.48,103,173,9,2,,14
7823,Election_Day,854,255,29.86,137,108,1,,,9
7823,VBM,854,322,37.7,118,173,13,,,18
7824,Election_Day,748,214,28.61,94,104,4,,,12
7824,VBM,748,272,36.36,103,139,7,1,,22
7825,Election_Day,547,174,31.81,75,84,10,1,1,3
7825,VBM,547,196,35.83,98,75,8,,,15
7826,Election_Day,672,215,31.99,112,84,2,,,17
7826,VBM,672,255,37.95,120,107,10,,,18
7827,Election_Day,890,250,28.09,164,65,7,,,14
7827,VBM,890,275,30.9,151,89,20,1,,14
7828,Election_Day,935,239,25.56,91,125,9,,,14
7828,VBM,935,401,42.89,135,219,20,,,27
7829,Election_Day,845,217,25.68,82,118,10,,,7
7829,VBM,845,390,46.15,112,252,12,,,14
7831,Election_Day,878,258,29.38,94,145,5,1,,13
7831,VBM,878,364,41.46,115,225,10,,,14
7832,Election_Day,782,222,28.39,99,109,2,,,12
7832,VBM,782,350,44.76,129,198,11,1,,11
7833,Election_Day,753,193,25.63,101,76,1,,,15
7833,VBM,753,289,38.38,127,129,8,,,25
7834,Election_Day,852,280,32.86,154,102,8,,,16
7834,VBM,852,268,31.46,122,122,5,,1,18
7835,Election_Day,787,223,28.34,107,85,9,1,,21
7835,VBM,787,327,41.55,129,154,30,1,,13
7836,Election_Day,948,249,26.27,106,120,9,,,14
7836,VBM,948,406,42.83,139,214,25,1,,27
7837,Election_Day,868,250,28.8,81,134,6,,1,28
7837,VBM,868,362,41.71,98,224,16,,1,23
7838,Election_Day,895,229,25.59,85,124,9,,,11
7838,VBM,895,426,47.6,114,278,8,,,26
7839,Election_Day,824,218,26.46,68,127,8,,,15
7839,VBM,824,365,44.3,94,233,23,,2,13
7841,Election_Day,904,271,29.98,117,130,7,,,17
7841,VBM,904,367,40.6,123,199,16,,,29
7842,Election_Day,864,294,34.03,147,124,4,,,19
7842,VBM,864,293,33.91,127,132,19,,,15
7843,Election_Day,733,231,31.51,122,82,5,,,22
7843,VBM,733,233,31.79,123,86,13,,,11
7844,Election_Day,653,198,30.32,106,66,9,1,,16
7844,VBM,653,217,33.23,101,86,11,2,,17
7845,Election_Day,835,234,28.02,89,117,7,,,21
7845,VBM,835,326,39.04,91,204,10,,1,20
7846,Election_Day,886,248,27.99,95,126,11,,,16
7846,VBM,886,334,37.7,99,193,19,1,,22
7847,Election_Day,888,258,29.05,115,122,7,,,14
7847,VBM,888,334,37.61,95,200,18,,,21
7848,Election_Day,860,247,28.72,92,130,10,,,15
7848,VBM,860,353,41.05,104,214,12,3,,20
7849,Election_Day,920,298,32.39,128,138,12,,,20
7849,VBM,920,329,35.76,117,172,15,1,1,23
7851,Election_Day,502,116,23.11,28,69,11,,,8
7851,VBM,502,228,45.42,42,155,17,,,14
7852,Election_Day,633,154,24.33,51,82,12,,,9
7852,VBM,633,269,42.5,78,156,21,,,14
7853,Election_Day,817,213,26.07,73,123,8,1,,8
7853,VBM,817,321,39.29,87,201,15,,,18
7854,Election_Day,884,250,28.28,105,123,9,,,13
7854,VBM,884,344,38.91,109,201,15,,1,18
7855,Election_Day,881,284,32.24,130,133,6,,,15
7855,VBM,881,321,36.44,100,185,14,,,22
7856,Election_Day,785,233,29.68,111,101,7,,,14
7856,VBM,785,313,39.87,127,157,12,,,17
7857,Election_Day,919,233,25.35,129,78,8,,,18
7857,VBM,919,370,40.26,154,160,24,,,32
7858,Election_Day,750,240,32,138,69,10,1,1,21
7858,VBM,750,245,32.67,127,94,7,1,,16
7859,Election_Day,844,233,27.61,66,139,9,,,19
7859,VBM,844,352,41.71,103,210,16,,1,22
7861,Election_Day,844,243,28.79,110,108,10,,,15
7861,VBM,844,319,37.8,107,182,8,,,22
7862,Election_Day,884,272,30.77,118,132,6,3,,13
7862,VBM,884,324,36.65,102,185,16,,,21
7863,Election_Day,879,275,31.29,136,116,7,1,,15
7863,VBM,879,290,32.99,126,138,5,1,,20
7864,Election_Day,769,215,27.96,108,85,10,,,12
7864,VBM,769,269,34.98,104,136,12,,,17
7865,Election_Day,814,258,31.7,130,99,14,,,15
7865,VBM,814,309,37.96,103,154,20,,,32
7866,Election_Day,786,196,24.94,57,117,15,,,7
7866,VBM,786,367,46.69,94,207,41,1,1,23
7867,Election_Day,892,251,28.14,93,139,5,,,14
7867,VBM,892,338,37.89,95,212,19,1,,11
7868,Election_Day,835,213,25.51,64,131,6,1,,11
7868,VBM,835,332,39.76,102,199,19,,1,11
7869,Election_Day,832,247,29.69,94,129,9,,,15
7869,VBM,832,361,43.39,108,223,10,1,1,18
7871,Election_Day,863,255,29.55,83,159,3,,,10
7871,VBM,863,362,41.95,122,203,19,,,18
7872,Election_Day,876,284,32.42,103,158,10,2,,11
7872,VBM,876,351,40.07,114,198,14,,,25
7873,Election_Day,847,251,29.63,95,133,2,1,,20
7873,VBM,847,346,40.85,103,203,17,,,23
7874,Election_Day,461,128,27.77,60,48,8,,,12
7874,VBM,461,166,36.01,56,87,8,1,,14
7875,Election_Day,580,107,18.45,41,52,4,,,10
7875,VBM,580,222,38.28,85,104,17,1,1,14
7901,Election_Day,1134,282,24.87,159,84,8,1,2,28
7901,VBM,1134,317,27.95,146,132,12,2,1,24
7902,Election_Day,935,253,27.06,166,59,8,1,,19
7902,VBM,935,245,26.2,133,91,7,1,,13
7903,Election_Day,848,187,22.05,102,50,5,1,,29
7903,VBM,848,239,28.18,128,86,7,,,18
7904,Election_Day,861,178,20.67,117,39,8,,,14
7904,VBM,861,273,31.71,136,98,20,1,,18
7905,Election_Day,821,224,27.28,135,59,12,1,,17
7905,VBM,821,265,32.28,124,112,15,,,14
7906,Election_Day,778,231,29.69,146,58,8,,,19
7906,VBM,778,233,29.95,125,86,7,,,15
7907,Election_Day,925,261,28.22,152,81,5,,,23
7907,VBM,925,293,31.68,155,103,15,1,,19
7908,Election_Day,935,250,26.74,147,78,5,,1,19
7908,VBM,935,271,28.98,124,113,14,,,20
7909,Election_Day,735,227,30.88,147,51,4,,,25
7909,VBM,735,207,28.16,107,80,4,,,16
7911,Election_Day,849,247,29.09,149,69,3,,,26
7911,VBM,849,279,32.86,140,102,13,,1,23
7912,Election_Day,1004,274,27.29,166,66,6,2,,34
7912,VBM,1004,314,31.27,150,129,11,2,,22
7913,Election_Day,890,293,32.92,159,95,6,1,2,30
7913,VBM,890,258,28.99,123,98,16,,,21
7914,Election_Day,859,268,31.2,162,73,6,1,,26
7914,VBM,859,275,32.01,168,70,9,,2,26
7915,Election_Day,784,242,30.87,158,47,7,,,30
7915,VBM,784,195,24.87,101,70,5,,2,17
7916,Election_Day,867,256,29.53,178,59,5,2,,12
7916,VBM,867,274,31.6,141,103,10,3,1,16
7917,Election_Day,1003,300,29.91,186,75,8,,,31
7917,VBM,1003,288,28.71,171,98,4,1,,14
7918,Election_Day,807,249,30.86,145,67,5,2,,30
7918,VBM,807,241,29.86,139,75,12,,,15
7919,Election_Day,858,271,31.59,152,82,6,,2,29
7919,VBM,858,232,27.04,127,80,7,3,,15
7921,Election_Day,893,228,25.53,134,63,2,,2,27
7921,VBM,893,245,27.44,132,80,18,1,1,13
7922,Election_Day,836,232,27.75,147,54,7,1,3,20
7922,VBM,836,278,33.25,140,94,15,1,1,27
7923,Election_Day,877,253,28.85,159,69,6,1,,18
7923,VBM,877,279,31.81,167,81,11,1,1,18
7924,Election_Day,815,229,28.1,139,66,6,2,,16
7924,VBM,815,255,31.29,134,80,17,3,,21
7925,Election_Day,551,156,28.31,97,43,3,,,13
7925,VBM,551,194,35.21,95,70,9,2,,18
7926,Election_Day,786,218,27.74,134,68,3,,,13
7926,VBM,786,280,35.62,127,111,11,1,,30
7927,Election_Day,751,246,32.76,152,66,8,2,,18
7927,VBM,751,271,36.09,129,117,10,,,15
7928,Election_Day,907,302,33.3,188,82,8,1,,23
7928,VBM,907,317,34.95,160,123,17,1,,16
7929,Election_Day,833,227,27.25,117,90,6,,,14
7929,VBM,833,356,42.74,178,144,15,,,19
7931,Election_Day,737,209,28.36,120,71,6,,,12
7931,VBM,737,324,43.96,155,140,14,,,15
7932,Election_Day,531,135,25.42,55,66,3,,,11
7932,VBM,531,200,37.66,93,83,14,,,10
7933,Election_Day,8,0,0,,,,,,
7933,VBM,8,6,75,2,4,,,,
7934,Election_Day,831,220,26.47,140,54,4,1,,21
7934,VBM,831,312,37.55,165,115,11,,,21
7935,Election_Day,907,273,30.1,165,86,5,,,17
7935,VBM,907,346,38.15,156,147,20,,,23
7936,Election_Day,843,268,31.79,161,70,6,,,31
7936,VBM,843,297,35.23,140,125,6,,,26
7937,Election_Day,870,246,28.28,127,89,8,1,,21
7937,VBM,870,311,35.75,139,135,18,2,,17
7938,Election_Day,753,215,28.55,115,65,6,4,2,23
7938,VBM,753,224,29.75,112,97,4,1,1,9
7939,Election_Day,659,230,34.9,132,74,6,1,,17
7939,VBM,659,227,34.45,112,89,5,,,21
7941,Election_Day,761,211,27.73,113,65,12,,,21
7941,VBM,761,273,35.87,135,104,13,,1,20
7942,Election_Day,868,220,25.35,115,70,12,1,,22
7942,VBM,868,276,31.8,121,105,19,,,31
7943,Election_Day,873,237,27.15,124,89,6,,,18
7943,VBM,873,303,34.71,123,123,39,,1,17
7944,Election_Day,793,234,29.51,128,76,9,,,21
7944,VBM,793,247,31.15,127,95,13,,,12
7945,Election_Day,846,114,13.48,67,31,4,1,,11
7945,VBM,846,312,36.88,166,105,19,,1,21
7946,Election_Day,915,151,16.5,65,65,4,,,17
7946,VBM,915,335,36.61,127,157,36,,,15
7947,Election_Day,886,155,17.49,64,59,12,,1,19
7947,VBM,886,284,32.05,91,115,43,,2,33
7948,Election_Day,875,191,21.83,80,69,17,,,25
7948,VBM,875,285,32.57,86,129,37,4,,29
7949,Election_Day,538,81,15.06,32,23,11,1,,14
7949,VBM,538,197,36.62,73,77,30,,,17
7951,Election_Day,752,119,15.82,57,38,11,,,13
7951,VBM,752,307,40.82,100,109,66,4,1,27
7952,Election_Day,778,138,17.74,68,45,16,1,,8
7952,VBM,778,260,33.42,104,110,29,,,17
7953,Election_Day,794,157,19.77,70,68,6,1,,12
7953,VBM,794,285,35.89,100,113,45,,,27
7954,Election_Day,0,0,0,,,,,,
7954,VBM,0,0,0,,,,,,
7955,Election_Day,831,145,17.45,61,45,19,2,1,17
7955,VBM,831,279,33.57,110,109,37,1,,22
7956,Election_Day,712,98,13.76,43,38,4,1,1,11
7956,VBM,712,258,36.24,99,106,37,2,,14
7957,Election_Day,624,109,17.47,54,40,7,,,8
7957,VBM,624,204,32.69,74,85,17,,,28
7958,Election_Day,266,10,3.76,5,3,1,,,1
7958,VBM,266,112,42.11,48,44,15,,,5
9001,Election_Day,234,5,2.14,3,1,,,,1
9001,VBM,234,99,42.31,36,46,8,,,9
9101,Election_Day,840,197,23.45,94,65,16,,,22
9101,VBM,840,312,37.14,135,113,34,1,1,28
9102,Election_Day,892,215,24.1,89,82,21,,,23
9102,VBM,892,321,35.99,134,129,44,,,14
9103,Election_Day,909,197,21.67,75,87,17,2,1,15
9103,VBM,909,294,32.34,101,125,39,2,,27
9104,Election_Day,927,204,22.01,95,66,16,2,,25
9104,VBM,927,300,32.36,120,106,46,,,28
9105,Election_Day,903,227,25.14,108,76,12,1,,30
9105,VBM,903,311,34.44,117,133,31,1,1,28
9106,Election_Day,892,253,28.36,122,95,12,1,,23
9106,VBM,892,341,38.23,119,157,28,,,37
9107,Election_Day,767,195,25.42,95,62,16,,,22
9107,VBM,767,248,32.33,116,86,25,,,21
9108,Election_Day,758,205,27.04,102,66,19,1,,17
9108,VBM,758,231,30.47,102,91,22,,,16
9109,Election_Day,810,207,25.56,88,76,21,,,22
9109,VBM,810,280,34.57,103,123,28,1,,25
9111,Election_Day,713,184,25.81,75,72,17,,,20
9111,VBM,713,216,30.29,84,87,23,,,22
9112,Election_Day,908,211,23.24,101,82,13,1,,14
9112,VBM,908,317,34.91,143,132,22,,1,19
9113,Election_Day,938,252,26.87,109,102,22,3,,16
9113,VBM,938,325,34.65,131,143,23,,1,27
9114,Election_Day,847,196,23.14,101,60,12,,,23
9114,VBM,847,275,32.47,137,92,28,1,1,16
9115,Election_Day,876,209,23.86,119,64,12,1,,13
9115,VBM,876,287,32.76,128,102,30,,,27
9116,Election_Day,900,211,23.44,114,66,9,,,22
9116,VBM,900,268,29.78,120,95,31,,1,21
9117,Election_Day,729,179,24.55,76,64,14,1,,24
9117,VBM,729,280,38.41,95,126,34,,,25
9118,Election_Day,904,218,24.12,95,75,20,,1,27
9118,VBM,904,286,31.64,117,96,35,,2,36
9119,Election_Day,865,168,19.42,69,73,9,,,17
9119,VBM,865,324,37.46,123,113,49,2,2,35
9121,Election_Day,882,208,23.58,85,88,17,,,18
9121,VBM,882,283,32.09,121,110,35,,,17
9122,Election_Day,864,168,19.44,88,57,7,1,,15
9122,VBM,864,289,33.45,118,107,42,,,22
9123,Election_Day,819,208,25.4,93,74,14,3,,24
9123,VBM,819,292,35.65,119,97,42,1,,33
9124,Election_Day,877,187,21.32,99,58,16,,,14
9124,VBM,877,269,30.67,125,96,24,3,,21
9125,Election_Day,833,185,22.21,86,68,12,,,19
9125,VBM,833,303,36.37,124,123,33,,,23
9126,Election_Day,914,204,22.32,99,72,15,,,18
9126,VBM,914,325,35.56,123,137,44,,,21
9127,Election_Day,929,235,25.3,96,92,27,,,20
9127,VBM,929,306,32.94,116,138,31,,,21
9128,Election_Day,826,229,27.72,99,76,29,,,25
9128,VBM,826,271,32.81,99,100,45,1,,26
9129,Election_Day,673,185,27.49,84,70,13,1,,17
9129,VBM,673,214,31.8,78,94,23,1,,18
9131,Election_Day,733,178,24.28,78,60,10,,,30
9131,VBM,733,250,34.11,115,96,27,1,,11
9132,Election_Day,834,206,24.7,118,56,8,,,24
9132,VBM,834,243,29.14,112,85,28,,,18
9133,Election_Day,986,211,21.4,106,73,13,,,19
9133,VBM,986,365,37.02,143,164,37,,1,20
9134,Election_Day,822,155,18.86,84,49,10,,,12
9134,VBM,822,288,35.04,116,112,34,,,26
9135,Election_Day,782,169,21.61,77,57,16,1,,18
9135,VBM,782,260,33.25,77,99,42,,1,41
9136,Election_Day,893,212,23.74,122,61,8,,,21
9136,VBM,893,304,34.04,125,122,32,,,25
9137,Election_Day,912,185,20.29,92,52,23,,,18
9137,VBM,912,315,34.54,125,126,43,,,21
9138,Election_Day,858,150,17.48,67,58,15,,,10
9138,VBM,858,283,32.98,108,115,40,,3,17
9139,Election_Day,943,188,19.94,81,66,23,1,,17
9139,VBM,943,351,37.22,123,126,74,,,28
9141,Election_Day,895,192,21.45,99,58,17,1,,17
9141,VBM,895,319,35.64,122,123,50,1,,23
9142,Election_Day,901,218,24.2,110,76,9,,,23
9142,VBM,901,292,32.41,128,112,33,1,,18
9143,Election_Day,865,209,24.16,113,68,16,,,12
9143,VBM,865,301,34.8,122,105,42,,1,31
9144,Election_Day,926,245,26.46,106,95,17,,,27
9144,VBM,926,314,33.91,134,128,28,,,24
9145,Election_Day,823,210,25.52,105,70,19,,,16
9145,VBM,823,274,33.29,103,126,26,,1,18
9146,Election_Day,856,246,28.74,118,86,17,,,25
9146,VBM,856,272,31.78,126,102,22,1,,21
9147,Election_Day,894,238,26.62,112,81,20,1,,24
9147,VBM,894,285,31.88,126,105,39,,1,14
9148,Election_Day,943,273,28.95,127,106,16,1,,23
9148,VBM,943,294,31.18,116,129,28,,1,20
9149,Election_Day,893,238,26.65,113,85,13,1,,26
9149,VBM,893,297,33.26,121,129,27,,,20
9151,Election_Day,775,156,20.13,70,59,11,,,16
9151,VBM,775,269,34.71,102,110,28,1,1,27
9152,Election_Day,724,106,14.64,46,46,2,2,,10
9152,VBM,724,165,22.79,57,62,31,,,15
9201,Election_Day,903,243,26.91,134,74,11,1,,23
9201,VBM,903,264,29.24,112,96,34,,,22
9202,Election_Day,871,222,25.49,92,79,19,1,,31
9202,VBM,871,240,27.55,90,109,21,,,20
9203,Election_Day,903,176,19.49,48,70,34,,1,23
9203,VBM,903,294,32.56,64,133,64,,,33
9204,Election_Day,753,166,22.05,51,62,25,,,28
9204,VBM,753,228,30.28,57,113,41,,,17
9205,Election_Day,665,137,20.6,47,51,19,3,,17
9205,VBM,665,225,33.83,51,111,35,,,28
9206,Election_Day,879,159,18.09,49,72,26,,,12
9206,VBM,879,305,34.7,64,139,74,,,28
9207,Election_Day,858,178,20.75,45,88,25,,,20
9207,VBM,858,247,28.79,53,124,42,1,,27
9208,Election_Day,869,186,21.4,70,73,20,,,23
9208,VBM,869,234,26.93,56,98,55,,1,24
9209,Election_Day,658,157,23.86,63,51,24,,,19
9209,VBM,658,188,28.57,43,81,40,1,,23
9211,Election_Day,777,161,20.72,48,81,13,,,19
9211,VBM,777,212,27.28,60,73,47,,,32
9212,Election_Day,762,160,21,60,63,17,,,20
9212,VBM,762,215,28.22,70,92,30,,,23
9213,Election_Day,870,172,19.77,68,68,18,,,18
9213,VBM,870,263,30.23,81,116,45,,,21
9214,Election_Day,565,111,19.65,32,47,15,,,17
9214,VBM,565,197,34.87,40,91,46,,,20
9215,Election_Day,604,132,21.85,29,72,13,,,18
9215,VBM,604,197,32.62,49,95,37,,,16
9216,Election_Day,712,160,22.47,57,64,19,,,20
9216,VBM,712,177,24.86,34,70,48,,1,24
9217,Election_Day,682,154,22.58,58,53,25,1,,17
9217,VBM,682,201,29.47,59,90,32,,,20
9218,Election_Day,743,136,18.3,37,52,26,,,21
9218,VBM,743,220,29.61,65,101,29,1,,24
9219,Election_Day,719,184,25.59,57,76,15,2,,34
9219,VBM,719,180,25.03,50,77,29,,,24
9221,Election_Day,611,136,22.26,33,67,19,,,17
9221,VBM,611,260,42.55,35,144,59,,,22
9222,Election_Day,802,155,19.33,37,86,19,,,13
9222,VBM,802,305,38.03,63,159,41,1,,41
9223,Election_Day,591,98,16.58,32,46,8,1,,11
9223,VBM,591,215,36.38,51,112,35,,,17
9224,Election_Day,898,184,20.49,50,84,17,,,33
9224,VBM,898,298,33.18,58,172,46,,,22
9225,Election_Day,866,193,22.29,59,74,27,,,33
9225,VBM,866,242,27.94,70,105,35,2,,30
9226,Election_Day,822,169,20.56,46,75,27,,1,20
9226,VBM,822,281,34.18,75,113,54,3,,36
9227,Election_Day,709,154,21.72,51,69,14,,,20
9227,VBM,709,293,41.33,68,129,65,1,,30
9228,Election_Day,687,165,24.02,43,81,23,1,,17
9228,VBM,687,272,39.59,67,129,57,,,19
9229,Election_Day,576,135,23.44,33,76,14,,,12
9229,VBM,576,230,39.93,56,133,29,,,12
9231,Election_Day,961,282,29.34,112,121,18,,1,30
9231,VBM,961,313,32.57,108,136,29,,1,39
9232,Election_Day,706,182,25.78,41,96,21,,,24
9232,VBM,706,241,34.14,65,116,39,,4,17
9233,Election_Day,748,166,22.19,48,85,14,,,19
9233,VBM,748,283,37.83,63,146,49,,,25
9234,Election_Day,708,141,19.92,42,63,16,,,20
9234,VBM,708,267,37.71,62,120,55,,,30
9235,Election_Day,825,196,23.76,50,91,33,,,22
9235,VBM,825,290,35.15,68,130,59,,,33
9236,Election_Day,637,149,23.39,50,68,17,,,14
9236,VBM,637,224,35.16,63,114,24,,1,22
9237,Election_Day,846,168,19.86,52,71,17,,,28
9237,VBM,846,301,35.58,77,140,38,,1,45
9238,Election_Day,778,150,19.28,58,68,10,,,14
9238,VBM,778,300,38.56,68,146,62,,,24
9239,Election_Day,811,155,19.11,38,69,23,1,,24
9239,VBM,811,307,37.85,74,142,53,1,,37
9241,Election_Day,903,198,21.93,74,83,15,1,,25
9241,VBM,903,292,32.34,79,130,50,1,,32
9242,Election_Day,864,193,22.34,66,82,20,1,,24
9242,VBM,864,281,32.52,101,113,40,,,27
9243,Election_Day,567,144,25.4,53,57,15,,,19
9243,VBM,567,191,33.69,63,87,25,,,16
9244,Election_Day,828,190,22.95,69,92,5,,,24
9244,VBM,828,253,30.56,91,111,29,,,22
9245,Election_Day,665,157,23.61,63,63,15,,,16
9245,VBM,665,221,33.23,68,106,22,,,25
9246,Election_Day,861,200,23.23,72,88,15,,,25
9246,VBM,861,295,34.26,94,136,33,1,,31
9247,Election_Day,887,202,22.77,77,76,14,,,35
9247,VBM,887,323,36.41,102,152,41,1,,27
9248,Election_Day,834,182,21.82,80,66,15,1,,20
9248,VBM,834,291,34.89,101,125,36,,,29
9249,Election_Day,857,219,25.55,79,107,14,,,19
9249,VBM,857,287,33.49,85,135,34,,,33
9251,Election_Day,882,223,25.28,78,110,11,,,24
9251,VBM,882,312,35.37,99,147,33,,,33
9252,Election_Day,861,170,19.74,74,68,14,,1,13
9252,VBM,861,359,41.7,132,132,46,3,,46
9253,Election_Day,741,167,22.54,62,67,14,,1,23
9253,VBM,741,237,31.98,64,117,29,,,27
9254,Election_Day,860,204,23.72,83,80,12,,1,28
9254,VBM,860,317,36.86,107,154,30,1,,25
9255,Election_Day,513,137,26.71,61,51,9,,1,15
9255,VBM,513,154,30.02,57,74,13,,,10
9256,Election_Day,371,83,22.37,31,36,4,,,12
9256,VBM,371,105,28.3,42,46,11,,,6
9257,Election_Day,284,14,4.93,6,6,,,,2
9257,VBM,284,166,58.45,88,54,12,,,12
9258,Election_Day,659,130,19.73,54,51,13,,,12
9258,VBM,659,251,38.09,113,93,28,,,17
9401,Election_Day,909,255,28.05,139,68,15,,,33
9401,VBM,909,268,29.48,127,101,18,1,1,20
9402,Election_Day,954,241,25.26,144,66,16,,,15
9402,VBM,954,322,33.75,130,117,42,,,33
9403,Election_Day,862,186,21.58,87,70,11,1,,17
9403,VBM,862,299,34.69,128,106,40,,1,24
9404,Election_Day,849,171,20.14,76,66,17,,,12
9404,VBM,849,250,29.45,94,107,33,3,,13
9405,Election_Day,765,185,24.18,70,76,17,,,22
9405,VBM,765,258,33.73,94,116,29,,1,18
9406,Election_Day,862,202,23.43,92,60,25,1,1,23
9406,VBM,862,264,30.63,121,89,34,,,20
9407,Election_Day,851,210,24.68,96,85,14,1,,14
9407,VBM,851,261,30.67,121,92,28,1,2,17
9408,Election_Day,805,218,27.08,108,67,19,3,,21
9408,VBM,805,243,30.19,110,98,13,,1,21
9409,Election_Day,574,168,29.27,95,59,6,,,8
9409,VBM,574,180,31.36,82,65,11,3,,19
9411,Election_Day,987,256,25.94,133,59,22,,,42
9411,VBM,987,296,29.99,151,102,18,,,25
9412,Election_Day,838,214,25.54,121,68,12,,,13
9412,VBM,838,262,31.26,122,85,26,1,,28
9413,Election_Day,871,191,21.93,94,54,16,,,27
9413,VBM,871,299,34.33,98,134,43,,,24
9414,Election_Day,837,176,21.03,81,61,10,,,24
9414,VBM,837,337,40.26,122,136,40,6,,33
9415,Election_Day,764,150,19.63,64,60,11,,,15
9415,VBM,764,260,34.03,100,105,40,,,15
9416,Election_Day,947,229,24.18,104,87,13,,,25
9416,VBM,947,299,31.57,131,116,30,,,22
9417,Election_Day,709,137,19.32,73,35,13,,,16
9417,VBM,709,239,33.71,75,99,50,1,,14
9418,Election_Day,761,161,21.16,63,61,19,2,1,15
9418,VBM,761,242,31.8,83,94,42,,,23
9419,Election_Day,841,142,16.88,61,53,14,,,14
9419,VBM,841,314,37.34,104,106,78,,,26
9421,Election_Day,876,148,16.89,64,54,9,,,21
9421,VBM,876,314,35.84,123,136,31,,2,22
9422,Election_Day,1001,243,24.28,103,77,35,,,28
9422,VBM,1001,323,32.27,118,129,51,,,25
9423,Election_Day,850,165,19.41,58,72,22,,,13
9423,VBM,850,291,34.24,115,126,25,2,2,21
9424,Election_Day,902,166,18.4,72,64,11,,,19
9424,VBM,902,297,32.93,104,133,42,1,,17
9425,Election_Day,880,156,17.73,81,46,6,,,23
9425,VBM,880,288,32.73,115,103,45,1,,24
9426,Election_Day,766,133,17.36,55,48,14,,,16
9426,VBM,766,251,32.77,88,92,48,1,,22
9427,Election_Day,886,144,16.25,44,56,23,2,,19
9427,VBM,886,302,34.09,100,118,64,1,,19
9428,Election_Day,890,134,15.06,54,50,16,,,14
9428,VBM,890,329,36.97,126,126,41,,1,35
9429,Election_Day,848,195,23,85,78,19,,,13
9429,VBM,848,255,30.07,97,103,40,,,15
9431,Election_Day,941,173,18.38,72,65,16,2,,18
9431,VBM,941,349,37.09,124,143,50,,,32
9432,Election_Day,855,183,21.4,72,74,18,1,,18
9432,VBM,855,274,32.05,91,100,44,1,3,35
9433,Election_Day,882,166,18.82,69,52,27,2,,16
9433,VBM,882,317,35.94,104,138,41,,,34
9434,Election_Day,944,209,22.14,87,74,23,,,25
9434,VBM,944,322,34.11,121,136,44,,,21
9435,Election_Day,909,202,22.22,88,69,21,,,24
9435,VBM,909,307,33.77,112,129,48,2,1,15
9436,Election_Day,951,178,18.72,73,58,24,1,,22
9436,VBM,951,324,34.07,108,122,60,,,34
9437,Election_Day,878,174,19.82,68,62,21,1,,22
9437,VBM,878,302,34.4,95,126,58,,1,22
9438,Election_Day,917,164,17.88,71,59,17,1,,16
9438,VBM,917,326,35.55,108,129,65,,,24
9439,Election_Day,836,157,18.78,58,55,19,,,25
9439,VBM,836,286,34.21,95,125,47,1,,18
9441,Election_Day,944,188,19.92,80,67,18,,,23
9441,VBM,944,326,34.53,124,137,39,,1,25
9442,Election_Day,935,218,23.32,104,75,18,,,21
9442,VBM,935,312,33.37,119,126,49,,,18
9443,Election_Day,867,196,22.61,98,62,16,1,,19
9443,VBM,867,273,31.49,112,100,45,,1,15
9444,Election_Day,877,126,14.37,59,43,13,,,11
9444,VBM,877,300,34.21,115,102,50,1,6,26
9445,Election_Day,918,194,21.13,85,72,21,,,16
9445,VBM,918,338,36.82,132,127,47,2,,30
9446,Election_Day,995,212,21.31,92,84,20,,,16
9446,VBM,995,369,37.09,137,157,48,1,,26
9447,Election_Day,892,171,19.17,79,69,9,,,14
9447,VBM,892,318,35.65,82,151,54,,,31
9448,Election_Day,855,159,18.6,74,46,21,1,,17
9448,VBM,855,302,35.32,106,119,48,,,29
9449,Election_Day,763,111,14.55,42,48,8,1,,12
9449,VBM,763,278,36.44,93,117,44,,,24
9451,Election_Day,402,85,21.14,36,31,9,1,,8
9451,VBM,402,157,39.05,30,71,43,,,13
9452,Election_Day,765,208,27.19,73,67,36,,,32
9452,VBM,765,259,33.86,87,125,32,,,15
9453,Election_Day,454,90,19.82,40,30,12,,,8
9453,VBM,454,170,37.44,43,85,19,1,,22
9501,Election_Day,141,2,1.42,1,,,,,1
9501,VBM,141,77,54.61,26,32,11,,,8
9502,Election_Day,201,7,3.48,1,4,2,,,
9502,VBM,201,122,60.7,42,58,4,,3,15
9503/9504,Election_Day,673,126,18.72,56,51,7,,,12
9503/9504,VBM,673,215,31.95,82,99,13,,1,20
9505,Election_Day,738,150,20.33,57,71,7,,,15
9505,VBM,738,228,30.89,89,109,11,2,,17
9506,Election_Day,734,162,22.07,92,48,6,1,,15
9506,VBM,734,181,24.66,73,90,5,2,1,10
9507,Election_Day,731,182,24.9,98,62,2,1,,19
9507,VBM,731,266,36.39,123,101,10,4,,28
9508,Election_Day,797,233,29.23,125,79,,,,29
9508,VBM,797,233,29.23,106,95,10,,,22
9509,Election_Day,671,184,27.42,104,56,6,1,,17
9509,VBM,671,212,31.59,88,90,8,2,,24
9511,Election_Day,592,166,28.04,95,52,9,,1,9
9511,VBM,592,170,28.72,72,70,9,,,19
9512,Election_Day,776,195,25.13,110,64,5,1,,15
9512,VBM,776,260,33.51,128,113,7,,1,11
9513,Election_Day,849,207,24.38,121,60,2,,,24
9513,VBM,849,245,28.86,128,96,6,,,15
9514/9522,Election_Day,890,275,30.9,130,97,15,1,,32
9514/9522,VBM,890,284,31.91,117,122,18,1,2,24
9515,Election_Day,694,233,33.57,107,75,10,,,41
9515,VBM,694,228,32.85,99,90,21,,,18
9516,Election_Day,855,225,26.32,105,82,10,1,,27
9516,VBM,855,283,33.1,123,83,49,,,28
9517,Election_Day,786,219,27.86,126,58,15,,,20
9517,VBM,786,273,34.73,118,114,22,,,19
9518,Election_Day,750,214,28.53,106,80,8,1,,19
9518,VBM,750,255,34,123,90,21,1,,20
9519,Election_Day,859,251,29.22,141,75,13,1,,21
9519,VBM,859,282,32.83,132,106,16,2,,26
9521,Election_Day,860,276,32.09,140,96,11,1,,28
9521,VBM,860,284,33.02,116,126,14,,,28
9701,Election_Day,642,197,30.69,97,66,13,,,21
9701,VBM,642,215,33.49,78,94,26,,1,16
9702,Election_Day,723,220,30.43,112,80,3,,1,24
9702,VBM,723,223,30.84,86,90,29,,1,17
9703,Election_Day,917,197,21.48,68,85,29,,,15
9703,VBM,917,323,35.22,124,130,47,,,22
9704,Election_Day,902,229,25.39,94,93,21,,,21
9704,VBM,902,325,36.03,111,138,35,,,41
9705,Election_Day,859,269,31.32,129,97,12,,,31
9705,VBM,859,289,33.64,111,121,29,,,28
9706,Election_Day,52,1,1.92,1,,,,,
9706,VBM,52,39,75,16,20,,,,3
9707,Election_Day,741,145,19.57,51,61,17,,,16
9707,VBM,741,285,38.46,90,134,45,1,,15
9708,Election_Day,876,227,25.91,107,83,16,,,21
9708,VBM,876,308,35.16,135,119,29,2,2,21
9709,Election_Day,942,202,21.44,81,72,27,,,22
9709,VBM,942,336,35.67,108,155,50,2,,21
9711,Election_Day,621,164,26.41,48,79,27,,,10
9711,VBM,621,262,42.19,98,115,26,,,23
9712,Election_Day,621,150,24.15,50,73,9,,,18
9712,VBM,621,259,41.71,75,133,34,,,17
9713,Election_Day,913,172,18.84,68,68,15,1,,20
9713,VBM,913,345,37.79,114,153,55,,,23
9714,Election_Day,898,187,20.82,66,83,23,,,15
9714,VBM,898,378,42.09,100,193,59,,,26
9715,Election_Day,557,175,31.42,39,100,13,,,23
9715,VBM,557,192,34.47,49,97,31,1,,14
9716,Election_Day,914,195,21.33,69,96,13,,,17
9716,VBM,914,328,35.89,102,163,31,1,1,30
9717,Election_Day,942,217,23.04,74,100,22,3,,18
9717,VBM,942,343,36.41,102,165,44,1,,31
9718,Election_Day,819,195,23.81,56,101,23,,,15
9718,VBM,819,358,43.71,114,183,38,1,3,19
9719,Election_Day,852,219,25.7,59,126,17,2,,15
9719,VBM,852,350,41.08,91,193,37,,,29
9721,Election_Day,628,176,28.03,51,88,20,1,,16
9721,VBM,628,231,36.78,56,120,39,1,,15
9722,Election_Day,608,109,17.93,41,41,12,,,15
9722,VBM,608,266,43.75,74,120,38,,,34
9723,Election_Day,435,60,13.79,12,29,11,,1,7
9723,VBM,435,200,45.98,47,88,44,,1,20
9724,Election_Day,903,161,17.83,41,72,30,,,18
9724,VBM,903,355,39.31,82,163,74,,,36
9725,Election_Day,937,156,16.65,53,57,26,,1,19
9725,VBM,937,338,36.07,86,152,66,,1,33
9726,Election_Day,676,134,19.82,73,39,12,,,10
9726,VBM,676,180,26.63,88,55,21,1,1,14
9727,Election_Day,419,71,16.95,21,28,13,,,9
9727,VBM,419,185,44.15,41,94,36,,,14
9728,Election_Day,899,192,21.36,61,77,28,,,26
9728,VBM,899,365,40.6,98,170,62,1,,34
9729,Election_Day,766,155,20.23,27,91,22,1,,14
9729,VBM,766,321,41.91,65,169,67,,,20
9731,Election_Day,506,148,29.25,37,71,25,3,,12
9731,VBM,506,184,36.36,38,85,35,,,26
9732,Election_Day,74,4,5.41,,4,,,,
9732,VBM,74,52,70.27,17,28,6,,,1
9733,Election_Day,209,5,2.39,3,1,,,,1
9733,VBM,209,146,69.86,38,79,17,1,,11
9734,Election_Day,580,133,22.93,26,81,14,1,,11
9734,VBM,580,241,41.55,59,112,42,,1,27
9735,Election_Day,763,157,20.58,50,70,16,1,,20
9735,VBM,763,332,43.51,88,167,54,,,23
9736,Election_Day,687,156,22.71,52,69,14,,,21
9736,VBM,687,291,42.36,90,150,29,,,22
9737,Election_Day,756,177,23.41,67,77,13,1,,19
9737,VBM,756,353,46.69,123,154,45,,,31
9738,Election_Day,769,167,21.72,88,43,19,,,17
9738,VBM,769,245,31.86,80,108,24,,1,32
9739,Election_Day,806,168,20.84,74,56,15,,,23
9739,VBM,806,207,25.68,101,68,24,,1,13
9741,Election_Day,765,53,6.93,36,8,,1,,8
9741,VBM,765,51,6.67,25,14,4,2,,6
9742,Election_Day,603,121,20.07,38,58,12,1,,12
9742,VBM,603,184,30.51,49,81,32,1,,21
9743,Election_Day,986,222,22.52,123,60,7,1,1,30
9743,VBM,986,329,33.37,130,146,29,1,1,22
9744,Election_Day,877,194,22.12,109,53,12,,,20
9744,VBM,877,227,25.88,85,83,35,1,2,21
9745,Election_Day,969,189,19.5,107,43,14,1,,24
9745,VBM,969,236,24.36,103,97,19,,,17
9746,Election_Day,872,202,23.17,65,80,37,,,20
9746,VBM,872,334,38.3,114,139,48,2,1,30
9747,Election_Day,917,215,23.45,98,87,11,,1,18
9747,VBM,917,340,37.08,138,144,32,,,26
9748,Election_Day,937,195,20.81,81,76,18,,,20
9748,VBM,937,345,36.82,127,152,47,1,1,17
9749,Election_Day,865,173,20,77,62,14,,,20
9749,VBM,865,241,27.86,116,99,13,,1,12
9751,Election_Day,929,197,21.21,69,91,17,2,,18
9751,VBM,929,375,40.37,115,167,48,,2,43
9752,Election_Day,704,164,23.3,64,66,12,2,,20
9752,VBM,704,302,42.9,91,143,42,1,,25
9753,Election_Day,727,148,20.36,67,66,5,,,10
9753,VBM,727,283,38.93,96,137,27,1,,22
9754,Election_Day,695,171,24.6,82,59,11,2,,17
9754,VBM,695,276,39.71,105,127,22,2,,20
9755,Election_Day,578,136,23.53,58,55,8,,,15
9755,VBM,578,221,38.24,88,96,25,1,,11
9756,Election_Day,867,161,18.57,69,51,14,1,1,25
9756,VBM,867,300,34.6,113,119,38,,,30
9801,Election_Day,426,87,20.42,38,32,3,,,14
9801,VBM,426,147,34.51,43,77,15,,,12
9900,Election_Day,0,0,0,,,,,,
9900,VBM,0,0,0,,,,,,
9901,Election_Day,0,0,0,,,,,,
9901,VBM,0,0,0,,,,,,
9902,Election_Day,0,0,0,,,,,,
9902,VBM,0,0,0,,,,,,
