precinct,ballot_type,registered_voters,ballots_cast,turnout,JOHN_BURTON,LONDON_BREED,JO_ELIAS-JACKSON,FRANCIS_TSANG,MARLENE_TRAN,GLADYS_SOTO,ARLO_HALE_SMITH,MELISSA_SAN_MIGUEL,JILL_WYNNS,WADE_WOODS,CINDY_WU,SCOTT_WIENER,PETRA_DEJESUS,BEVAN_DUFTY,ZOE_DUNNING,MALIA_COHEN,WENDY_HA_CHAU,DAVID_CAMPOS,JANE_KIM,FRANCES_HSIEH,TOM_HSIEH,RODNEY_HAUGE,RICK_HAUPTMAN,SHAUN_HAINES,GARY_MCCOY,RAFAEL_MANDELMAN,SOPHIE_MAXWELL,ALYSABETH_ALEXANDER,TOM_AMMIANO,JOSHUA_ARCE,JON_GOLINGER,PRATIMA_GUPTA,DAVID_GIESEN,MICHAEL_E_GRAFTON,AARON_PESKIN,NICHOLAS_PASQUARIELLO,LEAH_PIMENTEL,REBECCA_PROZAN,ALIX_ROSENTHAL,WRITE-IN,over_votes,under_votes
1141,Election_Day,542,109,20.11,27,23,4,11,13,20,7,16,15,21,26,39,22,26,11,20,11,47,44,13,16,3,6,10,11,14,31,25,42,21,16,29,9,6,25,6,20,14,13,2,,791
1141,VBM,542,246,45.39,77,58,14,48,44,42,38,32,55,43,57,107,49,83,47,65,36,110,102,48,47,8,10,18,30,48,65,42,102,42,40,62,16,10,83,7,52,44,43,1,28,1491
1142,Election_Day,433,102,23.56,19,27,6,7,13,14,4,12,13,19,17,31,19,27,6,20,15,47,45,16,10,7,4,12,8,12,27,15,41,13,20,25,4,3,23,1,12,11,9,,,794
1142,VBM,433,158,36.49,46,39,8,29,21,29,16,24,21,25,44,63,34,46,32,40,22,71,57,31,24,6,9,8,21,34,38,38,73,20,33,35,13,5,50,4,28,30,29,,84,932
1143,Election_Day,550,159,28.91,39,27,6,18,14,34,13,25,19,32,36,60,32,43,16,34,20,78,75,32,18,10,9,8,11,37,29,34,68,24,27,46,12,3,40,4,23,18,17,1,,1134
1143,VBM,550,197,35.82,46,43,7,28,22,45,27,36,38,35,58,67,46,57,20,44,26,96,80,36,25,8,9,19,23,40,61,44,81,42,34,52,12,14,71,8,30,35,26,1,70,1196
1144,Election_Day,502,126,25.1,25,30,6,14,10,22,14,17,16,21,26,39,26,23,13,22,13,57,45,19,17,9,8,12,13,27,28,18,54,22,21,28,4,5,27,5,14,19,15,1,14,945
1144,VBM,502,184,36.65,58,52,7,36,18,29,28,23,32,30,48,61,37,41,28,43,25,92,82,34,28,6,7,14,18,29,48,29,87,33,29,44,5,4,49,3,32,36,32,14,42,1183
1145,Election_Day,544,110,20.22,23,19,5,10,7,13,10,9,11,16,22,27,21,32,11,20,5,45,38,19,13,5,7,5,3,19,34,16,40,14,14,20,3,4,26,2,15,13,13,,,911
1145,VBM,544,239,43.93,68,71,13,47,18,31,36,22,44,43,60,111,62,76,49,70,32,114,88,49,45,9,11,18,26,53,69,48,111,40,39,46,13,8,63,5,63,55,52,1,28,1439
1146,Election_Day,487,102,20.94,17,21,3,11,9,14,13,10,16,11,21,30,19,20,10,16,12,41,36,13,12,3,5,8,12,15,19,21,36,19,16,17,7,4,21,4,17,16,16,2,,815
1146,VBM,487,206,42.3,60,49,18,39,27,29,24,23,31,24,46,80,34,44,38,49,31,91,65,32,24,12,11,13,21,31,47,30,77,37,26,38,9,5,51,3,40,24,36,,28,1487
1147,Election_Day,487,108,22.18,24,15,7,10,15,21,7,9,11,19,24,35,16,18,7,21,10,41,38,14,4,3,2,6,6,13,24,17,45,9,14,22,7,3,30,3,10,9,10,1,14,898
1147,VBM,487,192,39.43,47,51,14,26,29,36,26,26,30,38,47,67,48,53,30,47,16,80,70,38,31,11,5,14,20,30,57,37,70,40,47,50,16,8,60,4,35,38,30,1,84,1181
1148,Election_Day,486,111,22.84,26,19,4,9,11,15,9,9,13,13,23,33,26,30,9,22,4,46,43,19,8,4,6,5,5,20,27,16,53,14,21,23,10,2,32,1,10,11,14,,,889
1148,VBM,486,159,32.72,45,34,8,21,35,41,18,25,27,30,51,46,36,41,17,38,33,76,70,34,19,11,13,17,18,35,45,38,70,27,41,47,14,9,48,9,20,35,18,,,966
1149,Election_Day,519,134,25.82,37,22,8,9,12,27,16,18,13,28,25,31,21,27,6,22,12,47,45,15,13,9,10,11,16,9,30,27,59,23,23,27,14,3,24,4,17,23,9,2,14,1068
1149,VBM,519,181,34.87,58,47,3,32,25,29,33,14,40,24,39,82,29,43,33,43,26,70,72,35,35,8,9,20,29,18,35,28,72,35,22,40,8,4,33,4,36,33,36,1,70,1181
1151,Election_Day,0,0,0,,,,,,,,,,,,,,,,,,,,,,,,,,,,,,,,,,,,,,,,,,
1151,VBM,0,0,0,,,,,,,,,,,,,,,,,,,,,,,,,,,,,,,,,,,,,,,,,,
1152,Election_Day,442,107,24.21,26,15,4,7,10,14,12,11,11,24,28,24,26,27,10,13,10,40,37,20,9,3,5,9,8,23,26,23,42,16,21,23,6,3,19,2,15,12,11,1,,852
1152,VBM,442,166,37.56,48,53,7,41,24,29,35,20,37,38,43,67,50,47,43,48,23,75,69,28,35,2,7,19,23,45,46,37,63,46,36,40,6,3,50,1,43,33,36,,84,844
1153,Election_Day,483,111,22.98,27,12,6,14,7,21,11,17,15,17,21,36,18,16,11,19,11,38,38,19,13,6,6,10,9,13,19,22,42,13,11,21,8,3,16,4,16,18,12,8,,910
1153,VBM,483,163,33.75,55,45,9,34,19,31,23,23,29,26,44,61,37,46,22,46,25,84,60,33,23,10,12,18,22,31,49,38,81,23,25,45,9,5,39,4,32,33,26,2,14,989
1154,Election_Day,0,0,0,,,,,,,,,,,,,,,,,,,,,,,,,,,,,,,,,,,,,,,,,,
1154,VBM,0,0,0,,,,,,,,,,,,,,,,,,,,,,,,,,,,,,,,,,,,,,,,,,
7001,Election_Day,391,85,21.74,7,14,2,7,5,14,7,8,8,19,20,25,19,20,8,14,8,31,32,16,4,1,2,5,4,18,20,19,29,18,18,23,1,1,20,2,8,16,9,,,688
7001,VBM,391,146,37.34,30,37,3,31,10,19,21,11,16,27,39,58,42,54,25,45,11,52,60,26,27,2,4,11,13,39,41,31,72,33,31,36,5,2,46,2,31,24,26,,,951
7002,Election_Day,530,119,22.45,28,18,4,24,11,12,9,15,14,24,34,32,24,38,11,36,14,48,59,25,10,,4,10,6,27,36,27,52,17,27,33,6,1,34,2,14,12,15,1,,852
7002,VBM,530,197,37.17,33,36,5,51,29,23,19,13,26,30,53,94,38,41,34,52,28,69,76,35,31,4,1,11,19,39,39,33,68,29,36,41,4,6,53,2,35,30,33,1,28,1430
7003,Election_Day,529,158,29.87,40,40,5,21,15,16,19,6,20,29,35,59,38,57,17,53,13,59,59,32,17,9,8,12,15,36,53,36,66,21,39,46,8,3,51,1,29,25,26,,,1078
7003,VBM,529,244,46.12,70,64,9,48,23,11,47,12,53,36,52,125,47,87,52,90,15,86,95,48,27,10,10,26,30,55,79,52,105,40,54,73,9,4,73,2,43,42,54,,14,1544
7004,Election_Day,524,138,26.34,24,28,7,15,8,14,12,11,15,25,32,56,29,36,20,40,10,50,61,24,12,6,3,11,9,26,35,30,52,23,28,37,4,2,44,1,20,18,23,1,,1030
7004,VBM,524,224,42.75,45,51,5,38,13,13,24,11,28,26,48,89,43,52,43,78,10,66,81,37,24,5,7,21,27,42,44,44,78,39,35,48,4,1,52,2,40,39,42,2,56,1683
7005,Election_Day,520,178,34.23,42,34,5,26,11,14,27,8,28,27,44,71,33,53,26,48,18,57,74,29,31,2,5,13,19,36,52,36,66,23,32,44,5,7,43,1,28,29,29,,,1316
7005,VBM,520,195,37.5,57,46,5,29,10,13,32,8,36,38,54,78,52,63,35,58,15,84,86,45,26,9,8,13,18,52,68,46,100,34,53,57,4,2,74,3,40,34,37,,28,1180
7006,Election_Day,548,173,31.57,27,18,6,10,14,29,9,18,13,62,72,50,57,68,15,28,10,95,85,53,11,4,10,12,11,55,69,63,91,25,54,73,4,3,65,3,13,18,12,,,1087
7006,VBM,548,219,39.96,44,40,9,38,21,20,24,13,29,52,71,70,54,81,36,48,22,91,99,49,20,6,8,16,25,63,74,60,94,39,59,66,7,3,72,1,39,36,35,,14,1418
7007,Election_Day,604,234,38.74,48,35,10,11,14,17,19,11,28,41,51,83,45,66,26,63,17,87,94,32,20,13,10,15,16,42,79,43,87,26,45,54,10,5,66,2,22,27,25,1,14,1856
7007,VBM,604,253,41.89,61,54,9,27,20,11,26,13,41,44,64,108,51,79,40,88,18,98,96,49,20,12,10,19,20,53,92,45,103,37,55,66,9,5,73,1,36,39,40,4,28,1778
7008,Election_Day,519,154,29.67,37,24,4,16,11,10,13,8,22,21,35,57,32,47,24,45,11,51,56,26,19,5,4,5,14,34,55,32,72,16,24,38,5,8,45,2,21,22,23,,,1162
7008,VBM,519,254,48.94,58,61,12,27,24,20,22,15,33,31,50,108,52,70,38,91,19,89,90,41,30,9,12,14,20,56,86,41,101,31,44,64,5,2,67,1,49,46,53,,14,1860
7009,Election_Day,550,123,22.36,26,21,9,10,14,13,10,14,17,30,39,31,28,35,13,26,11,42,49,25,14,11,11,19,9,31,45,27,51,17,38,39,12,6,37,5,14,14,12,,,847
7009,VBM,550,226,41.09,56,62,10,42,12,23,42,11,35,43,58,102,47,77,52,89,19,93,80,44,35,8,8,30,33,64,77,46,105,49,46,66,12,8,57,2,47,44,57,,28,1345
7011,Election_Day,671,126,18.78,30,29,4,14,6,14,9,10,12,19,25,44,23,35,14,38,10,43,41,21,12,6,4,8,6,24,44,17,49,12,13,27,4,2,30,3,15,18,13,1,,1015
7011,VBM,671,165,24.59,55,50,5,29,11,21,26,11,27,27,38,74,30,53,25,60,18,63,60,27,16,7,5,16,16,28,65,32,74,25,26,37,5,4,46,,30,26,22,,14,1106
7012,Election_Day,639,192,30.05,32,29,6,29,16,19,21,11,22,41,47,70,43,53,28,62,10,70,87,33,26,3,4,13,16,44,67,39,72,28,37,54,6,5,45,1,28,34,42,2,,1393
7012,VBM,639,260,40.69,71,60,6,41,14,17,30,19,35,28,50,116,43,74,32,78,26,93,92,30,25,15,12,16,21,42,67,35,113,44,44,47,17,3,64,,38,44,39,5,42,1952
7013,Election_Day,408,84,20.59,13,15,5,15,10,10,12,6,14,12,20,33,16,23,18,23,11,26,29,10,7,2,2,8,10,15,21,15,23,17,13,19,6,3,15,2,16,14,16,,,631
7013,VBM,408,184,45.1,27,31,8,20,8,11,17,12,22,37,53,65,34,38,24,45,15,57,67,33,17,4,3,15,14,37,52,43,67,26,39,43,7,5,45,2,31,28,27,,,1447
7014,Election_Day,588,166,28.23,26,23,8,16,12,11,14,4,12,28,34,58,29,36,23,49,20,41,47,22,14,10,8,10,8,29,42,24,48,21,29,31,3,1,48,1,23,19,21,,,1421
7014,VBM,588,237,40.31,34,47,9,34,15,19,28,14,40,36,49,94,41,61,35,95,18,72,89,35,31,8,8,16,25,46,54,38,72,40,43,51,5,3,58,3,37,42,38,,42,1793
7015,Election_Day,52,0,0,,,,,,,,,,,,,,,,,,,,,,,,,,,,,,,,,,,,,,,,,,
7015,VBM,52,29,55.77,5,7,,5,2,4,5,2,7,7,10,3,8,7,4,5,4,13,8,3,4,1,2,3,3,5,12,7,15,5,9,9,3,,12,2,5,4,5,,14,177
7016,Election_Day,527,83,15.75,21,22,7,6,12,9,14,5,12,14,12,23,12,10,9,33,5,34,29,5,4,3,6,11,3,7,27,11,34,10,5,11,7,3,15,3,10,8,9,,,681
7016,VBM,527,137,26,39,50,7,28,20,18,13,10,23,25,26,56,12,28,21,66,19,55,41,14,24,3,5,17,13,15,52,15,51,21,13,19,6,5,37,1,33,24,28,1,14,950
7017,Election_Day,501,67,13.37,12,24,5,6,6,11,9,5,6,15,10,15,3,5,8,23,11,12,17,2,6,1,1,9,8,3,26,6,12,7,2,11,2,3,4,1,9,7,6,1,14,594
7017,VBM,501,111,22.16,34,48,8,15,9,12,19,11,21,17,18,44,17,31,22,54,8,41,27,9,16,3,5,16,15,12,56,22,47,20,15,27,4,2,28,,32,20,16,,,733
7018,Election_Day,499,78,15.63,22,18,8,12,8,9,10,7,13,18,19,24,13,21,10,23,9,39,26,13,12,3,6,7,8,15,27,13,38,12,10,13,9,3,20,3,12,9,8,1,14,527
7018,VBM,499,197,39.48,84,85,21,43,33,29,32,15,43,28,33,83,25,48,38,93,30,67,57,18,36,10,9,35,27,25,85,24,75,39,14,32,14,8,47,4,63,44,40,4,28,1190
7019,Election_Day,563,101,17.94,25,31,5,10,5,9,13,7,15,22,19,31,17,21,8,45,7,40,36,11,14,2,1,7,12,15,43,12,41,9,14,18,5,3,20,1,24,14,14,,,768
7019,VBM,563,210,37.3,86,85,32,38,27,31,27,17,51,42,48,93,34,55,44,97,32,80,81,30,33,13,12,22,22,28,87,37,103,43,25,47,10,4,45,3,55,43,42,,,1236
7021,Election_Day,599,110,18.36,19,32,9,10,13,9,9,10,12,30,16,23,20,26,10,29,10,44,34,12,9,3,7,10,10,14,37,20,42,10,15,22,4,3,25,,14,8,9,1,14,886
7021,VBM,599,162,27.05,50,56,22,27,14,18,32,9,22,30,29,63,21,43,28,55,13,66,54,19,20,5,5,25,19,30,62,16,59,35,19,32,10,6,41,1,45,34,37,,14,1082
7022,Election_Day,636,135,21.23,39,46,9,13,14,14,14,11,16,40,27,44,24,31,12,57,14,53,57,15,15,4,8,18,14,25,50,27,62,23,23,27,10,1,32,2,17,21,14,2,,945
7022,VBM,636,179,28.14,55,65,21,33,26,31,39,20,36,37,41,67,27,46,36,75,21,79,63,23,31,7,6,37,31,28,63,41,68,41,22,34,13,7,41,5,48,43,37,,70,992
7023,Election_Day,619,101,16.32,32,33,11,12,11,11,11,8,12,16,21,31,17,19,10,44,11,41,32,7,5,8,6,10,6,10,52,11,42,13,11,19,10,7,19,,7,7,6,,,775
7023,VBM,619,202,32.63,91,96,17,37,23,16,41,16,37,30,40,106,38,55,45,125,22,82,55,27,31,13,11,32,25,23,109,26,93,34,24,37,10,4,53,1,68,44,35,5,56,1095
7024,Election_Day,187,16,8.56,6,3,2,,1,2,1,1,,3,3,3,1,2,,6,2,3,2,1,,1,,,1,2,5,3,4,3,3,1,2,1,2,1,,1,,,,152
7024,VBM,187,19,10.16,7,8,1,2,5,5,2,,3,3,3,7,,4,1,10,4,9,6,1,2,,1,3,3,,9,2,5,1,,,1,,5,,2,3,3,,28,117
7025,Election_Day,300,49,16.33,8,7,3,3,4,5,5,5,6,12,17,11,11,14,2,14,3,14,22,10,3,1,3,4,1,11,20,9,13,5,10,16,1,2,10,,4,4,2,,,391
7025,VBM,300,64,21.33,12,18,7,10,2,9,5,5,11,11,13,17,8,12,8,20,5,20,17,5,5,1,2,7,8,7,28,11,22,9,10,8,2,3,10,,11,14,11,,,512
7026,Election_Day,488,88,18.03,24,18,7,11,21,10,6,11,10,18,20,29,12,14,8,30,16,34,26,10,13,6,6,7,12,7,25,8,34,10,9,13,9,2,17,3,9,9,4,,,694
7026,VBM,488,193,39.55,82,67,8,50,55,26,25,13,44,30,50,91,28,45,33,85,37,57,63,29,48,5,7,21,25,19,58,16,50,34,16,29,16,5,56,2,43,27,41,,28,1238
7027,Election_Day,513,113,22.03,33,37,7,16,16,8,11,10,13,16,16,39,7,13,8,43,11,36,34,8,14,5,4,17,15,4,42,8,36,15,7,15,9,5,16,1,12,16,15,14,,930
7027,VBM,513,162,31.58,45,65,13,38,20,28,22,17,40,30,32,67,25,38,38,84,28,59,51,21,32,3,5,21,35,19,62,28,53,26,17,36,8,4,48,1,51,34,31,2,28,963
7028,Election_Day,574,113,19.69,30,42,14,11,12,12,14,8,17,21,18,32,10,23,12,49,11,45,40,11,10,3,4,16,14,11,48,15,43,15,15,16,8,5,16,3,13,22,9,,,864
7028,VBM,574,124,21.6,32,49,9,18,15,15,13,9,19,26,24,41,22,21,22,53,17,40,33,15,14,7,7,17,14,16,50,14,41,16,14,24,11,3,23,2,28,17,17,,70,838
7029,Election_Day,604,92,15.23,24,25,7,10,7,7,14,5,17,12,20,28,6,12,12,30,12,28,29,8,13,3,8,9,12,7,42,16,28,11,7,17,2,1,13,1,13,19,11,,,742
7029,VBM,604,120,19.87,41,56,15,31,11,17,19,10,20,31,24,48,16,21,28,56,8,40,37,15,17,4,2,19,21,15,53,24,42,24,12,18,5,2,22,,30,26,24,5,42,729
7030,Election_Day,345,55,15.94,7,11,3,6,9,4,2,1,5,6,9,19,3,6,5,19,7,12,19,5,5,4,2,4,4,4,8,2,16,6,5,6,2,,5,1,5,2,2,,,529
7030,VBM,345,125,36.23,15,33,10,42,37,11,18,18,25,14,24,53,16,19,28,37,30,19,37,15,29,7,5,7,19,10,22,12,29,29,9,17,7,7,26,4,29,27,23,1,14,916
7031,Election_Day,210,25,11.9,2,4,3,4,2,2,1,1,2,3,7,11,7,6,3,8,3,5,15,4,2,,2,2,,4,6,4,6,4,5,6,2,,9,,1,,1,,14,189
7031,VBM,210,100,47.62,31,28,6,15,22,13,14,8,18,13,24,38,13,20,13,47,14,36,36,10,5,6,9,10,9,13,19,12,40,16,12,19,6,3,24,2,12,15,8,,14,727
7032,Election_Day,566,94,16.61,30,38,8,9,10,10,12,10,16,18,19,27,12,26,15,35,8,42,27,7,7,3,4,8,10,15,37,10,48,9,8,12,1,3,19,1,18,18,12,,,694
7032,VBM,566,160,28.27,62,70,26,26,18,28,27,20,34,42,32,67,32,43,28,73,26,79,59,19,18,5,6,19,25,25,72,35,70,25,26,35,9,4,43,5,35,41,35,,42,854
7033,Election_Day,526,110,20.91,20,31,11,10,15,12,12,11,16,15,18,28,13,16,11,38,6,40,27,7,12,3,4,13,7,11,37,15,38,12,9,15,5,4,11,2,12,13,8,,,952
7033,VBM,526,122,23.19,40,47,5,26,10,14,20,11,24,18,15,53,14,20,29,53,16,40,35,9,23,3,8,27,17,10,52,15,53,16,11,12,6,4,16,1,32,23,27,,126,727
7034,Election_Day,586,75,12.8,17,18,1,7,3,7,5,6,6,5,8,19,5,5,9,22,6,23,16,3,7,5,,6,4,5,23,5,17,9,3,1,4,3,4,,10,7,6,,,740
7034,VBM,586,118,20.14,40,52,14,19,9,18,20,9,16,15,19,42,11,20,26,49,12,39,23,13,21,5,5,20,20,11,54,16,37,20,6,19,9,7,20,1,32,26,20,24,28,785
7035,Election_Day,251,50,19.92,21,21,6,6,5,5,6,2,9,11,6,16,2,18,6,24,2,20,22,2,8,2,2,3,4,5,20,2,24,3,5,5,4,1,10,,6,10,5,,,371
7035,VBM,251,85,33.86,24,31,5,16,11,11,11,8,15,10,7,31,9,12,17,46,5,25,17,3,14,3,2,10,12,5,29,13,29,13,7,13,4,2,16,,20,21,13,,14,636
7036,Election_Day,464,51,10.99,12,16,6,7,8,9,8,8,12,4,9,18,9,4,4,16,9,19,19,4,6,1,1,5,7,10,12,6,18,7,3,10,5,,6,1,10,9,6,,14,376
7036,VBM,464,133,28.66,49,48,17,30,23,29,27,33,33,18,24,56,13,23,24,50,22,48,36,11,33,8,7,15,27,18,42,12,53,30,18,22,13,9,29,2,43,23,24,4,42,774
7037,Election_Day,461,71,15.4,9,17,9,6,6,9,5,2,4,17,10,13,3,7,6,19,6,17,15,6,3,,2,3,12,3,14,8,14,7,6,8,2,2,9,,5,4,5,,28,673
7037,VBM,461,50,10.85,9,17,4,11,8,12,8,6,12,11,13,14,13,12,14,19,7,16,16,6,9,3,1,10,7,9,19,13,12,15,12,12,2,,9,2,12,11,12,,14,288
7038,Election_Day,456,56,12.28,12,14,1,4,8,4,7,3,4,4,1,12,4,3,7,18,4,11,9,4,3,3,,8,5,2,17,2,18,3,1,1,2,1,5,,8,7,3,,,561
7038,VBM,456,143,31.36,41,55,12,43,54,19,27,11,36,19,35,72,14,24,29,74,32,41,47,26,44,9,6,21,28,17,52,18,44,22,13,27,7,3,37,1,31,38,28,15,,830
7039,Election_Day,441,117,26.53,23,29,5,11,18,19,11,13,12,23,21,36,21,26,13,37,8,51,34,10,12,3,5,10,7,13,36,14,50,22,15,21,4,3,29,,19,9,14,,,931
7039,VBM,441,116,26.3,25,37,10,27,38,19,30,11,21,12,24,43,22,21,25,42,23,26,37,12,24,2,4,19,16,14,30,12,43,30,4,27,11,1,19,5,36,31,27,,28,736
7041,Election_Day,30,3,10,,,,1,,,,,,,1,1,,,,,2,,,,1,,,,,,,,,,,,,,,,,,,,,36
7041,VBM,30,11,36.67,3,3,,,1,3,1,3,3,2,3,5,3,3,2,3,1,5,5,2,,1,1,1,,3,2,3,7,1,,4,,1,6,,2,,,,,71
7042,Election_Day,362,70,19.34,15,24,7,9,13,16,5,21,12,11,17,25,16,10,7,23,13,36,25,11,10,3,4,6,14,8,23,10,25,11,12,18,2,1,19,2,15,13,8,1,,459
7042,VBM,362,142,39.23,50,55,12,28,21,15,31,8,28,23,28,61,22,38,22,52,14,70,54,20,27,5,3,17,20,21,55,23,57,17,25,33,7,6,32,2,27,21,28,,,910
7043,Election_Day,524,79,15.08,20,24,3,4,12,14,5,14,8,21,18,19,24,15,2,26,10,21,32,9,8,7,9,10,4,14,28,12,23,9,15,16,8,1,17,,11,8,8,3,,594
7043,VBM,524,176,33.59,48,74,11,34,32,25,32,18,38,35,39,68,28,39,36,82,21,71,61,24,36,10,14,27,32,32,65,22,68,40,22,36,11,9,38,3,45,39,38,,14,1047
7044,Election_Day,496,69,13.91,10,16,10,7,5,10,6,9,5,17,10,17,5,7,5,24,6,25,17,6,2,4,5,5,9,6,22,10,14,10,7,8,8,4,5,1,7,7,4,,,611
7044,VBM,496,72,14.52,30,26,6,14,11,17,12,4,14,13,17,38,10,15,12,31,10,28,26,7,12,6,4,10,14,13,31,8,32,14,7,13,6,1,16,,14,12,11,9,,434
7045,Election_Day,378,68,17.99,23,13,4,3,7,10,5,10,7,15,14,18,12,12,5,13,8,27,23,9,6,3,5,3,12,8,19,13,24,6,11,18,7,2,13,3,6,9,5,,,541
7045,VBM,378,133,35.19,44,51,11,31,45,23,31,15,30,25,28,65,21,25,29,52,37,39,43,12,27,5,11,12,11,12,33,15,37,23,16,19,9,7,36,1,28,23,24,,14,842
7046,Election_Day,244,50,20.49,13,10,7,4,6,11,5,6,7,13,10,17,9,13,3,21,4,19,24,6,4,3,5,6,2,9,15,10,24,5,11,15,5,2,9,5,7,8,4,6,,337
7046,VBM,244,95,38.93,38,32,4,22,19,21,12,12,15,21,22,37,21,25,17,55,22,33,31,15,20,3,2,9,10,19,27,12,39,15,14,17,6,5,26,1,24,13,19,,14,561
7047,Election_Day,426,64,15.02,9,15,5,7,7,14,6,12,7,8,8,16,9,9,7,24,4,24,17,5,5,3,4,5,6,5,14,4,19,6,4,7,7,2,10,1,7,10,7,,,557
7047,VBM,426,179,42.02,58,60,10,58,49,37,33,22,31,25,45,69,37,49,48,80,35,62,77,21,46,9,2,19,21,31,59,28,55,36,24,20,10,4,51,2,47,41,38,,42,1015
7048,Election_Day,466,83,17.81,25,30,7,15,7,11,12,8,11,8,12,33,5,6,12,36,8,25,18,3,7,2,2,5,9,5,27,9,27,8,5,10,3,3,8,,16,12,11,3,,698
7048,VBM,466,131,28.11,53,52,10,33,30,18,21,7,23,25,29,62,19,31,29,61,21,51,51,18,18,9,5,11,19,22,52,12,47,18,11,24,5,5,35,3,34,25,29,1,14,791
7049,Election_Day,371,67,18.06,18,19,4,17,19,11,8,10,11,10,15,26,7,7,12,22,11,19,19,9,12,1,4,2,8,6,16,6,21,9,7,8,8,3,15,,9,6,9,2,,512
7049,VBM,371,115,31,35,28,10,32,48,24,14,16,27,16,33,54,20,14,29,46,34,37,40,13,29,10,9,8,21,13,26,12,34,21,17,18,14,4,35,2,23,27,26,,14,677
7051,Election_Day,405,45,11.11,15,12,5,10,10,10,10,11,8,7,12,15,7,11,8,14,8,21,11,5,4,2,3,3,6,8,11,6,15,10,7,5,2,1,9,,9,8,7,1,,303
7051,VBM,405,169,41.73,47,46,10,50,59,24,25,21,39,27,45,85,26,31,37,71,43,55,71,28,40,13,18,10,19,24,46,25,58,27,20,31,13,10,62,6,30,32,32,5,14,991
7052,Election_Day,416,93,22.36,26,18,12,15,18,18,13,9,14,18,26,24,20,19,9,37,10,37,40,14,13,3,5,7,7,16,41,19,32,6,15,20,3,2,24,3,15,12,12,,,650
7052,VBM,416,150,36.06,46,47,8,36,43,20,35,11,28,26,33,65,21,28,36,53,32,53,58,17,31,5,6,14,22,23,38,14,50,35,22,25,9,3,39,3,40,26,33,2,56,908
7053,Election_Day,225,33,14.67,3,5,1,6,8,10,2,4,3,6,15,10,2,4,5,11,5,9,14,7,6,1,2,4,1,5,4,4,7,3,4,9,2,,3,1,8,4,4,,,260
7053,VBM,225,100,44.44,27,32,4,18,9,8,15,5,20,11,16,40,8,23,21,44,15,27,33,11,20,5,5,10,15,16,23,11,29,26,13,17,5,2,14,1,21,15,18,2,,745
7054,Election_Day,633,134,21.17,28,49,8,9,15,16,9,17,13,14,23,43,14,20,8,45,14,45,47,10,13,8,4,8,12,8,45,18,44,21,10,22,9,5,27,2,22,16,15,3,28,1089
7054,VBM,633,190,30.02,57,82,26,34,19,25,42,18,53,34,42,79,28,45,49,89,20,78,73,22,22,12,10,42,33,30,67,30,67,48,22,48,10,8,34,5,57,46,51,3,70,1030
7101,Election_Day,98,4,4.08,,,,,,,,,,,,,,,,,1,,,,,,,,,,,,,,,,,,,,,,,,,55
7101,VBM,98,65,66.33,16,14,2,14,7,4,11,1,10,10,14,28,12,17,13,12,4,19,27,12,11,3,2,7,9,13,14,12,20,13,13,12,2,,16,,11,14,10,,14,467
7201,Election_Day,476,124,26.05,27,18,5,13,11,6,9,7,11,15,20,48,16,28,10,15,8,28,45,18,10,2,2,9,8,13,20,18,33,11,16,19,1,1,30,,9,8,15,,,1153
7201,VBM,476,207,43.49,66,57,8,37,16,15,34,10,30,29,37,90,44,53,41,46,14,66,69,24,28,9,10,21,18,37,38,31,66,36,29,45,7,5,58,1,44,32,37,5,,1555
7202,Election_Day,393,142,36.13,26,31,3,20,5,12,16,5,17,20,18,63,16,25,27,30,9,28,30,16,20,5,6,8,7,15,19,15,36,26,21,23,6,1,23,1,26,18,30,1,,1264
7202,VBM,393,145,36.9,60,50,10,35,15,12,34,11,28,11,22,76,19,35,29,49,11,39,46,18,29,3,8,9,15,28,29,16,35,36,24,31,3,3,37,2,28,32,35,5,14,998
7203,Election_Day,448,143,31.92,19,26,3,23,7,17,20,12,16,20,26,52,16,27,25,26,13,37,40,14,14,6,10,13,13,16,16,17,30,24,18,25,6,3,29,3,16,20,23,1,,1260
7203,VBM,448,153,34.15,41,40,8,28,9,14,29,12,23,20,33,59,26,26,30,38,11,43,55,23,24,9,6,15,18,26,29,26,50,32,25,34,7,2,29,3,30,28,38,1,28,1114
7204,Election_Day,464,100,21.55,21,27,2,13,11,5,13,5,15,13,20,38,14,24,19,22,6,16,37,10,16,5,6,8,9,14,15,11,26,20,15,18,4,,18,,22,19,21,,,822
7204,VBM,464,231,49.78,63,78,5,55,14,9,49,8,43,21,36,124,27,67,52,68,14,55,74,23,51,3,9,19,33,39,39,25,74,51,45,37,5,6,63,2,53,55,62,1,,1677
7205,Election_Day,452,109,24.12,30,28,1,20,9,10,12,5,18,15,24,52,20,34,20,25,12,34,37,13,18,4,5,13,11,19,21,14,35,12,18,21,4,,34,2,18,16,20,,,822
7205,VBM,452,181,40.04,54,61,5,47,12,17,45,10,47,22,26,89,18,39,48,55,8,44,51,15,36,8,7,18,29,26,35,20,56,37,16,32,5,4,43,2,50,37,46,,,1314
7206,Election_Day,203,68,33.5,14,11,,7,5,6,1,3,5,10,11,22,8,8,4,6,3,19,23,11,3,3,2,2,2,7,10,9,18,3,8,13,1,2,13,,6,4,4,,,665
7206,VBM,203,75,36.95,17,28,5,12,7,8,12,4,16,11,9,29,7,14,16,19,7,18,20,10,9,5,5,14,10,12,9,14,16,18,11,14,5,6,10,1,17,20,17,1,14,553
7207,Election_Day,331,86,25.98,8,18,2,10,7,7,4,3,9,12,21,36,12,22,11,14,7,26,36,12,6,3,8,9,5,14,18,16,30,9,13,20,1,1,21,,10,12,11,,,720
7207,VBM,331,127,38.37,28,42,8,24,8,10,18,9,16,15,23,52,14,26,33,33,14,33,36,12,16,5,5,23,21,25,25,18,36,29,12,27,5,7,25,2,29,27,28,1,14,944
7208,Election_Day,334,85,25.45,18,21,3,7,6,4,7,5,7,15,14,29,20,25,8,17,5,32,37,10,4,3,1,7,5,19,18,15,37,8,14,20,4,2,27,1,11,5,10,1,,688
7208,VBM,334,128,38.32,34,38,7,26,8,11,23,6,20,20,32,66,26,45,25,40,11,46,49,19,23,3,8,14,17,34,25,23,50,26,22,20,6,4,29,2,20,31,29,1,14,839
7209,Election_Day,279,47,16.85,11,14,3,11,6,7,7,7,8,7,13,24,7,8,10,12,11,11,15,4,8,5,3,5,6,8,5,2,10,11,6,3,5,,11,,9,7,8,,,350
7209,VBM,279,164,58.78,50,62,5,45,7,4,31,9,47,10,21,97,21,41,46,58,10,40,40,19,43,5,1,16,27,24,17,11,61,32,14,17,4,2,49,,43,30,46,,,1191
7301,Election_Day,496,84,16.94,16,27,5,11,10,12,9,11,12,14,17,32,12,13,10,23,7,28,34,5,12,7,10,8,10,9,18,18,28,13,11,20,6,6,32,3,8,14,11,4,,620
7301,VBM,496,193,38.91,43,39,6,35,26,14,14,8,23,24,43,72,36,47,30,47,23,63,77,26,18,12,5,11,11,35,32,34,67,20,29,36,9,2,79,1,22,20,29,2,56,1476
7302,Election_Day,394,83,21.07,24,24,2,22,8,6,14,5,20,18,19,36,19,26,18,19,6,31,32,20,12,5,4,12,11,20,21,20,30,20,21,20,4,3,30,,23,17,21,2,,497
7302,VBM,394,197,50,60,72,8,45,26,14,36,15,52,16,30,103,19,42,47,69,19,57,65,14,47,9,5,21,24,31,31,19,63,44,33,36,11,5,67,,44,50,58,,28,1323
7303,Election_Day,479,126,26.3,22,26,1,23,7,8,12,9,14,22,29,48,19,30,20,25,9,43,47,16,16,3,4,12,12,23,23,21,45,11,20,22,1,2,53,,16,16,18,,14,1002
7303,VBM,479,179,37.37,57,36,7,35,15,14,29,8,23,27,40,70,31,48,25,34,21,53,69,28,34,5,7,14,18,31,33,29,77,33,30,32,3,3,72,3,28,32,34,1,,1317
7304,Election_Day,518,143,27.61,34,24,2,17,11,11,11,4,20,27,35,55,26,35,14,21,9,48,56,26,21,5,3,4,9,31,32,23,55,12,34,28,6,1,50,1,9,15,12,,,1165
7304,VBM,518,206,39.77,56,54,3,46,20,10,21,8,27,32,51,100,37,54,46,51,15,65,89,31,32,5,3,15,22,42,56,40,77,35,40,46,5,6,74,5,43,37,45,14,42,1384
7305,Election_Day,446,166,37.22,29,27,6,18,6,14,10,8,14,28,36,46,24,28,18,23,13,44,60,28,17,8,5,14,11,29,27,20,52,13,33,36,4,2,52,3,19,17,20,,14,1448
7305,VBM,446,192,43.05,53,52,4,31,5,9,26,7,29,21,29,87,32,50,42,52,13,58,56,23,28,6,5,18,28,32,45,22,68,34,35,33,9,4,67,2,41,43,37,1,42,1409
7306,Election_Day,488,133,27.25,32,22,4,9,10,6,7,7,10,16,25,47,12,27,8,16,12,40,45,12,9,3,3,2,7,12,25,12,31,7,8,17,1,1,37,2,7,8,11,,,1292
7306,VBM,488,204,41.8,52,42,10,39,20,19,30,12,44,39,54,79,37,54,33,46,20,77,92,43,39,7,10,14,25,42,43,43,70,30,49,47,10,3,84,2,31,37,40,1,14,1373
7307,Election_Day,399,103,25.81,20,17,1,7,8,7,4,4,6,19,27,38,25,28,11,12,4,34,48,24,11,2,2,4,3,25,30,24,37,7,26,27,3,,41,,10,10,10,1,,825
7307,VBM,399,157,39.35,28,39,3,28,15,17,18,7,25,23,32,63,20,38,28,34,17,42,55,17,23,10,7,8,10,19,25,15,48,21,23,23,9,3,50,,29,32,32,,14,1248
7308,Election_Day,352,116,32.95,31,23,1,16,8,8,9,1,9,22,29,46,25,39,9,16,4,41,49,28,11,6,4,5,6,28,34,27,48,11,30,31,4,1,52,3,13,14,14,,,868
7308,VBM,352,143,40.63,37,46,5,30,8,11,23,7,26,29,39,60,31,40,29,42,10,49,58,30,25,2,2,10,20,31,35,27,49,25,42,34,2,4,59,1,26,30,29,,,939
7309,Election_Day,446,130,29.15,24,20,3,18,14,8,9,8,14,21,26,47,23,27,20,19,13,26,40,15,17,6,10,7,8,24,24,22,40,16,24,26,2,3,33,,15,17,18,,,1113
7309,VBM,446,149,33.41,22,35,7,22,7,10,10,13,21,16,28,66,17,28,26,31,11,28,46,13,13,9,3,12,14,15,23,23,38,26,21,24,7,4,37,2,18,22,23,,28,1267
7311,Election_Day,470,193,41.06,27,39,5,16,11,12,17,13,18,22,34,62,20,37,20,27,13,47,64,25,18,13,5,15,10,21,32,20,52,22,28,36,8,5,48,,22,23,21,4,14,1756
7311,VBM,470,175,37.23,53,58,9,38,17,16,29,10,25,31,46,80,38,52,35,39,20,53,66,36,45,2,4,14,19,36,36,35,68,28,36,40,8,4,66,,29,28,33,5,,1163
7312,Election_Day,444,100,22.52,23,19,3,13,10,9,15,5,15,20,19,43,15,21,14,19,8,25,35,14,13,5,5,7,8,19,14,12,31,9,11,10,6,4,26,2,14,16,15,1,,827
7312,VBM,444,222,50,72,77,5,59,18,14,40,10,45,17,31,114,27,61,55,63,22,45,57,19,49,6,8,13,20,35,38,22,67,43,27,36,5,5,62,2,54,41,52,2,14,1656
7313,Election_Day,484,96,19.83,20,18,6,15,14,10,9,6,9,19,27,31,19,22,16,17,14,31,39,15,14,6,7,9,6,19,22,20,27,15,21,25,4,,36,1,10,9,8,,14,714
7313,VBM,484,186,38.43,49,49,7,37,29,13,18,13,38,37,69,78,46,57,33,53,25,60,87,35,36,8,10,14,16,48,54,46,68,36,53,49,10,4,90,2,35,31,38,1,,1122
7314,Election_Day,293,56,19.11,11,8,4,4,2,6,2,3,1,10,9,16,9,14,4,8,6,18,29,6,4,3,2,5,3,7,11,12,16,9,13,11,2,1,24,,5,5,4,,14,463
7314,VBM,293,92,31.4,20,22,2,23,29,14,7,5,18,12,29,33,13,15,14,24,21,23,43,16,17,6,6,6,6,12,11,17,21,14,15,20,3,2,48,1,16,21,9,,14,640
7315,Election_Day,373,110,29.49,30,12,7,9,12,12,4,7,10,18,27,30,18,20,9,17,13,30,51,18,9,3,8,1,7,13,22,18,37,11,20,24,7,1,47,2,7,13,7,1,,928
7315,VBM,373,130,34.85,31,27,6,28,21,19,13,10,26,24,40,52,27,32,19,24,20,40,52,34,22,6,5,9,14,26,29,29,45,23,31,34,4,2,52,2,19,23,20,1,14,865
7316,Election_Day,415,91,21.93,17,13,3,7,4,6,5,10,5,14,20,24,18,21,4,14,10,41,42,13,7,1,1,4,6,15,17,18,37,10,15,17,2,,42,1,6,8,7,,14,755
7316,VBM,415,162,39.04,46,41,4,26,24,21,19,12,21,34,51,53,34,35,17,34,25,59,83,26,18,9,6,18,20,31,38,28,54,25,34,38,10,4,73,3,18,19,14,1,,1142
7317,Election_Day,444,114,25.68,21,25,3,10,13,14,9,11,18,25,37,35,26,32,19,26,13,49,53,28,16,4,7,7,11,30,32,26,39,15,32,25,3,3,48,1,18,19,20,1,14,758
7317,VBM,444,189,42.57,55,48,10,35,26,22,27,15,33,35,46,89,31,51,26,49,24,53,78,33,32,12,11,18,24,34,38,33,66,32,43,40,11,7,70,2,33,37,39,,,1278
7318,Election_Day,347,115,33.14,23,20,4,9,8,11,5,4,5,22,27,38,14,24,8,9,15,22,44,10,11,5,6,5,2,15,17,24,31,7,14,21,5,2,39,1,7,9,10,,,1057
7318,VBM,347,142,40.92,33,30,6,38,24,12,17,9,28,28,49,58,30,43,31,39,24,37,64,31,27,5,3,10,12,36,34,26,47,20,31,31,4,2,63,,20,22,22,,14,928
7319,Election_Day,516,131,25.39,26,25,3,25,10,14,13,13,19,21,34,41,28,23,17,21,13,34,47,20,17,4,7,2,11,23,21,24,42,19,23,26,4,1,35,3,15,17,15,1,14,1063
7319,VBM,516,180,34.88,30,36,4,35,20,8,26,6,26,31,41,69,28,47,32,39,14,58,76,31,33,9,6,16,14,39,37,36,62,31,37,38,6,6,74,2,31,31,33,1,28,1293
7321,Election_Day,282,68,24.11,11,12,4,15,10,5,4,4,8,8,17,23,7,11,10,11,9,17,20,13,8,1,1,5,5,10,9,10,18,5,7,9,2,4,21,1,8,6,10,3,28,562
7321,VBM,282,109,38.65,26,28,9,33,23,9,13,4,18,15,33,49,19,34,21,26,19,31,43,25,27,5,5,10,9,20,19,21,32,22,20,26,6,4,41,2,17,19,20,,,723
7322,Election_Day,358,43,12.01,8,9,1,5,4,1,2,3,1,4,14,7,4,3,2,8,8,12,19,5,4,,,1,3,3,10,5,8,3,6,5,2,1,14,1,3,2,3,1,,407
7322,VBM,358,111,31.01,17,22,3,36,32,12,4,3,18,12,39,48,16,24,16,25,23,29,71,22,23,3,1,2,15,19,13,17,31,8,14,11,3,1,62,2,13,21,14,1,14,794
7323,Election_Day,406,105,25.86,20,19,4,11,3,7,9,6,9,14,21,35,17,15,9,18,12,23,38,11,7,6,3,5,12,11,15,14,21,14,13,15,3,1,30,,11,7,16,,,965
7323,VBM,406,145,35.71,35,37,3,32,23,12,14,11,14,29,42,61,27,39,21,34,24,38,65,24,16,4,6,15,10,33,35,31,44,17,25,38,6,2,58,1,25,25,25,,14,1015
7324,Election_Day,322,76,23.6,16,13,5,10,13,6,5,4,7,14,21,29,16,19,6,9,12,24,36,15,9,3,4,6,2,11,16,15,19,8,14,24,,2,25,1,7,2,7,,,609
7324,VBM,322,127,39.44,31,33,4,28,18,13,13,8,22,17,33,51,18,27,26,29,15,37,58,12,18,6,6,6,12,23,21,20,33,21,22,23,7,,46,1,22,19,25,2,28,924
7325,Election_Day,462,99,21.43,20,10,2,15,10,8,8,5,8,10,17,38,17,18,16,16,9,28,39,9,12,4,2,5,7,18,19,15,30,14,10,18,3,1,30,,15,13,17,13,,837
7325,VBM,462,181,39.18,39,31,5,29,23,10,20,5,21,20,43,68,34,44,30,43,19,58,77,28,25,4,6,11,10,36,38,31,62,28,33,37,6,3,69,1,27,23,26,,84,1327
7326,Election_Day,400,107,26.75,19,23,3,20,9,17,12,11,17,17,32,35,21,31,16,21,18,31,45,18,12,4,4,10,8,18,23,17,34,14,16,21,5,1,36,3,14,14,19,1,,808
7326,VBM,400,136,34,33,29,5,27,21,6,17,5,18,14,33,56,15,26,25,29,17,34,54,19,30,,4,11,15,22,17,15,29,23,15,17,6,1,45,1,21,19,25,,,1105
7327,Election_Day,259,48,18.53,13,10,3,8,6,7,5,4,2,6,17,18,9,9,2,5,14,19,27,8,4,,2,4,1,6,10,13,19,7,11,11,3,2,23,2,3,3,6,,,350
7327,VBM,259,100,38.61,11,27,9,29,36,21,8,8,27,8,35,43,7,18,13,32,29,21,59,21,23,4,4,4,7,13,4,17,16,12,12,12,3,5,48,4,4,15,10,,,721
7328,Election_Day,351,46,13.11,9,13,4,10,11,6,4,3,5,11,18,16,8,9,5,7,11,15,20,10,5,3,2,3,4,8,9,11,11,6,8,10,2,,18,,5,7,1,,,336
7328,VBM,351,147,41.88,35,52,7,45,28,20,18,7,35,15,43,71,22,34,36,42,27,38,70,17,34,3,3,7,21,21,15,18,33,21,19,14,5,6,66,,25,19,35,11,28,992
7329,Election_Day,235,41,17.45,9,9,1,3,2,2,6,1,5,4,7,18,8,7,4,5,2,9,16,8,12,2,1,1,3,4,6,7,13,8,9,12,2,1,13,,4,6,6,,,338
7329,VBM,235,102,43.4,26,29,4,29,12,12,13,4,18,11,26,55,18,29,24,29,12,26,35,14,18,1,2,7,16,24,18,10,32,18,22,21,1,3,39,,26,20,25,3,28,668
7331,Election_Day,419,112,26.73,32,28,3,18,5,5,18,5,11,9,21,38,10,25,14,20,8,27,35,9,16,3,5,6,4,7,24,15,39,8,19,15,6,1,45,,13,15,19,,,967
7331,VBM,419,203,48.45,68,71,10,43,11,12,40,12,25,34,41,95,46,66,46,53,17,79,84,35,34,10,6,19,26,51,51,39,88,38,62,46,11,5,95,4,47,36,49,,42,1195
7332,Election_Day,415,121,29.16,25,18,4,9,5,11,4,11,5,20,28,35,25,34,10,14,6,46,57,19,5,3,3,7,2,28,31,31,46,14,24,25,1,6,52,1,9,12,11,,,997
7332,VBM,415,145,34.94,31,23,4,13,14,15,10,9,18,21,44,39,34,37,13,25,21,56,66,28,16,9,11,10,11,33,41,39,54,19,28,37,10,,62,,16,17,21,2,42,1031
7333,Election_Day,500,155,31,26,19,2,13,7,12,7,7,11,24,30,41,25,35,21,19,16,40,63,17,15,9,9,11,8,29,25,23,41,9,24,34,3,3,48,,14,13,16,9,,1392
7333,VBM,500,183,36.6,45,44,7,39,33,20,25,15,28,28,62,73,24,37,36,41,30,52,81,36,31,7,6,13,27,34,38,35,61,37,32,44,13,9,72,2,33,38,35,2,28,1209
7334,Election_Day,467,113,24.2,16,14,2,13,6,6,8,4,8,21,25,34,26,24,13,16,9,41,55,23,13,2,4,4,7,28,24,23,44,12,22,30,3,3,53,,14,12,9,,,911
7334,VBM,467,176,37.69,38,39,12,37,31,16,22,13,30,33,63,75,38,47,29,42,27,62,88,35,38,11,10,13,16,36,44,43,63,32,35,44,5,6,77,1,27,31,29,1,,1125
7335,Election_Day,452,108,23.89,24,21,1,9,7,7,7,3,8,20,27,35,23,32,10,13,9,36,48,20,9,2,4,4,3,24,31,25,34,12,21,26,3,3,37,,11,10,10,,,883
7335,VBM,452,204,45.13,62,55,8,37,14,17,30,9,22,34,52,93,42,60,39,42,24,62,85,40,34,10,5,11,15,38,44,44,74,39,52,44,7,3,73,2,31,31,35,1,,1436
7336,Election_Day,444,113,25.45,26,21,3,12,5,5,6,4,6,16,22,37,19,32,11,19,5,37,45,16,11,5,3,3,3,18,25,18,35,3,15,14,4,1,45,,7,7,9,2,,1007
7336,VBM,444,188,42.34,43,63,8,41,15,16,35,13,30,28,39,86,33,45,40,55,24,55,77,32,36,9,9,20,19,28,48,30,67,37,33,35,9,7,65,2,30,29,31,1,28,1281
7337,Election_Day,416,87,20.91,7,12,4,15,11,3,10,4,15,13,16,33,11,21,14,13,13,19,33,10,12,2,3,7,7,13,14,15,24,16,10,18,3,3,25,1,15,13,13,,,727
7337,VBM,416,199,47.84,66,63,3,36,13,21,29,11,30,21,41,82,30,59,35,54,18,61,74,24,33,4,6,13,19,33,42,30,76,38,30,39,3,3,67,1,41,37,38,,,1462
7338,Election_Day,373,59,15.82,13,13,2,12,12,14,6,10,6,8,14,20,8,10,7,8,10,14,30,7,8,4,4,6,6,11,9,12,14,10,9,14,6,1,19,3,8,11,6,,,441
7338,VBM,373,150,40.21,45,53,5,43,33,12,21,8,32,23,42,72,18,38,31,48,20,40,65,27,32,6,6,18,16,35,28,23,53,23,27,19,7,6,73,2,27,33,35,1,14,940
7339,Election_Day,316,80,25.32,16,15,4,7,7,8,7,2,11,12,20,25,17,18,9,11,6,27,31,12,10,4,6,8,10,16,20,13,29,9,14,21,5,,28,1,8,10,9,1,,633
7339,VBM,316,104,32.91,26,26,9,18,10,12,15,4,16,19,21,43,20,29,19,22,7,41,38,19,8,2,8,14,12,19,16,24,40,18,19,20,4,2,35,1,17,15,17,,14,737
7341,Election_Day,472,125,26.48,19,23,5,16,7,10,15,10,20,19,28,38,14,26,19,20,15,44,51,15,11,1,5,10,13,25,27,22,38,20,24,33,2,2,44,2,10,19,16,,,1012
7341,VBM,472,151,31.99,44,43,10,22,21,20,20,5,23,23,44,67,24,42,23,28,26,70,73,24,26,8,7,6,15,27,34,27,55,36,31,35,9,5,65,2,24,26,21,,14,989
7342,Election_Day,504,184,36.51,51,35,8,16,10,10,18,13,24,33,49,61,38,54,17,31,20,64,84,33,21,6,8,8,8,41,44,36,78,20,35,55,4,5,77,1,17,21,22,1,14,1385
7342,VBM,504,157,31.15,45,35,9,23,19,15,19,17,24,31,36,60,35,45,26,43,17,62,70,27,21,8,8,13,15,34,35,38,63,25,38,41,8,4,75,2,28,26,36,,,1022
7343,Election_Day,396,129,32.58,21,18,4,7,6,8,7,4,10,21,32,31,21,34,15,14,8,36,59,21,9,3,1,5,6,18,28,23,48,13,19,28,4,2,49,,11,7,8,,,1147
7343,VBM,396,122,30.81,19,24,5,10,6,5,7,7,12,24,34,43,24,38,16,21,11,49,56,26,12,3,4,14,11,32,34,30,49,11,26,28,1,1,57,1,12,11,13,,42,879
7344,Election_Day,572,139,24.3,25,21,4,12,13,12,9,9,11,25,30,44,16,24,12,17,13,39,57,17,9,7,5,11,7,16,20,20,45,19,20,26,4,5,51,5,12,11,14,1,,1228
7344,VBM,572,228,39.86,53,59,11,49,19,16,39,16,37,40,49,89,42,61,53,51,26,83,103,40,43,15,6,24,32,56,59,45,88,54,47,63,5,7,89,5,47,45,44,2,14,1466
7345,Election_Day,610,164,26.89,19,22,5,17,18,26,18,12,17,35,48,53,38,45,18,19,21,53,77,25,18,8,8,9,14,34,36,42,47,25,38,48,8,2,56,2,14,18,21,,,1262
7345,VBM,610,232,38.03,40,43,5,22,12,24,17,13,22,52,78,85,53,77,31,36,15,88,109,45,14,9,10,14,16,56,65,57,84,35,56,71,13,7,97,2,29,30,27,,14,1675
7346,Election_Day,527,152,28.84,31,25,4,6,11,17,3,12,12,33,47,31,38,41,7,18,15,63,83,31,7,6,6,11,7,28,38,33,60,12,29,41,3,2,61,,11,14,11,,42,1178
7346,VBM,527,160,30.36,32,40,7,22,16,21,15,9,19,31,37,55,34,42,26,36,14,62,69,26,17,8,10,13,16,33,36,34,64,20,34,35,5,3,65,2,20,22,21,2,28,1139
7347,Election_Day,568,162,28.52,24,22,7,12,11,21,11,15,12,37,50,43,42,43,13,16,15,65,72,38,6,12,7,6,14,38,39,41,64,18,32,45,4,2,58,,14,12,16,3,,1268
7347,VBM,568,230,40.49,51,63,7,29,11,25,32,13,29,55,71,81,64,72,46,55,22,103,117,50,32,4,8,23,28,58,76,69,95,36,60,60,10,5,96,,43,51,44,,42,1384
7348,Election_Day,459,100,21.79,16,21,6,12,11,10,10,6,17,17,21,29,12,16,13,26,13,24,44,11,9,10,4,11,10,13,22,19,28,18,21,21,9,1,28,,13,12,14,,,802
7348,VBM,459,147,32.03,30,35,6,20,17,23,14,12,16,20,32,64,21,34,15,30,18,61,66,22,19,5,11,7,10,24,31,29,55,26,24,28,9,4,56,2,18,20,16,,42,1066
7349,Election_Day,496,146,29.44,27,24,4,12,16,14,10,7,19,30,37,57,30,45,15,20,16,45,69,27,12,4,8,7,10,24,32,31,49,16,34,36,9,5,59,1,13,20,18,3,,1129
7349,VBM,496,192,38.71,45,65,11,57,26,15,38,8,32,27,38,81,32,45,50,56,25,58,78,25,33,9,12,22,29,37,39,32,60,35,26,35,6,4,70,3,48,43,50,3,42,1238
7501,Election_Day,305,99,32.46,18,39,1,11,6,9,10,10,16,12,14,44,10,19,15,21,6,20,27,8,13,3,7,9,12,12,14,8,33,11,12,13,3,1,23,,14,14,17,,,851
7501,VBM,305,99,32.46,24,50,2,25,6,4,16,7,15,8,19,49,10,21,20,25,12,17,36,10,18,2,1,11,13,10,13,9,33,25,15,13,1,1,18,1,19,23,23,,,761
7502,Election_Day,423,115,27.19,20,36,6,12,7,14,12,6,9,20,18,49,14,23,10,22,10,39,39,14,13,7,7,12,9,12,15,11,38,14,15,24,5,,24,1,17,14,14,,,978
7502,VBM,423,172,40.66,46,60,8,36,8,14,24,11,35,22,35,67,32,50,33,47,13,60,66,26,27,4,3,16,14,27,35,30,63,28,30,33,5,3,46,1,32,25,34,1,,1258
7503,Election_Day,424,107,25.24,17,31,2,15,10,13,12,8,15,12,17,41,13,21,16,26,7,24,33,6,15,4,5,15,10,13,17,9,30,17,8,17,3,4,17,4,15,17,20,,,919
7503,VBM,424,142,33.49,35,48,6,28,9,8,17,6,31,19,27,57,24,36,30,34,12,48,56,19,24,5,5,11,15,27,34,29,52,24,24,25,2,4,36,2,33,26,28,1,28,1003
7504,Election_Day,271,66,24.35,15,26,2,13,8,5,6,6,10,16,17,21,5,10,7,14,8,20,25,12,6,4,2,4,5,6,18,7,20,7,10,12,,1,16,,4,7,9,16,,524
7504,VBM,271,93,34.32,31,35,4,13,7,6,13,6,14,15,19,37,14,19,13,24,9,28,30,14,15,3,1,5,8,18,25,13,29,16,14,17,3,1,25,,17,13,14,11,,703
7505,Election_Day,510,92,18.04,22,40,3,17,4,12,14,8,14,12,21,39,15,31,22,28,13,32,34,18,18,4,6,8,14,15,17,13,32,15,10,15,1,4,27,1,18,14,19,3,,635
7505,VBM,510,274,53.73,99,139,12,82,14,15,74,15,75,29,56,161,31,71,81,106,18,75,90,36,72,9,6,37,52,48,54,30,105,75,27,43,6,5,75,1,83,91,88,2,42,1606
7506,Election_Day,588,152,25.85,29,71,9,14,13,20,13,6,11,28,27,46,21,32,18,24,17,43,62,12,10,10,8,11,10,23,32,20,39,18,19,27,5,6,29,,13,16,18,,14,1284
7506,VBM,588,184,31.29,35,90,13,34,11,12,21,10,23,45,42,71,38,53,20,44,18,65,87,27,11,11,11,26,14,36,54,48,70,35,35,52,10,8,49,1,32,33,25,5,28,1223
7507,Election_Day,585,111,18.97,34,58,4,10,7,7,9,8,22,30,22,31,17,38,8,29,8,50,51,15,11,1,8,5,6,23,45,21,51,8,18,25,6,3,38,,13,7,12,,28,767
7507,VBM,585,178,30.43,65,87,14,32,12,21,20,13,36,46,62,65,46,56,27,47,20,91,91,43,21,4,4,17,19,45,70,51,85,25,35,51,5,2,61,,24,26,23,,56,974
7508,Election_Day,399,81,20.3,28,33,3,9,2,8,8,7,9,11,20,40,18,23,10,14,7,35,32,14,12,,1,5,5,15,25,12,41,10,18,16,3,3,33,1,10,15,17,3,,558
7508,VBM,399,194,48.62,60,80,13,44,28,23,29,12,40,37,56,87,45,66,40,56,29,68,93,38,34,5,10,18,17,47,60,41,97,34,38,53,7,5,60,2,43,42,43,3,,1113
7509-7511,Election_Day,560,144,25.71,28,46,3,18,12,12,15,14,15,19,22,60,15,43,16,33,11,43,58,18,15,5,8,12,13,23,27,13,49,18,17,24,4,3,40,1,15,17,28,,14,1169
7509-7511,VBM,560,230,41.07,61,86,7,43,16,20,34,19,38,33,50,103,45,71,48,60,19,74,85,35,30,10,12,27,32,56,60,43,99,44,40,56,5,8,70,1,49,57,54,4,28,1488
7512,Election_Day,344,87,25.29,17,41,5,8,5,11,5,7,8,21,20,31,19,21,9,15,7,33,33,13,2,5,4,7,7,19,22,14,34,6,19,23,1,1,22,,8,11,12,7,,665
7512,VBM,344,142,41.28,41,46,10,26,7,14,20,6,18,27,28,58,27,31,25,38,13,44,43,25,19,9,9,12,22,33,35,30,48,27,24,31,5,7,42,,30,31,34,5,56,932
7513,Election_Day,466,127,27.25,26,60,8,10,5,11,7,7,6,40,29,34,20,29,11,33,12,50,49,20,9,1,4,5,5,22,37,27,44,8,19,21,6,6,33,,11,9,13,4,,1027
7513,VBM,466,130,27.9,33,64,13,26,11,8,20,7,26,33,20,57,18,24,28,35,13,39,49,19,21,6,11,16,20,21,29,22,43,20,19,23,12,6,32,1,26,28,27,2,28,864
7514,Election_Day,533,73,13.7,16,45,3,5,5,6,7,2,11,29,14,16,10,13,4,14,6,21,29,6,4,3,2,4,2,8,28,12,24,4,11,12,5,4,13,,5,3,3,,,613
7514,VBM,533,139,26.08,48,94,14,39,22,19,25,16,39,45,37,62,18,23,39,66,24,47,52,19,24,5,7,27,25,8,56,22,59,30,11,23,5,4,37,,40,43,31,,14,727
7515,Election_Day,553,142,25.68,35,71,9,10,5,14,12,5,11,33,29,48,25,40,9,22,7,56,49,17,7,3,3,13,11,27,38,18,58,9,18,24,5,4,40,,16,8,17,1,,1161
7515,VBM,553,193,34.9,61,103,11,29,11,21,33,15,29,45,36,92,36,61,42,77,12,84,84,32,28,4,5,27,23,41,64,35,88,26,26,39,5,2,52,3,42,32,40,1,42,1163
7516,Election_Day,504,117,23.21,27,52,5,24,11,8,29,11,24,19,24,47,23,42,35,33,9,36,55,20,23,5,5,13,17,24,28,18,49,23,21,26,5,3,27,,30,28,29,,28,702
7516,VBM,504,237,47.02,82,96,9,56,25,20,45,22,48,39,56,110,53,75,46,66,27,97,100,44,38,11,12,23,39,62,60,48,103,42,53,65,12,8,77,7,47,42,54,2,42,1355
7517,Election_Day,571,232,40.63,39,79,11,23,15,23,10,15,24,49,63,70,50,64,23,37,20,78,98,43,18,8,12,18,10,42,56,43,86,32,51,66,13,4,56,2,24,17,25,,,1831
7517,VBM,571,217,38,34,82,9,29,10,12,29,9,32,34,51,86,40,54,37,46,17,71,76,30,28,4,5,28,22,43,52,40,73,34,41,53,2,4,45,,38,38,40,11,14,1635
7518,Election_Day,599,203,33.89,44,67,5,24,17,13,15,7,19,46,56,53,42,55,19,28,13,73,92,34,22,8,5,11,13,39,50,46,81,14,33,49,3,2,60,1,25,19,29,1,14,1595
7518,VBM,599,221,36.89,37,70,6,31,10,13,26,8,27,41,55,80,55,60,36,52,13,78,90,50,29,7,9,14,19,54,57,50,79,36,42,64,3,2,63,2,43,31,35,5,14,1598
7519,Election_Day,481,172,35.76,19,53,3,9,5,12,6,7,11,40,52,45,36,48,16,20,12,63,81,32,6,5,2,2,3,36,43,45,56,13,35,55,3,1,42,1,9,12,14,,,1455
7519,VBM,481,168,34.93,32,51,6,21,9,17,10,8,18,31,37,68,37,45,26,29,11,60,64,28,13,4,5,12,11,35,47,39,58,22,31,35,8,,34,1,17,24,21,,28,1299
7521,Election_Day,514,173,33.66,32,71,4,23,13,11,10,9,19,31,39,69,33,42,16,41,12,52,71,23,14,5,3,11,6,32,49,29,56,12,26,40,7,2,35,,16,12,14,,,1432
7521,VBM,514,177,34.44,36,63,3,19,8,18,14,8,21,33,46,64,33,53,23,37,18,64,73,32,16,11,4,9,15,34,46,38,70,28,31,49,3,1,36,1,29,23,29,2,28,1309
7522,Election_Day,527,159,30.17,22,64,5,15,10,6,11,7,18,37,43,56,41,48,14,30,12,57,75,29,15,5,6,10,10,44,47,42,61,20,41,45,5,2,47,,17,19,19,,,1171
7522,VBM,527,216,40.99,40,84,7,29,21,16,25,15,25,52,66,75,52,64,35,43,21,82,101,48,27,12,5,22,24,53,58,64,87,28,54,70,9,4,60,5,34,31,36,,28,1412
7523,Election_Day,456,200,43.86,32,66,11,15,16,20,14,11,17,59,62,62,50,65,18,25,19,80,102,39,17,6,7,10,15,47,59,56,87,20,52,58,12,2,65,2,19,22,22,1,14,1424
7523,VBM,456,151,33.11,22,54,4,15,6,9,16,6,19,29,40,59,40,44,21,33,15,67,70,31,8,5,3,14,11,38,36,39,61,18,38,44,5,3,41,1,26,22,20,,42,1039
7524,Election_Day,423,124,29.31,22,48,3,14,2,6,14,6,14,25,23,38,22,35,10,23,8,45,44,21,15,4,3,14,12,25,31,24,44,14,21,32,2,1,27,1,17,18,17,1,14,976
7524,VBM,423,132,31.21,21,58,4,19,8,11,18,15,18,32,28,59,20,31,26,38,17,39,52,23,14,3,6,15,21,26,29,27,42,24,23,28,5,3,26,1,27,22,32,,28,909
7525,Election_Day,535,135,25.23,21,62,3,14,10,10,12,10,17,17,28,48,11,27,18,30,17,42,52,16,12,3,5,10,13,17,25,20,47,15,17,29,6,1,25,2,15,17,19,8,,1119
7525,VBM,535,178,33.27,39,74,7,24,13,17,23,12,25,36,35,63,30,31,28,37,24,59,54,19,20,7,6,22,22,29,46,35,65,35,31,39,11,1,40,2,28,30,24,2,70,1277
7526,Election_Day,569,157,27.59,34,46,7,18,10,21,12,9,13,29,47,57,28,50,14,26,20,65,75,27,10,9,7,12,10,34,43,35,67,13,35,48,9,4,45,2,10,23,19,,,1155
7526,VBM,569,256,44.99,46,91,5,52,13,17,38,16,40,52,69,112,61,89,56,68,26,91,113,42,36,10,13,26,43,65,65,61,109,50,59,68,7,1,76,3,53,57,60,2,56,1567
7527-7528,Election_Day,447,124,27.74,18,44,2,8,5,13,5,9,9,19,21,36,21,27,13,20,8,45,45,16,6,1,4,5,6,25,26,22,44,5,18,20,,3,29,,10,16,13,1,,1098
7527-7528,VBM,447,150,33.56,25,55,7,21,6,12,13,9,17,35,46,56,36,41,27,28,12,55,67,27,15,1,4,11,13,35,40,37,59,19,37,36,3,6,43,,23,23,23,2,56,1019
7529,Election_Day,571,173,30.3,21,49,1,11,3,9,13,5,12,41,45,50,40,49,14,26,5,57,75,36,15,2,3,9,11,40,40,44,61,15,36,48,4,1,46,,12,16,17,1,,1439
7529,VBM,571,214,37.48,44,83,11,40,18,19,32,13,37,53,60,86,47,68,47,53,17,80,77,46,30,14,13,24,35,49,61,53,87,50,50,71,13,7,61,1,44,41,47,1,42,1271
7531,Election_Day,541,169,31.24,17,49,6,12,10,10,13,4,17,37,45,47,32,51,18,28,10,59,68,31,12,9,5,7,11,37,39,32,57,18,37,41,4,1,41,,17,25,19,,,1390
7531,VBM,541,197,36.41,34,68,7,20,7,7,10,8,14,46,62,65,51,75,19,31,14,82,90,44,12,2,2,16,11,54,56,45,94,20,51,66,3,7,65,1,18,20,18,,14,1429
7532,Election_Day,490,142,28.98,20,50,5,9,6,7,9,8,11,28,35,41,26,39,18,22,10,51,57,22,12,4,4,11,13,33,34,27,50,20,25,27,4,1,34,1,17,20,19,,,1158
7532,VBM,490,170,34.69,26,62,6,28,16,14,26,10,32,28,35,59,28,41,38,42,11,54,65,21,26,3,10,21,30,39,32,31,57,37,36,39,8,5,37,1,37,36,46,1,28,1178
7533,Election_Day,605,240,39.67,33,68,6,25,11,16,21,11,24,43,67,79,49,66,28,30,15,82,116,48,24,2,7,12,23,49,54,54,75,33,51,64,1,,57,2,27,31,30,,,1926
7533,VBM,605,214,35.37,42,59,12,22,18,25,17,10,19,46,64,55,46,59,29,33,27,72,81,43,19,15,16,17,20,54,54,60,74,31,58,64,12,1,56,3,24,33,27,,,1579
7534,Election_Day,559,182,32.56,24,60,4,20,13,15,16,10,19,40,47,51,43,46,18,18,16,56,82,38,16,5,7,11,13,40,43,43,58,25,38,53,7,2,49,2,23,20,21,,14,1422
7534,VBM,559,201,35.96,37,78,8,31,14,17,19,15,30,39,46,69,44,59,34,44,16,73,90,29,31,11,12,16,19,39,56,46,66,30,37,57,6,2,57,5,35,28,42,,,1427
7535,Election_Day,489,175,35.79,34,45,5,16,12,11,14,12,20,42,49,51,44,60,17,27,15,65,83,39,20,8,9,6,12,43,44,46,79,14,44,57,6,2,49,1,13,15,20,,,1301
7535,VBM,489,168,34.36,32,38,10,16,15,21,14,11,20,39,54,61,42,52,25,30,22,66,68,42,15,7,12,11,16,43,50,42,60,25,45,52,4,3,49,1,22,24,24,,14,1155
7536,Election_Day,528,173,32.77,24,44,8,8,11,11,7,11,14,31,42,53,35,50,11,16,15,68,73,24,11,6,10,4,9,34,35,35,57,17,38,42,6,1,42,,10,11,14,,14,1470
7536,VBM,528,221,41.86,46,64,10,24,9,19,25,12,21,42,53,80,43,73,33,44,14,69,84,39,19,9,6,19,25,44,63,45,88,32,41,55,9,9,58,,34,35,32,,56,1611
7537,Election_Day,484,148,30.58,27,41,4,10,8,10,10,8,14,31,37,45,33,42,26,29,10,54,68,22,9,6,1,6,6,26,36,27,56,12,25,37,8,2,28,1,17,9,25,1,,1205
7537,VBM,484,182,37.6,41,71,8,31,8,12,21,13,26,33,49,84,39,59,39,42,12,70,76,36,23,3,5,17,22,42,46,47,67,33,37,54,4,3,44,,29,37,38,,14,1213
7538,Election_Day,519,167,32.18,27,48,4,19,11,15,15,10,14,51,58,46,42,67,23,29,16,67,78,40,14,8,8,14,20,49,55,47,74,21,42,57,9,4,56,,17,17,20,3,,1123
7538,VBM,519,211,40.66,40,83,4,36,11,11,26,8,22,39,49,88,36,64,37,37,13,81,84,34,22,7,3,17,27,37,45,37,81,31,42,48,5,4,52,,31,44,32,4,42,1540
7539,Election_Day,562,231,41.1,27,91,6,27,9,8,25,8,27,61,74,80,63,75,30,41,16,99,120,59,24,6,6,23,18,66,76,67,97,24,57,74,7,5,70,3,22,22,31,3,,1587
7539,VBM,562,185,32.92,18,76,3,16,9,18,15,13,17,49,60,79,48,69,17,32,21,89,90,45,19,6,7,11,15,55,58,54,78,29,51,59,7,,62,,19,25,30,,28,1193
7541,Election_Day,506,149,29.45,18,49,6,10,20,13,7,11,19,32,37,45,37,51,15,13,10,64,53,29,12,6,5,7,10,37,44,38,60,15,35,46,5,2,44,,8,13,18,14,,1128
7541,VBM,506,188,37.15,32,68,3,29,10,8,27,4,28,34,47,91,34,65,35,40,11,62,79,35,29,5,6,12,21,44,40,38,73,30,32,48,4,2,49,,28,37,31,,14,1347
7542,Election_Day,546,189,34.62,32,66,7,16,12,13,13,14,15,39,49,60,50,54,23,36,15,77,87,32,13,4,8,11,15,37,52,43,71,19,41,55,5,1,55,1,19,22,19,,,1445
7542,VBM,546,192,35.16,35,71,4,34,6,17,21,3,26,56,67,72,61,77,33,49,9,90,99,49,23,6,6,21,30,57,76,62,92,29,52,71,8,4,71,,39,43,37,2,42,1038
7543,Election_Day,614,144,23.45,21,43,,7,3,9,7,,9,40,46,54,40,53,11,17,5,71,70,38,9,4,7,1,7,39,53,39,63,5,36,43,2,2,48,,4,15,14,,,1081
7543,VBM,614,250,40.72,40,112,5,44,11,17,29,13,31,56,68,114,64,113,50,70,9,109,108,53,30,5,3,20,31,79,77,56,96,38,49,68,4,3,73,1,49,52,48,,28,1574
7544,Election_Day,564,154,27.3,25,60,5,12,7,13,14,8,15,33,40,57,36,55,20,34,8,56,76,30,13,3,11,8,18,40,42,32,69,19,31,41,6,2,43,1,17,23,20,,,1113
7544,VBM,564,222,39.36,31,80,5,36,9,15,23,6,36,47,66,91,54,79,35,55,11,82,87,47,20,4,8,19,26,66,67,53,100,35,41,66,4,3,66,,42,46,44,4,14,1485
7545,Election_Day,546,184,33.7,24,44,3,13,7,14,12,11,11,36,45,62,39,56,20,26,13,73,79,34,16,4,5,8,14,35,39,37,77,20,36,48,2,2,55,1,15,19,15,2,,1504
7545,VBM,546,213,39.01,51,63,10,36,8,12,31,5,28,41,53,85,55,70,49,61,14,84,84,38,25,5,8,26,25,57,49,47,95,37,49,47,5,7,60,1,33,37,42,11,28,1410
7546,Election_Day,541,216,39.93,37,79,3,12,11,19,15,6,23,44,51,75,55,60,21,29,12,79,95,34,17,4,7,7,10,48,65,50,85,17,45,60,3,1,66,2,17,21,23,10,,1706
7546,VBM,541,213,39.37,48,90,7,27,9,15,24,10,33,39,57,83,44,72,32,58,18,80,95,34,27,4,5,17,18,39,64,40,96,25,41,53,5,4,62,1,33,35,35,4,28,1471
7547,Election_Day,661,183,27.69,19,66,6,19,9,12,14,12,25,39,51,55,32,46,24,30,12,57,74,34,13,8,4,6,14,32,43,40,58,27,36,45,4,4,45,2,19,24,28,1,,1473
7547,VBM,661,251,37.97,52,76,9,38,19,23,25,13,36,58,73,93,63,76,49,58,18,111,120,52,34,12,4,13,23,62,63,64,99,38,64,72,7,3,80,,38,40,45,,14,1677
7548,Election_Day,662,233,35.2,22,74,7,24,11,21,26,15,35,47,55,83,45,59,40,47,14,76,97,40,18,10,7,20,17,49,55,40,75,32,47,60,12,5,64,3,28,25,40,1,14,1802
7548,VBM,662,283,42.75,52,113,7,42,9,17,32,12,40,50,68,112,61,93,64,67,16,93,106,46,28,9,5,27,28,68,65,60,99,43,55,70,6,3,78,1,45,46,54,2,56,2014
7549,Election_Day,511,148,28.96,13,53,3,7,8,12,8,6,12,29,34,44,33,36,7,14,9,45,66,24,10,3,6,7,4,31,34,28,54,12,29,37,8,4,35,1,9,10,9,1,,1277
7549,VBM,511,193,37.77,42,74,9,30,15,18,28,16,32,40,58,81,46,58,29,47,16,75,91,44,30,7,7,13,20,42,44,45,84,36,39,50,9,,64,3,28,28,38,6,28,1232
7551,Election_Day,445,155,34.83,37,60,2,21,8,11,17,6,22,30,44,57,32,40,25,33,10,52,64,29,19,10,6,12,13,38,42,32,66,24,38,44,3,2,44,1,23,25,26,,,1102
7551,VBM,445,166,37.3,37,61,5,17,8,6,17,6,18,27,37,71,33,50,21,33,9,62,65,27,16,3,4,11,8,33,43,37,64,24,29,54,5,1,44,,20,18,25,,14,1261
7552,Election_Day,451,173,38.36,37,79,2,21,4,12,19,6,29,13,30,90,25,51,31,51,9,50,66,19,17,4,6,16,11,25,36,21,61,21,21,34,3,3,31,3,27,24,32,,,1382
7552,VBM,451,176,39.02,44,75,3,30,11,14,26,11,26,28,39,78,34,52,35,51,13,56,55,28,25,8,7,18,21,37,41,33,61,34,36,42,7,2,40,3,38,34,39,,14,1215
7553,Election_Day,105,2,1.9,,,,,,,,,,,,1,,,,,,1,,,,,,,,,,,1,,,,,,,,,,,,,25
7553,VBM,105,66,62.86,15,19,3,10,8,7,7,3,12,13,18,33,14,18,11,15,9,24,22,7,4,4,3,5,7,16,15,14,27,16,12,20,5,4,20,,12,13,15,,,444
7554,Election_Day,558,160,28.67,24,70,6,20,4,7,20,5,23,14,19,61,20,37,21,29,5,32,50,23,16,6,5,14,14,21,19,18,44,21,18,23,3,4,27,,21,19,27,1,,1429
7554,VBM,558,243,43.55,69,116,9,46,12,6,39,5,44,36,44,124,39,77,53,72,11,85,101,34,41,6,8,13,25,56,57,38,93,40,43,54,7,1,73,1,55,40,58,12,28,1631
7555,Election_Day,585,183,31.28,43,88,6,23,6,10,21,7,26,26,38,90,35,55,32,56,11,61,70,25,23,4,4,13,19,33,45,33,69,22,29,53,5,3,50,,30,30,36,,,1332
7555,VBM,585,248,42.39,61,94,6,39,15,22,32,13,32,50,59,108,52,77,43,55,12,84,98,46,24,4,6,19,18,57,55,46,86,36,52,61,9,3,64,,47,38,46,3,,1800
7556-7557,Election_Day,630,202,32.06,46,83,4,29,6,13,33,8,39,24,29,93,32,59,44,54,10,62,76,25,33,6,2,13,16,26,37,24,73,24,21,37,3,1,47,1,33,30,49,1,,1582
7556-7557,VBM,630,274,43.49,65,125,6,64,18,13,54,9,65,36,46,154,42,87,78,101,7,73,83,32,62,3,1,32,42,56,58,29,104,66,32,53,6,4,56,1,73,70,92,1,42,1795
7601,Election_Day,455,98,21.54,16,24,5,16,12,12,6,7,9,18,22,31,15,23,14,14,12,35,39,12,7,3,2,8,3,12,19,18,34,8,14,17,4,3,27,1,9,12,10,5,,814
7601,VBM,455,114,25.05,29,29,8,18,15,17,12,12,19,26,39,40,27,38,16,15,16,46,54,18,11,3,4,12,12,29,34,30,48,18,27,36,3,3,47,1,15,16,14,2,28,709
7602,Election_Day,530,130,24.53,28,20,8,13,9,19,11,16,16,38,49,41,33,43,14,22,11,60,73,31,13,6,6,14,13,35,44,41,63,19,39,40,6,3,46,3,12,15,13,,,834
7602,VBM,530,160,30.19,32,38,13,26,18,19,26,16,26,33,51,45,37,38,28,38,18,67,82,30,20,11,5,12,24,42,41,52,63,31,39,41,7,4,53,5,31,25,28,,28,997
7603,Election_Day,505,139,27.52,22,14,4,8,6,19,8,15,9,32,45,30,32,37,9,19,12,50,73,27,7,5,5,7,8,31,31,35,50,16,31,36,8,2,37,1,8,15,8,2,,1132
7603,VBM,505,180,35.64,37,46,9,24,13,20,15,7,19,38,51,62,47,46,27,32,17,72,96,32,18,14,8,10,18,43,40,42,68,32,43,47,12,5,59,2,30,28,31,,14,1246
7604,Election_Day,491,113,23.01,14,13,7,5,6,11,8,6,12,20,24,31,17,23,4,7,15,33,49,12,6,3,4,6,6,14,19,22,29,15,20,18,7,4,23,1,7,5,7,1,,1048
7604,VBM,491,165,33.6,36,42,10,22,17,21,12,14,21,35,62,54,39,49,21,28,24,74,85,34,14,9,9,13,16,37,45,47,76,19,42,51,12,5,59,4,14,19,13,,,1106
7605,Election_Day,400,93,23.25,15,18,5,10,10,16,6,9,8,19,27,26,16,19,5,8,17,30,37,12,7,6,3,6,8,11,21,26,33,7,18,17,10,7,16,1,2,11,8,,,771
7605,VBM,400,104,26,25,31,3,20,15,13,13,4,16,14,25,41,19,25,22,30,12,44,50,12,19,3,5,11,17,18,24,24,35,21,20,23,5,2,34,2,14,17,20,,56,652
7606,Election_Day,512,94,18.36,21,22,4,15,9,12,11,6,15,25,33,27,29,32,11,15,12,39,50,21,11,3,3,5,12,21,31,29,42,13,26,24,2,2,37,2,16,13,13,,,602
7606,VBM,512,153,29.88,36,40,13,23,21,24,16,13,25,36,51,50,27,41,17,37,30,58,79,29,20,9,10,15,17,28,40,50,55,26,30,44,10,3,41,2,17,27,17,4,28,983
7607,Election_Day,591,140,23.69,29,29,11,15,8,26,10,13,13,30,37,48,24,45,19,23,14,55,63,21,10,9,6,19,16,27,34,22,52,16,20,31,12,6,45,3,14,17,19,7,,1042
7607,VBM,591,189,31.98,34,41,14,31,21,21,23,11,23,37,56,69,34,59,39,41,24,75,106,40,24,7,10,16,22,43,41,52,77,28,44,50,11,11,52,2,29,26,30,2,42,1228
7608,Election_Day,218,35,16.06,12,5,2,7,8,7,2,3,7,6,13,6,10,10,3,7,6,10,18,9,5,1,3,1,3,8,7,7,15,2,12,8,2,,12,,3,2,4,2,14,228
7608,VBM,218,52,23.85,17,22,4,15,19,8,8,4,11,14,21,26,13,15,13,17,16,28,34,8,10,3,6,1,8,12,19,9,23,7,12,13,3,2,21,1,8,12,14,2,14,215
7609,Election_Day,452,54,11.95,15,11,2,1,2,6,2,2,2,5,9,13,6,11,1,7,3,19,23,5,2,2,3,,4,5,11,8,23,5,8,6,3,2,18,,6,4,4,1,,496
7609,VBM,452,130,28.76,32,48,8,28,30,32,15,11,21,26,42,51,27,34,23,43,21,58,78,20,19,8,9,9,23,35,38,28,53,24,22,29,7,6,63,,19,17,18,2,56,687
7611,Election_Day,450,73,16.22,24,22,2,6,5,6,5,6,6,14,16,18,13,18,7,14,7,31,32,10,7,,2,3,2,12,20,15,30,4,12,12,1,3,22,2,9,5,7,,,592
7611,VBM,450,115,25.56,37,39,9,13,17,17,14,12,15,19,27,33,15,33,19,30,23,42,65,11,16,10,5,13,13,18,32,24,46,22,23,23,9,5,36,2,17,27,16,1,,762
7612,Election_Day,288,47,16.32,14,9,3,7,4,3,8,3,5,6,11,17,6,12,8,10,2,13,23,9,5,2,,5,7,10,9,9,12,7,8,9,1,2,12,,5,5,9,,,368
7612,VBM,288,95,32.99,25,38,9,20,17,15,4,5,11,16,33,42,16,26,19,20,21,30,50,17,16,4,6,8,14,27,19,14,31,11,15,19,4,2,36,,11,24,17,,,618
7613,Election_Day,549,105,19.13,31,25,8,5,9,11,9,11,9,26,33,34,27,34,13,11,12,47,50,21,13,4,11,11,7,26,29,32,48,15,24,27,4,6,34,2,9,13,12,2,28,687
7613,VBM,549,162,29.51,40,45,9,20,15,23,12,15,16,39,44,50,35,40,19,21,27,69,80,29,14,8,12,14,27,27,42,34,63,29,30,39,5,4,42,7,18,21,17,,126,1041
7614,Election_Day,639,125,19.56,24,22,5,9,16,17,14,14,14,25,29,29,22,27,11,19,18,45,51,22,7,11,6,9,7,21,30,24,33,13,19,25,9,4,25,1,10,11,11,15,14,1012
7614,VBM,639,194,30.36,41,50,13,24,21,26,25,21,29,32,48,69,40,51,30,43,32,82,99,27,18,10,12,19,23,38,45,43,67,39,37,46,12,5,58,4,27,30,25,6,42,1307
7615,Election_Day,549,79,14.39,11,10,5,3,6,12,4,7,6,15,17,15,8,11,,6,8,28,42,8,5,5,5,3,1,9,15,11,24,5,7,10,,2,19,1,2,3,3,2,,752
7615,VBM,549,112,20.4,35,40,2,23,26,20,13,19,24,15,32,43,16,26,23,40,23,40,67,14,15,4,4,8,20,17,33,21,42,27,21,19,8,1,44,3,24,16,31,3,,666
7616,Election_Day,447,88,19.69,18,27,5,18,12,8,12,3,13,16,23,49,11,27,18,23,11,30,32,11,15,2,4,10,12,19,17,14,31,20,16,17,4,,20,1,14,18,20,9,,602
7616,VBM,447,195,43.62,30,49,11,39,22,21,26,11,32,24,37,91,23,49,32,41,22,44,66,22,31,11,7,31,32,32,29,29,50,53,35,43,10,4,35,3,38,43,37,3,,1482
7617,Election_Day,463,69,14.9,22,15,4,9,10,9,8,10,10,17,15,25,8,24,9,11,5,24,29,8,3,4,4,5,7,9,15,12,32,8,11,16,5,2,22,2,4,14,5,,,514
7617,VBM,463,149,32.18,48,40,18,21,20,25,24,22,24,38,45,56,34,46,27,38,20,72,67,25,15,14,11,14,26,27,43,30,68,21,29,30,15,8,55,4,27,24,25,3,28,859
7618,Election_Day,528,146,27.65,15,27,5,12,8,15,15,11,16,28,39,51,27,51,13,18,20,59,66,28,9,10,8,9,13,31,30,29,54,16,30,36,5,3,40,1,15,15,14,2,,1150
7618,VBM,528,203,38.45,33,62,8,39,14,22,29,13,34,31,45,95,31,65,45,48,17,70,93,34,29,11,11,21,29,51,53,38,89,39,33,49,4,5,56,1,37,47,43,,14,1354
7619,Election_Day,848,185,21.82,19,40,9,27,19,18,17,14,25,28,41,76,26,37,29,27,16,56,66,23,20,9,10,14,21,34,27,24,49,25,30,43,13,7,34,6,20,20,25,4,,1542
7619,VBM,848,303,35.73,56,76,19,68,32,41,42,24,50,50,73,141,55,86,73,82,33,95,137,43,43,14,15,32,59,62,67,67,104,68,50,69,13,11,81,7,63,72,71,13,14,1971
7621,Election_Day,542,109,20.11,16,17,4,5,12,10,6,9,9,20,27,29,17,18,7,12,13,37,47,15,4,4,4,9,7,13,19,21,26,11,21,24,6,3,23,,7,13,10,1,,970
7621,VBM,542,212,39.11,38,54,17,41,25,29,28,17,25,37,54,101,48,65,39,54,28,71,94,37,23,17,11,18,22,48,56,37,68,43,37,51,10,8,59,5,39,39,41,15,42,1377
7622,Election_Day,601,81,13.48,12,21,3,3,8,9,3,4,7,16,24,24,12,21,3,13,11,34,44,11,4,6,6,5,3,15,19,17,31,8,12,17,10,2,24,,6,9,4,1,,652
7622,VBM,601,141,23.46,35,47,8,19,13,25,21,20,17,30,30,56,31,43,26,42,19,70,67,17,11,9,14,13,24,26,38,37,59,27,27,30,7,5,44,3,26,29,38,,84,787
7623,Election_Day,442,105,23.76,11,10,7,5,9,17,3,6,7,17,21,16,9,18,7,12,15,34,50,9,9,7,6,6,2,10,16,17,26,12,13,18,8,,13,1,7,11,5,8,,992
7623,VBM,442,127,28.73,28,39,3,19,10,13,12,12,22,26,34,45,30,40,25,35,14,55,59,22,17,7,6,10,17,30,42,26,55,17,28,31,10,1,42,2,29,26,25,,,814
7624,Election_Day,590,70,11.86,21,17,6,10,10,11,4,7,7,11,15,22,12,18,12,11,9,28,35,8,7,3,5,5,8,14,14,13,29,13,11,16,8,7,20,1,10,11,11,,14,486
7624,VBM,590,137,23.22,40,41,11,17,19,22,17,14,20,27,51,45,29,31,23,33,27,57,76,24,15,7,2,9,13,26,40,37,49,27,24,38,12,3,38,2,22,26,30,,84,790
7625,Election_Day,363,42,11.57,8,3,1,5,4,3,3,2,2,7,8,15,7,6,2,7,4,21,16,5,3,2,2,,3,8,8,9,16,3,6,8,,1,16,,4,6,4,,,360
7625,VBM,363,168,46.28,43,60,13,56,43,22,23,14,32,21,34,87,27,30,29,51,32,50,66,20,39,8,9,14,26,30,25,15,44,30,20,19,8,7,57,4,32,41,40,,56,1075
7626,Election_Day,531,121,22.79,22,23,6,17,7,14,6,11,9,13,19,52,15,27,21,21,9,23,40,13,12,6,3,13,9,19,19,16,25,18,13,21,6,9,17,1,16,16,18,1,14,1054
7626,VBM,531,237,44.63,40,58,14,44,20,22,23,27,33,25,35,105,35,53,45,55,27,57,85,23,23,14,14,15,22,35,32,28,69,42,29,37,11,6,37,4,44,38,53,2,14,1923
7627,Election_Day,582,155,26.63,23,31,9,24,17,18,11,13,18,18,32,57,18,30,22,25,22,39,59,15,9,10,7,15,13,20,18,15,30,19,18,28,10,5,25,,20,19,25,,,1363
7627,VBM,582,217,37.29,40,42,10,43,20,18,29,10,40,21,32,95,29,50,47,49,20,46,72,24,30,12,9,14,27,25,27,19,53,46,33,34,7,7,30,1,36,40,44,,28,1779
7628,Election_Day,583,135,23.16,20,19,5,14,11,14,11,11,18,20,36,37,23,32,17,15,19,43,48,17,16,7,6,12,11,24,30,25,44,22,28,29,8,2,32,1,15,23,19,,,1106
7628,VBM,583,219,37.56,43,47,11,25,19,21,27,13,23,48,62,83,54,82,35,39,24,83,84,52,18,10,9,23,26,62,64,61,88,39,54,61,8,5,75,5,33,30,39,2,56,1423
7629,Election_Day,456,106,23.25,17,18,6,12,11,7,12,7,11,15,30,39,18,34,13,19,11,35,44,14,13,3,5,6,8,22,26,16,40,12,21,22,7,3,29,,13,15,13,,,837
7629,VBM,456,133,29.17,26,34,7,25,9,11,17,8,15,26,35,49,27,47,23,24,14,53,66,24,13,4,6,16,15,39,34,29,58,29,35,35,1,1,47,3,22,23,25,3,14,870
7631,Election_Day,567,138,24.34,17,18,9,9,8,12,11,9,14,18,32,44,24,29,15,20,15,45,55,16,14,6,10,7,13,24,26,27,37,21,21,35,5,1,30,3,16,20,14,1,,1181
7631,VBM,567,213,37.57,47,53,11,36,20,17,31,11,31,26,47,97,32,56,31,48,30,67,97,29,21,6,11,17,29,40,45,39,74,41,36,55,12,5,45,2,36,42,36,2,,1571
7632,Election_Day,375,95,25.33,17,14,5,6,5,9,8,5,7,9,18,34,9,18,11,13,12,22,33,7,10,4,5,6,7,10,12,10,24,11,13,15,3,3,12,,10,10,10,2,,891
7632,VBM,375,140,37.33,18,31,5,21,11,10,10,10,17,22,29,53,24,38,21,23,15,42,55,14,14,8,6,9,16,30,27,21,44,19,22,22,4,,25,,18,19,21,7,,1159
7633,Election_Day,321,79,24.61,10,14,4,6,9,8,9,6,7,11,19,25,12,23,13,13,11,26,37,10,9,7,5,11,6,13,15,19,28,12,8,19,5,4,18,,13,8,9,3,,621
7633,VBM,321,133,41.43,25,30,8,33,31,21,8,11,17,18,42,55,23,30,28,29,23,44,66,33,24,8,6,13,11,29,26,21,45,13,27,21,5,3,56,,14,29,21,1,28,886
7634,Election_Day,461,94,20.39,19,19,6,16,13,11,13,8,21,8,14,37,11,19,17,21,15,27,36,10,10,4,6,4,11,10,15,13,23,17,10,13,2,3,19,,22,13,18,,,762
7634,VBM,461,187,40.56,57,70,12,41,25,29,25,22,30,20,31,106,34,55,40,69,21,61,91,20,38,11,8,19,29,35,37,32,69,42,28,30,9,7,61,2,44,49,45,,14,1150
7635,Election_Day,386,87,22.54,11,13,4,15,5,7,11,5,11,9,13,25,14,18,15,18,10,25,37,9,9,3,4,9,12,14,12,17,13,14,12,18,3,,11,1,13,13,14,,,751
7635,VBM,386,165,42.75,30,36,5,22,20,13,17,13,31,29,47,64,33,39,27,39,24,52,64,29,24,9,9,12,15,26,43,25,49,18,23,41,16,5,28,2,27,25,27,2,,1250
7636,Election_Day,468,147,31.41,19,27,8,17,8,9,15,9,14,20,25,58,18,26,23,27,13,37,57,14,16,4,7,7,10,18,21,17,26,18,13,23,6,2,22,1,14,12,20,2,,1355
7636,VBM,468,177,37.82,30,40,11,27,16,19,8,12,23,11,21,73,17,28,26,36,23,42,69,16,16,9,8,12,15,18,19,14,35,37,18,33,6,3,24,1,27,24,34,1,28,1548
7637,Election_Day,589,132,22.41,16,16,10,9,13,10,5,15,13,12,25,34,14,20,14,19,18,24,37,9,11,8,5,9,6,14,18,10,22,11,13,17,7,4,18,,15,13,17,2,14,1281
7637,VBM,589,268,45.5,66,75,24,37,19,28,27,23,26,44,70,108,54,71,46,49,32,84,110,36,31,11,6,17,22,48,51,44,86,44,50,64,13,8,57,5,42,45,48,,28,2003
7638,Election_Day,488,86,17.62,17,18,2,15,9,8,8,7,12,4,11,34,5,13,8,15,6,20,27,9,10,2,8,7,3,5,10,6,21,6,4,12,5,1,19,2,11,14,11,,,799
7638,VBM,488,237,48.57,59,67,11,61,19,18,40,20,40,23,45,128,35,69,57,68,24,59,91,28,39,20,6,25,26,42,41,24,60,46,25,47,4,12,50,,50,44,62,,56,1677
7639,Election_Day,469,108,23.03,12,12,7,16,5,8,11,8,12,11,15,49,10,20,17,20,12,11,30,8,10,2,,11,5,12,10,9,22,14,8,19,7,4,11,1,13,13,15,,,1032
7639,VBM,469,170,36.25,35,35,7,36,9,10,21,9,29,14,21,90,20,42,34,41,14,40,54,13,27,5,7,15,21,18,19,11,43,33,18,25,6,4,26,,30,28,35,,14,1421
7641,Election_Day,497,102,20.52,17,21,,17,2,4,10,3,6,12,18,44,15,29,17,21,5,27,36,14,10,3,2,7,7,19,15,12,32,8,14,11,1,,20,,12,12,14,,,911
7641,VBM,497,212,42.66,51,53,13,43,23,14,33,16,32,19,37,91,23,45,47,60,24,58,81,23,34,9,15,29,20,29,35,24,72,46,24,39,16,8,42,2,46,46,50,,14,1582
7642,Election_Day,469,106,22.6,23,13,6,11,7,5,2,8,8,8,16,27,9,14,10,15,10,21,43,10,2,5,4,5,5,9,15,12,22,6,9,18,5,3,14,,8,12,7,1,,1056
7642,VBM,469,261,55.65,143,43,5,25,12,12,21,12,27,19,30,62,19,29,28,48,11,38,58,13,18,9,7,13,21,23,22,21,36,30,18,26,6,2,30,3,28,27,30,1,42,2586
7643,Election_Day,443,82,18.51,16,18,3,16,7,5,8,3,8,14,17,33,13,25,11,20,8,31,36,10,9,4,6,6,8,15,19,10,32,9,11,20,5,4,23,,13,11,11,1,14,615
7643,VBM,443,185,41.76,36,47,19,31,25,20,23,17,24,23,41,77,33,48,27,42,28,56,68,25,26,9,6,13,27,26,39,23,55,39,25,38,5,7,43,2,28,36,29,1,14,1389
7644,Election_Day,549,156,28.42,17,24,12,11,9,21,6,18,11,13,25,51,20,19,11,27,20,31,58,11,4,7,5,10,10,19,22,17,25,15,13,24,5,4,21,2,13,16,13,,,1524
7644,VBM,549,191,34.79,28,32,11,36,22,14,20,15,28,22,37,77,34,42,36,38,24,45,70,20,18,15,11,24,18,33,26,25,53,34,28,42,10,9,37,1,28,26,33,4,,1548
7645,Election_Day,334,65,19.46,9,11,4,9,9,5,3,12,9,7,14,24,8,13,9,10,8,12,26,2,4,4,3,2,2,3,7,9,17,7,11,10,6,3,10,,8,11,6,,,583
7645,VBM,334,171,51.2,57,65,8,36,13,16,22,6,32,14,22,96,20,50,48,60,14,46,72,12,25,8,7,19,19,27,31,15,50,32,23,27,6,1,35,1,38,42,42,,14,1223
7646,Election_Day,900,168,18.67,24,17,9,18,14,23,10,22,17,19,26,49,21,20,18,23,24,30,59,11,12,12,11,11,12,14,17,16,23,24,20,33,12,2,19,3,18,17,23,3,,1596
7646,VBM,900,393,43.67,63,85,17,73,38,47,46,32,58,41,67,176,69,79,82,101,39,87,166,40,41,19,10,28,39,58,57,54,96,63,58,83,11,7,62,3,65,61,83,3,42,3153
7647,Election_Day,494,131,26.52,23,22,16,8,17,23,11,17,12,32,48,34,24,28,12,13,20,53,64,22,9,12,16,9,15,24,33,31,41,16,29,32,14,3,33,,11,13,11,2,,981
7647,VBM,494,120,24.29,27,30,8,13,12,25,5,14,15,29,37,31,28,33,10,23,22,44,59,19,7,7,10,15,13,24,32,31,55,19,26,37,12,2,25,2,15,17,10,,14,823
7648,Election_Day,5,0,0,,,,,,,,,,,,,,,,,,,,,,,,,,,,,,,,,,,,,,,,,,
7648,VBM,5,2,40,1,,,1,,,,,,,,2,1,2,1,1,,2,1,,,,,,,1,,,1,1,,,,,,,1,1,1,,,10
7701,Election_Day,558,193,34.59,35,49,10,30,25,23,19,22,29,25,42,75,24,39,28,36,25,53,76,24,17,10,11,11,13,25,35,34,52,35,27,43,10,1,42,1,29,29,28,1,,1559
7701,VBM,558,211,37.81,54,63,7,39,18,9,40,13,38,32,47,99,47,66,48,64,24,77,85,33,32,6,7,22,23,34,55,35,79,40,41,48,7,4,57,2,45,32,46,15,14,1407
7702,Election_Day,408,109,26.72,22,20,1,15,10,11,13,4,14,17,18,52,13,31,19,22,4,30,35,16,14,5,5,9,11,18,23,15,37,12,14,27,5,3,20,,17,17,17,16,,874
7702,VBM,408,190,46.57,53,54,2,39,9,6,49,8,36,16,33,94,19,48,46,46,14,47,52,23,38,6,6,19,22,22,24,19,49,36,17,30,9,4,31,2,33,33,36,44,14,1472
7703,Election_Day,91,2,2.2,,1,,,,,,,,,,,,,,,,,,,,,,,,,,,,,,,,,,,,,,,,27
7703,VBM,91,35,38.46,11,7,2,6,4,2,6,2,5,3,4,15,3,4,4,9,4,13,5,2,5,2,2,4,5,4,10,3,12,7,3,5,3,2,8,1,7,6,7,,42,241
7704,Election_Day,542,166,30.63,39,33,5,16,11,17,11,11,27,18,34,75,25,53,20,32,9,46,58,19,20,7,5,11,12,27,34,27,70,21,20,41,4,1,37,3,18,20,14,1,,1372
7704,VBM,542,245,45.2,79,60,10,44,27,27,41,13,45,23,45,118,38,78,45,48,26,73,82,30,37,13,11,18,28,31,51,27,96,35,31,46,12,8,57,2,45,33,42,2,42,1811
7705,Election_Day,304,96,31.58,21,16,4,14,10,9,17,5,13,9,17,40,11,25,15,18,5,19,33,16,21,3,6,6,8,12,12,9,26,12,10,18,5,1,16,,13,15,14,,,820
7705,VBM,304,146,48.03,49,41,5,42,22,10,23,7,29,9,23,72,21,51,31,41,20,40,42,23,33,4,6,13,15,23,28,13,56,27,17,24,11,7,27,2,32,19,36,2,14,1034
7706,Election_Day,492,148,30.08,42,39,4,20,12,15,19,8,34,22,36,75,30,52,23,29,11,53,57,21,22,6,4,9,7,25,37,22,73,17,24,34,7,2,41,2,22,16,22,1,,1077
7706,VBM,492,234,47.56,71,64,6,41,8,13,46,15,50,30,24,105,26,64,46,69,11,66,67,25,45,10,11,20,27,28,42,17,73,36,23,37,10,5,46,,50,41,45,2,14,1847
7707,Election_Day,499,144,28.86,38,45,9,26,12,9,28,6,33,13,20,86,18,57,35,43,9,42,49,19,27,6,5,12,13,33,29,17,63,24,15,31,8,5,43,2,35,22,30,,,999
7707,VBM,499,243,48.7,67,74,9,65,25,16,52,13,66,28,50,130,41,92,62,77,24,76,80,37,62,9,14,26,30,46,48,30,89,55,29,50,14,6,54,,56,53,61,3,,1583
7708,Election_Day,537,128,23.84,36,37,4,17,15,12,24,6,27,16,23,49,18,37,20,31,11,34,37,18,21,10,5,12,10,26,27,20,54,22,17,26,4,4,20,4,16,19,27,1,,975
7708,VBM,537,252,46.93,87,68,5,50,24,21,54,13,61,33,42,129,41,89,62,80,22,101,84,41,44,16,7,28,29,45,67,43,111,40,31,46,12,5,68,1,56,49,52,1,,1670
7709,Election_Day,233,68,29.18,15,7,2,4,6,9,5,3,6,19,22,18,25,26,6,9,5,33,36,16,6,3,1,5,3,17,21,21,31,4,17,19,2,1,17,2,9,5,5,3,,488
7709,VBM,233,121,51.93,34,33,5,25,13,10,24,10,27,22,30,59,21,47,25,31,12,43,42,23,26,8,8,13,13,24,32,19,52,25,19,34,7,5,28,1,26,31,25,2,,760
7711,Election_Day,477,136,28.51,34,28,1,13,3,5,13,2,19,23,29,61,29,55,21,29,6,52,65,28,17,2,3,9,10,32,37,31,68,15,28,34,2,1,43,,16,18,24,1,,997
7711,VBM,477,225,47.17,68,69,9,41,15,21,40,14,46,39,48,98,49,71,44,65,23,73,69,44,40,13,13,28,33,53,56,40,98,46,45,60,9,3,58,2,41,47,44,2,70,1403
7712,Election_Day,351,101,28.77,20,14,4,12,6,8,7,6,9,21,26,38,25,39,18,12,8,37,45,22,10,2,4,7,5,29,35,24,44,9,21,29,2,1,29,1,13,14,13,1,,744
7712,VBM,351,162,46.15,40,42,3,31,14,17,17,9,21,23,37,75,35,66,26,46,19,64,70,24,25,5,5,13,16,42,41,25,69,23,21,32,5,1,44,1,37,25,27,,,1132
7801,Election_Day,623,190,30.5,36,63,3,39,12,15,31,3,33,19,37,112,28,62,38,46,12,59,77,27,26,5,10,26,25,35,35,26,60,33,29,34,4,4,38,,34,50,48,,,1386
7801,VBM,623,297,47.67,71,109,7,67,12,15,56,10,59,30,45,178,50,119,80,89,7,87,112,39,47,5,12,46,60,77,50,40,122,66,48,66,8,5,75,5,75,89,82,3,14,1921
7802,Election_Day,501,172,34.33,28,56,6,21,12,8,22,4,19,30,36,94,34,71,27,35,10,55,60,27,21,7,7,13,13,42,37,37,75,18,32,47,6,4,43,,18,25,26,,,1282
7802,VBM,501,209,41.72,63,84,3,46,11,14,40,8,49,25,46,109,34,74,48,60,11,73,71,34,31,6,9,36,33,51,46,34,78,49,40,49,6,5,44,1,40,54,51,2,42,1316
7803,Election_Day,568,135,23.77,22,40,4,22,9,4,17,2,19,7,22,70,10,45,27,36,2,32,46,8,19,2,2,5,10,35,26,12,48,21,17,18,6,,26,,21,21,24,1,,1132
7803,VBM,568,314,55.28,96,92,5,77,17,16,59,12,62,34,48,190,47,138,83,92,12,97,103,45,48,11,13,35,51,87,63,48,132,75,53,69,15,8,68,2,66,91,71,1,,2064
7804,Election_Day,607,187,30.81,44,46,5,26,7,9,19,9,16,18,26,103,33,67,37,39,8,60,74,24,19,8,10,13,16,52,35,26,72,31,26,43,6,5,40,3,36,39,29,1,,1438
7804,VBM,607,276,45.47,62,81,9,50,10,10,41,4,41,32,50,160,41,101,66,73,10,91,90,32,45,8,14,27,46,70,51,43,105,49,40,59,13,6,70,2,48,69,53,4,14,1974
7805,Election_Day,585,167,28.55,23,53,4,23,11,16,20,9,30,36,37,85,38,65,35,47,10,72,82,29,19,3,3,21,18,60,50,38,78,21,38,53,8,5,42,1,25,39,28,1,,1062
7805,VBM,585,263,44.96,55,81,6,40,13,15,31,14,36,35,55,140,42,115,56,64,16,99,93,39,32,8,8,35,34,84,61,47,121,39,45,53,10,5,66,1,39,70,57,9,,1813
7806,Election_Day,517,143,27.66,28,44,5,12,8,12,16,6,17,32,38,66,26,55,22,26,13,55,75,21,12,5,6,12,10,47,44,30,57,22,26,44,7,2,42,1,14,37,25,,,982
7806,VBM,517,210,40.62,40,61,2,37,8,9,33,8,31,37,51,107,46,83,39,42,9,77,88,36,30,4,2,9,26,69,52,47,95,34,48,56,6,4,60,,33,46,44,,,1431
7807,Election_Day,507,182,35.9,29,38,5,17,7,10,14,6,15,41,45,76,41,88,25,24,6,75,99,35,22,1,2,14,18,70,46,47,85,20,45,51,7,2,63,,19,30,30,1,,1279
7807,VBM,507,182,35.9,33,37,1,27,2,11,25,4,25,24,35,93,37,77,36,36,7,75,70,32,21,3,3,13,21,63,36,30,77,24,29,41,1,,44,,32,42,30,,,1351
7808,Election_Day,462,159,34.42,21,32,4,15,7,12,12,7,10,29,39,68,36,64,19,27,9,64,71,32,11,1,1,9,8,65,45,39,66,15,39,48,6,5,43,1,20,33,26,,28,1139
7808,VBM,462,168,36.36,50,36,8,20,13,17,14,17,13,35,55,75,48,67,21,29,10,76,79,41,17,5,4,9,16,64,46,51,86,26,42,51,6,5,58,2,20,34,27,,,1059
7809,Election_Day,659,233,35.36,37,51,5,23,10,10,18,10,23,45,58,79,51,81,28,29,15,96,110,42,18,7,7,15,23,65,70,52,96,23,45,55,8,4,63,1,21,29,27,1,,1811
7809,VBM,659,280,42.49,52,66,13,39,21,23,31,18,30,44,73,127,74,105,50,68,19,114,122,47,26,12,11,32,29,94,73,67,118,41,54,73,13,7,86,6,41,48,51,3,14,1885
7811,Election_Day,481,154,32.02,22,19,5,16,10,17,8,14,16,42,54,61,44,61,17,28,15,71,90,31,12,8,9,10,13,45,44,43,68,21,41,52,5,3,44,1,13,21,16,,,1046
7811,VBM,481,173,35.97,22,28,3,32,10,13,20,11,23,47,61,70,53,75,33,30,16,82,84,51,20,5,7,18,27,68,58,59,85,25,51,62,4,6,66,2,27,42,34,,42,950
7812,Election_Day,554,149,26.9,20,24,5,12,9,14,9,19,12,26,35,59,38,48,17,23,10,65,63,27,8,2,3,6,10,43,35,35,63,17,23,38,7,3,32,1,17,26,25,,,1157
7812,VBM,554,234,42.24,47,72,7,46,15,15,34,7,41,26,59,121,49,81,54,60,17,86,100,34,23,7,10,20,32,75,50,50,101,47,44,56,7,5,64,1,51,58,63,2,14,1525
7813,Election_Day,683,227,33.24,50,40,3,21,8,14,12,9,27,61,79,79,62,91,30,32,12,99,118,60,21,12,6,16,15,82,72,60,103,23,59,83,5,2,80,1,20,31,23,,,1557
7813,VBM,683,281,41.14,56,70,2,47,17,25,30,12,40,58,83,131,71,118,52,64,17,120,137,65,33,4,9,26,36,96,87,66,135,49,61,80,6,3,93,1,48,58,56,13,28,1731
7814,Election_Day,477,104,21.8,6,17,,9,6,11,8,5,9,30,22,18,22,32,6,12,10,50,41,20,7,2,1,8,6,25,29,24,38,10,17,26,3,1,31,2,8,10,10,,,864
7814,VBM,477,131,27.46,26,33,5,31,19,17,23,17,26,16,32,56,24,29,25,30,18,56,48,22,20,9,6,20,17,30,28,27,52,34,13,28,6,4,28,7,30,38,27,1,28,828
7815,Election_Day,638,169,26.49,40,45,3,33,7,12,24,5,24,16,30,92,23,65,35,36,9,59,63,22,16,4,11,10,21,44,34,23,61,25,18,31,5,3,41,2,24,39,34,14,,1263
7815,VBM,638,307,48.12,84,103,11,56,13,19,49,14,44,47,67,175,55,149,66,67,16,116,128,60,44,7,6,37,36,95,78,50,154,51,61,78,5,13,106,2,59,85,70,2,14,1906
7816,Election_Day,616,178,28.9,30,51,7,41,10,13,33,8,33,21,25,90,21,64,38,44,14,48,62,21,25,11,8,23,29,46,30,17,62,42,22,32,5,4,31,1,35,40,40,,14,1301
7816,VBM,616,330,53.57,90,111,5,75,14,24,56,15,63,50,71,191,60,141,85,87,13,117,120,49,37,9,7,48,67,118,82,58,155,69,56,69,9,5,94,,69,109,82,,28,2012
7817,Election_Day,574,203,35.37,41,39,5,28,8,11,18,8,18,37,48,84,47,87,31,33,9,87,99,44,15,1,4,13,13,75,50,43,100,18,33,46,4,2,53,4,21,48,29,,,1488
7817,VBM,574,242,42.16,49,66,6,50,11,19,33,13,35,40,55,120,57,104,43,53,11,104,99,44,32,6,8,26,38,94,62,56,113,48,48,55,9,5,75,3,44,66,53,2,28,1505
7818,Election_Day,565,180,31.86,33,34,6,19,9,15,16,10,18,40,56,62,55,76,26,30,9,92,99,44,8,6,5,10,13,61,53,44,83,18,46,54,6,2,67,,17,31,27,2,14,1204
7818,VBM,565,237,41.95,53,49,5,37,11,15,30,4,35,39,53,112,50,83,50,59,7,94,88,42,35,3,7,18,33,77,53,49,106,45,42,52,13,3,59,,43,50,49,1,28,1636
7819,Election_Day,484,140,28.93,29,25,3,21,8,11,13,6,18,31,35,50,31,51,17,31,9,62,58,31,20,5,1,7,15,46,38,31,62,17,26,35,5,5,43,2,17,20,26,,14,985
7819,VBM,484,196,40.5,30,49,5,37,9,14,35,13,29,40,58,87,51,85,42,48,7,82,80,50,23,4,6,29,29,70,57,44,86,29,41,57,8,8,56,2,41,46,48,,28,1181
7821,Election_Day,655,196,29.92,34,47,5,30,7,7,22,4,23,21,42,108,37,77,36,34,7,69,83,35,21,1,1,14,25,53,46,31,90,21,30,49,4,1,38,,25,50,36,1,,1479
7821,VBM,655,299,45.65,56,97,3,81,20,16,64,5,70,51,62,161,71,118,89,98,15,101,99,58,49,4,2,40,64,103,68,63,125,64,58,78,3,6,75,,80,99,97,,,1773
7822,Election_Day,636,210,33.02,40,39,2,22,8,16,16,11,23,38,47,98,44,95,26,30,15,79,93,31,13,2,5,21,22,79,49,43,101,22,39,48,8,5,63,2,23,48,25,,,1549
7822,VBM,636,234,36.79,65,62,7,43,13,20,31,12,37,46,63,110,60,111,49,38,14,108,101,59,23,11,12,38,42,100,68,65,126,44,58,76,9,9,82,2,43,76,50,9,,1284
7823,Election_Day,619,205,33.12,36,33,5,30,9,11,17,6,22,43,57,77,55,82,31,28,8,82,105,49,13,3,3,19,20,77,71,52,95,24,47,68,6,7,61,1,29,42,32,,,1414
7823,VBM,619,251,40.55,53,73,5,50,11,19,40,15,37,26,44,134,39,104,56,58,13,92,99,38,32,11,10,22,35,69,52,40,104,40,35,48,9,8,51,1,48,78,49,,14,1752
7824,Election_Day,527,169,32.07,29,35,6,16,10,9,17,7,15,31,41,78,26,62,19,26,8,60,69,28,15,5,6,16,19,48,36,31,64,18,32,37,6,4,47,3,17,31,27,2,,1310
7824,VBM,527,206,39.09,37,45,1,42,4,10,40,9,41,27,42,109,45,87,47,48,9,81,79,33,31,2,3,25,37,66,50,42,84,41,37,46,3,1,57,,43,52,45,1,,1382
7825,Election_Day,379,156,41.16,13,31,2,21,6,7,20,8,23,38,40,66,49,75,40,34,6,69,73,36,21,4,3,14,15,57,41,44,73,27,36,49,2,3,47,2,29,33,37,3,,987
7825,VBM,379,151,39.84,33,36,1,21,11,9,10,4,15,34,52,66,46,64,29,33,17,69,86,39,17,5,4,12,17,53,48,41,81,22,43,48,8,1,57,,16,33,32,1,42,858
7826,Election_Day,475,164,34.53,26,25,4,16,9,12,14,9,13,33,39,60,33,53,16,27,9,61,77,33,15,4,8,10,9,42,41,32,70,19,34,38,5,3,40,2,19,24,24,,,1288
7826,VBM,475,194,40.84,31,34,1,31,8,14,21,13,25,51,64,77,56,80,36,37,8,88,102,55,19,4,2,16,25,71,61,59,83,35,58,68,3,,70,1,29,48,48,13,,1171
7827,Election_Day,547,195,35.65,28,24,2,19,13,20,12,8,14,48,66,49,61,69,13,23,14,93,104,41,13,7,6,7,7,58,67,52,89,15,45,68,2,2,65,,18,19,19,1,,1449
7827,VBM,547,196,35.83,39,37,5,23,15,28,23,15,29,52,68,58,60,68,20,23,14,96,96,48,20,8,6,11,18,52,63,67,85,25,57,72,9,2,65,2,22,28,23,,14,1278
7828,Election_Day,609,163,26.77,27,35,4,26,7,13,24,9,18,15,24,73,18,59,28,28,14,53,57,20,22,4,4,13,20,26,23,25,61,27,23,23,7,4,29,2,22,30,30,,,1335
7828,VBM,609,293,48.11,66,80,8,62,18,17,57,10,51,24,52,157,42,121,68,67,19,102,97,34,41,14,14,31,41,80,62,42,126,55,41,66,11,5,52,3,59,74,62,2,28,2041
7829,Election_Day,595,169,28.4,39,37,1,24,6,7,20,8,22,35,42,76,39,84,30,27,3,66,67,31,20,4,4,9,12,51,40,34,83,20,33,44,1,2,50,,23,37,22,,,1213
7829,VBM,595,304,51.09,84,104,9,64,12,14,54,6,59,26,49,179,52,132,102,93,12,101,107,42,57,6,8,49,53,96,63,47,133,56,46,54,11,4,65,5,64,85,79,9,42,1923
7831,Election_Day,656,193,29.42,35,50,3,41,13,11,33,8,39,21,41,100,36,83,43,43,8,79,81,28,31,1,2,21,32,65,49,34,77,33,31,39,2,2,54,1,37,63,55,,,1277
7831,VBM,656,298,45.43,70,92,8,79,11,16,61,11,67,28,52,172,48,119,81,79,13,91,109,43,48,10,3,58,73,99,72,45,124,71,46,58,10,12,67,1,69,109,80,1,,1866
7832,Election_Day,535,168,31.4,38,44,5,27,8,22,21,7,27,20,36,83,35,61,40,43,10,59,71,21,16,2,3,13,23,47,38,29,66,27,25,37,4,1,38,,33,39,44,,,1189
7832,VBM,535,256,47.85,53,59,10,43,14,17,29,6,26,37,47,135,45,101,47,70,14,96,102,36,19,8,6,22,26,81,57,49,108,35,45,60,8,5,55,4,35,67,53,2,28,1824
7833,Election_Day,510,156,30.59,14,22,3,10,7,15,9,7,15,33,47,48,43,53,17,26,7,59,82,39,12,2,6,5,11,45,44,42,64,12,35,48,2,1,51,2,17,25,16,,,1188
7833,VBM,510,203,39.8,44,48,4,37,10,15,30,7,34,39,51,91,52,80,38,59,11,84,80,52,29,4,3,12,32,63,58,46,92,37,38,58,7,3,60,2,41,56,48,,14,1273
7834,Election_Day,530,195,36.79,23,30,4,20,6,16,17,9,16,58,71,63,67,80,23,28,10,95,99,57,16,4,7,9,11,70,73,63,95,17,60,67,5,3,78,3,19,30,16,2,,1290
7834,VBM,530,200,37.74,35,33,6,27,11,14,19,8,21,50,68,70,59,77,31,42,12,94,90,59,21,5,5,12,20,67,68,61,95,27,50,59,5,2,69,1,28,40,32,2,42,1263
7835,Election_Day,515,158,30.68,33,33,,17,12,11,12,8,14,27,32,60,32,61,24,21,14,58,67,27,15,2,8,8,8,35,48,30,74,11,34,39,3,1,49,1,15,18,17,7,14,1212
7835,VBM,515,223,43.3,59,53,8,42,13,10,30,16,37,36,59,106,48,94,50,47,16,87,95,47,27,8,8,32,32,56,63,52,105,47,53,70,7,11,57,2,39,55,38,,56,1351
7836,Election_Day,611,178,29.13,34,34,5,25,15,13,13,9,21,19,35,78,28,57,27,34,17,66,79,20,16,6,6,16,18,36,33,25,72,24,23,31,6,1,36,1,25,28,23,,,1437
7836,VBM,611,286,46.81,67,88,10,59,18,13,39,10,45,30,49,151,36,98,67,78,17,100,99,36,28,8,13,33,36,79,61,42,124,54,37,54,4,5,61,,47,67,59,1,70,2011
7837,Election_Day,590,184,31.19,33,44,4,28,9,10,20,8,25,25,25,84,24,74,36,44,6,56,71,20,16,6,5,18,21,45,38,25,69,29,26,33,5,4,42,,31,40,31,,28,1418
7837,VBM,590,262,44.41,60,76,3,54,8,9,46,11,46,26,42,145,38,103,67,74,13,79,76,29,43,8,7,28,33,69,49,38,92,58,38,50,2,6,52,1,56,69,68,1,14,1881
7838,Election_Day,631,169,26.78,33,42,5,31,8,14,22,2,24,27,33,90,27,80,28,35,8,65,72,33,18,9,5,13,17,50,40,27,72,23,30,43,5,1,40,2,25,37,36,,,1194
7838,VBM,631,330,52.3,92,119,6,80,9,17,60,13,62,27,55,202,60,161,96,103,15,120,116,48,57,5,9,35,42,102,79,48,142,61,42,68,6,6,79,,73,106,91,,42,2066
7839,Election_Day,569,140,24.6,30,22,4,12,3,8,9,5,14,15,20,62,20,54,13,21,6,31,46,21,16,2,5,13,8,33,19,12,51,16,18,23,6,3,28,,15,24,18,,,1234
7839,VBM,569,272,47.8,62,85,6,54,14,17,40,8,59,25,43,164,43,117,68,85,11,76,90,39,36,8,6,22,35,75,46,33,101,51,39,39,12,5,59,1,52,82,71,,14,1915
7841,Election_Day,619,201,32.47,36,47,10,36,10,12,30,15,32,44,56,92,48,73,34,50,14,80,95,46,26,6,10,20,21,66,70,48,86,23,45,65,3,3,68,1,37,49,41,,,1266
7841,VBM,619,279,45.07,62,58,9,40,7,11,34,6,48,49,58,148,61,130,58,65,12,110,109,46,31,10,9,24,29,85,80,57,133,38,55,62,7,2,78,1,41,51,56,1,,1935
7842,Election_Day,552,204,36.96,37,42,4,26,10,24,23,18,21,42,61,83,52,76,30,32,14,91,96,41,23,7,6,12,15,68,61,51,87,27,50,60,8,1,61,2,27,33,34,,,1400
7842,VBM,552,222,40.22,37,48,6,27,13,19,23,13,33,48,70,95,65,86,36,41,20,100,92,49,16,7,10,23,21,77,64,49,89,40,54,71,4,4,68,,34,33,37,1,,1485
7843,Election_Day,482,173,35.89,29,29,2,20,5,17,14,7,15,39,50,54,44,67,17,24,6,82,82,39,13,4,3,13,12,63,54,42,80,22,44,52,3,2,60,,21,31,26,,14,1221
7843,VBM,482,177,36.72,33,35,5,26,13,20,24,8,29,46,63,65,66,66,31,48,13,81,85,42,17,8,5,8,25,70,59,57,85,35,53,60,9,3,71,6,38,35,35,,14,986
7844,Election_Day,408,133,32.6,18,25,2,11,6,10,8,6,16,37,40,43,38,54,15,18,11,64,56,25,8,5,1,9,5,46,42,32,64,10,32,40,4,3,42,,16,14,20,,,966
7844,VBM,408,153,37.5,37,38,3,19,3,12,8,6,13,40,42,53,50,62,28,31,7,73,78,40,8,3,7,15,9,54,53,44,75,21,46,44,4,2,55,1,18,22,25,,14,979
7845,Election_Day,595,172,28.91,41,41,2,21,8,15,20,8,29,25,42,80,37,76,24,33,10,57,74,29,18,6,7,8,12,49,38,36,75,23,33,46,6,1,48,,18,38,31,1,42,1200
7845,VBM,595,255,42.86,75,80,12,45,25,19,49,16,55,41,52,145,48,114,64,69,15,88,85,39,33,5,12,28,34,60,70,43,109,52,47,67,11,8,65,2,50,65,58,,14,1601
7846,Election_Day,593,189,31.87,46,45,6,22,9,9,28,8,34,22,40,87,30,76,40,37,5,56,75,29,27,5,6,17,12,40,33,25,68,27,27,42,7,2,48,2,31,33,31,1,28,1430
7846,VBM,593,252,42.5,51,66,7,56,11,19,47,13,58,33,37,145,42,92,74,76,14,71,75,33,52,9,8,19,40,51,42,41,87,53,38,41,5,3,44,2,56,73,80,1,,1763
7847,Election_Day,619,209,33.76,41,48,5,37,10,17,31,14,28,36,51,106,41,91,53,48,9,64,94,34,23,4,4,19,29,65,55,33,86,30,37,44,4,7,64,2,38,43,40,,,1441
7847,VBM,619,250,40.39,62,63,5,52,11,10,44,8,54,20,39,147,40,99,70,61,14,74,72,33,36,4,7,29,37,76,63,31,104,41,35,49,6,4,57,,54,70,55,1,,1763
7848,Election_Day,576,185,32.12,43,40,4,20,6,9,16,5,27,26,32,91,36,77,22,32,7,62,86,26,17,6,6,6,8,47,43,28,89,19,26,39,,,51,,30,33,28,,,1447
7848,VBM,576,256,44.44,57,60,5,41,13,14,41,8,42,30,55,138,44,104,51,50,9,76,86,41,37,6,6,23,28,64,59,39,96,41,43,54,7,4,64,,43,54,49,14,28,1860
7849,Election_Day,606,196,32.34,40,38,3,27,10,16,17,13,19,44,60,82,53,80,33,35,19,78,89,46,11,6,4,8,11,66,47,45,81,24,52,62,3,5,57,1,22,27,27,,,1383
7849,VBM,606,252,41.58,52,64,4,41,11,17,40,10,43,44,73,127,53,101,54,58,15,89,98,55,37,6,7,16,26,94,71,61,100,46,51,68,9,3,73,1,54,63,55,13,56,1569
7851,Election_Day,299,71,23.75,16,21,2,21,8,5,15,3,13,5,12,45,6,26,17,18,7,12,21,9,22,,,6,5,10,11,3,20,15,7,7,1,2,7,2,16,17,17,,,544
7851,VBM,299,156,52.17,52,63,6,49,13,7,33,5,40,10,30,94,13,63,41,53,16,36,35,23,53,5,5,17,16,32,29,11,59,40,20,28,5,5,19,2,36,46,41,1,14,1018
7852,Election_Day,442,107,24.21,36,27,3,16,9,11,19,3,20,15,19,52,18,49,25,25,5,30,40,15,22,2,6,10,4,25,29,16,53,15,15,22,3,4,22,1,19,26,27,1,,739
7852,VBM,442,200,45.25,64,68,8,51,17,17,29,7,35,23,45,107,42,77,49,66,18,71,75,36,36,10,6,24,32,51,46,39,101,52,33,52,7,8,49,2,47,48,47,,42,1163
7853,Election_Day,546,170,31.14,34,39,8,30,15,12,22,12,22,25,34,97,26,64,45,33,13,41,60,27,25,4,11,19,26,41,36,24,61,29,23,40,10,3,35,1,31,49,38,2,14,1199
7853,VBM,546,253,46.34,81,81,13,56,14,16,58,15,65,21,39,144,37,117,78,71,12,84,79,30,51,6,4,21,44,63,59,27,108,51,32,56,4,7,53,,56,78,70,,14,1627
7854,Election_Day,601,195,32.45,38,42,4,29,5,11,21,6,37,30,47,89,38,62,32,30,11,74,75,33,28,4,6,14,21,49,47,36,71,23,36,49,8,2,51,,29,38,38,2,,1464
7854,VBM,601,255,42.43,72,70,6,50,12,18,49,9,65,29,45,132,45,92,60,71,17,96,96,36,38,5,7,27,39,70,56,37,114,57,35,52,6,7,66,1,51,77,68,1,14,1672
7855,Election_Day,606,210,34.65,50,52,9,29,14,21,28,16,40,43,58,106,46,94,35,50,19,90,104,39,29,5,6,14,18,64,62,44,95,34,38,59,4,,59,,33,50,38,,,1345
7855,VBM,606,229,37.79,46,65,4,48,13,11,38,7,46,20,40,123,38,80,59,66,15,74,73,32,31,8,11,22,34,50,48,30,75,42,31,46,8,5,54,2,46,51,58,1,14,1641
7856,Election_Day,543,188,34.62,33,34,6,23,10,12,18,7,24,31,43,85,39,65,24,33,14,63,77,38,20,6,3,11,12,46,47,33,69,27,40,55,6,3,51,1,25,28,30,,,1440
7856,VBM,543,230,42.36,60,50,6,35,12,22,26,13,35,39,55,102,45,104,38,56,14,83,103,47,33,7,9,13,18,63,66,46,109,32,51,58,1,5,69,1,43,41,52,1,,1557
7857,Election_Day,591,179,30.29,19,34,2,19,8,14,19,9,17,52,60,59,53,72,28,29,11,83,87,47,15,5,4,7,18,59,55,53,74,17,50,57,6,2,69,1,23,29,33,,28,1179
7857,VBM,591,252,42.64,51,59,13,43,11,17,32,12,40,44,65,99,60,93,50,66,19,95,100,53,30,11,5,23,28,67,70,60,102,37,55,71,6,4,72,2,45,47,52,,28,1691
7858,Election_Day,486,164,33.74,32,20,5,14,7,23,13,6,20,44,52,51,41,48,15,17,6,90,81,34,11,3,6,6,11,47,46,41,70,17,38,49,5,2,54,4,11,21,18,3,,1214
7858,VBM,486,172,35.39,38,37,8,29,15,19,25,15,38,37,58,70,53,60,36,44,18,78,88,48,20,7,5,17,28,59,50,41,72,38,45,56,9,3,52,5,39,40,35,,28,945
7859,Election_Day,576,169,29.34,34,38,4,18,10,12,20,4,26,17,27,95,26,63,28,37,6,57,63,20,23,5,5,13,11,40,34,21,69,17,23,30,5,3,40,1,20,29,24,12,,1336
7859,VBM,576,271,47.05,74,68,7,55,7,17,47,9,51,43,60,156,53,124,75,75,16,95,101,46,43,6,9,30,38,80,70,50,127,42,55,60,4,6,72,1,58,69,67,1,42,1685
7861,Election_Day,574,180,31.36,43,35,4,10,12,7,13,7,17,37,49,76,40,81,26,32,6,69,73,35,13,7,6,10,7,53,56,38,86,13,37,48,5,2,57,,12,23,23,,,1352
7861,VBM,574,248,43.21,85,74,5,43,8,13,34,10,50,26,37,141,42,95,61,77,10,79,88,38,31,5,4,19,22,66,67,45,113,45,38,50,9,11,57,,49,49,63,3,28,1682
7862,Election_Day,591,195,32.99,48,46,4,24,2,18,22,10,32,38,52,91,51,95,39,39,6,77,92,36,21,4,6,11,15,61,53,43,86,21,42,52,2,4,55,,31,46,33,1,,1321
7862,VBM,591,238,40.27,58,80,8,52,11,16,44,11,60,31,55,144,38,92,60,64,17,85,86,37,41,10,8,19,29,62,56,47,101,48,37,53,6,5,62,,57,59,57,,,1526
7863,Election_Day,565,195,34.51,38,33,2,25,7,19,20,9,25,33,55,74,38,67,25,32,7,77,85,34,22,7,3,7,13,48,49,32,85,23,36,54,3,3,45,1,29,32,27,4,,1502
7863,VBM,565,200,35.4,45,49,4,32,8,12,26,11,32,35,51,94,49,77,38,49,13,83,83,42,29,7,5,19,25,58,58,44,90,36,47,56,9,4,62,2,42,43,46,1,14,1270
7864,Election_Day,477,147,30.82,23,21,,19,7,16,16,12,16,27,32,55,31,42,21,20,5,61,67,26,13,2,3,6,14,41,30,28,59,19,21,40,7,1,38,3,22,34,24,1,,1135
7864,VBM,477,184,38.57,41,45,5,33,9,17,27,14,26,34,47,86,46,63,37,46,16,77,73,28,21,8,3,19,26,56,47,37,86,34,38,49,5,2,54,,34,41,35,,28,1183
7865,Election_Day,553,176,31.83,29,30,3,12,12,14,8,11,17,41,48,67,50,75,18,31,11,91,88,34,13,6,5,12,14,61,60,46,86,15,42,61,3,2,55,3,16,28,21,2,,1223
7865,VBM,553,227,41.05,49,52,4,30,10,22,24,9,25,41,58,97,53,98,30,47,14,93,79,46,28,7,5,16,18,60,63,52,105,38,47,59,10,3,64,6,41,53,36,2,,1584
7866,Election_Day,487,134,27.52,45,34,1,28,4,5,28,5,27,10,19,80,14,60,33,33,8,44,47,16,27,4,3,7,16,28,30,10,57,16,13,25,1,2,26,2,22,29,32,,,985
7866,VBM,487,243,49.9,71,77,8,58,16,22,43,13,43,19,45,158,37,95,65,84,32,68,78,29,48,6,12,24,29,52,50,21,97,38,19,35,4,5,43,3,64,58,68,2,42,1621
7867,Election_Day,628,187,29.78,60,56,6,16,10,9,27,9,39,33,38,98,28,99,36,50,12,71,73,30,23,5,6,16,17,52,51,30,100,26,34,48,5,4,62,3,28,38,37,15,,1218
7867,VBM,628,264,42.04,82,76,17,63,25,20,43,16,61,32,56,152,48,111,58,76,22,89,88,43,47,10,9,14,26,78,74,36,111,54,49,48,8,5,62,,53,71,67,18,28,1650
7868,Election_Day,576,149,25.87,45,39,6,16,5,13,23,6,26,19,22,81,27,74,19,35,7,56,48,23,19,3,4,5,10,32,44,20,72,20,16,23,3,2,36,,18,31,31,,,1107
7868,VBM,576,249,43.23,74,86,5,55,30,19,40,15,63,30,52,154,36,116,63,86,19,85,88,41,37,9,15,25,37,72,75,36,111,52,37,48,14,8,58,1,49,71,55,8,42,1469
7869,Election_Day,580,187,32.24,43,39,2,22,9,25,17,8,25,31,46,92,39,77,27,28,12,73,80,28,25,4,7,8,11,57,52,34,88,19,31,50,6,2,55,1,21,24,25,1,,1374
7869,VBM,580,275,47.41,64,89,6,52,6,13,43,9,64,35,44,143,41,114,62,80,12,86,97,42,43,6,5,23,47,80,60,43,123,58,47,54,6,5,68,2,54,73,67,2,42,1840
7871,Election_Day,590,187,31.69,52,55,4,28,5,13,25,6,29,12,27,113,21,68,42,56,9,47,58,26,26,7,8,11,13,36,38,20,77,29,22,28,4,3,43,2,39,45,54,1,,1416
7871,VBM,590,258,43.73,88,79,9,61,15,14,50,7,56,35,57,138,54,125,65,81,16,97,97,45,46,10,9,21,38,75,65,48,126,59,49,60,8,13,79,1,58,61,62,10,42,1483
7872,Election_Day,618,220,35.6,57,46,4,34,13,12,27,13,32,39,38,105,39,90,35,49,11,87,89,25,26,7,8,14,22,55,58,37,100,31,33,47,8,5,60,3,32,53,42,,,1594
7872,VBM,618,269,43.53,68,74,10,46,19,31,40,19,55,33,54,156,53,98,58,82,15,92,86,40,40,10,15,21,28,66,61,43,107,53,43,59,10,3,73,4,56,59,56,4,,1826
7873,Election_Day,578,180,31.14,56,40,7,25,8,14,23,1,29,26,37,85,43,80,33,40,6,78,71,28,27,2,4,6,13,59,58,34,82,20,34,48,2,2,55,1,22,39,30,2,,1250
7873,VBM,578,262,45.33,68,64,3,60,15,11,45,9,50,45,51,143,54,122,58,79,15,95,94,49,52,7,9,18,38,86,63,49,113,59,52,63,6,5,67,,70,78,64,4,14,1621
7874,Election_Day,315,93,29.52,17,19,4,14,7,15,8,13,9,20,31,38,25,28,14,24,10,38,44,16,7,2,2,9,10,25,24,23,38,14,19,28,10,3,28,2,17,13,20,,,614
7874,VBM,315,144,45.71,42,42,5,28,13,16,33,13,34,28,43,67,36,54,34,42,15,52,64,29,27,8,11,15,27,40,42,30,68,32,29,50,10,5,43,1,31,36,34,1,14,772
7875,Election_Day,358,76,21.23,14,15,4,9,4,6,6,4,14,16,17,26,18,25,13,11,5,32,31,14,6,1,3,6,5,15,21,14,36,9,17,24,3,1,16,,10,13,10,,,570
7875,VBM,358,159,44.41,38,51,4,28,12,21,32,15,27,23,36,69,38,48,38,47,8,72,62,30,22,10,8,10,29,41,45,34,73,30,34,35,5,3,45,4,36,39,42,,28,954
7901,Election_Day,713,208,29.17,26,25,9,18,12,21,14,22,20,36,47,53,34,49,16,24,16,83,97,32,10,9,9,16,15,37,40,48,66,35,37,51,11,8,41,1,17,27,18,12,14,1736
7901,VBM,713,222,31.14,39,41,16,37,16,34,27,21,32,48,64,83,58,59,34,45,19,103,92,44,28,7,12,15,27,57,62,62,87,48,51,61,9,7,63,2,38,44,44,,28,1444
7902,Election_Day,578,206,35.64,29,30,9,19,14,26,11,20,17,55,71,47,67,68,18,26,22,96,111,47,19,8,12,7,8,61,56,65,96,28,54,66,8,5,67,2,23,25,19,8,,1444
7902,VBM,578,176,30.45,44,49,12,31,11,24,30,21,29,42,62,76,46,58,33,39,25,83,92,44,30,12,5,20,28,56,54,55,68,43,51,60,8,3,59,3,33,37,35,3,28,922
7903,Election_Day,504,138,27.38,29,19,4,13,12,26,15,22,11,24,38,33,34,32,13,19,15,63,62,21,12,4,5,8,15,32,36,31,64,17,21,33,6,2,30,3,18,20,15,,,1055
7903,VBM,504,169,33.53,51,49,9,18,13,37,16,20,18,39,50,78,32,54,22,42,21,93,77,29,20,8,11,12,16,30,43,42,80,27,36,50,8,6,55,1,31,22,27,1,28,1044
7904,Election_Day,528,112,21.21,16,19,5,8,6,11,8,8,9,35,36,23,30,40,9,16,9,46,57,30,10,8,8,4,5,33,35,37,48,17,34,40,7,5,50,1,5,16,11,,,773
7904,VBM,528,181,34.28,30,42,3,30,16,27,30,20,28,35,51,56,45,45,22,36,24,82,84,32,20,11,7,15,23,42,43,51,74,38,42,44,13,7,46,6,25,31,33,,42,1183
7905,Election_Day,519,154,29.67,32,28,4,16,13,23,9,12,18,45,58,55,44,51,16,22,13,77,79,36,17,6,6,9,19,53,49,51,77,21,51,57,11,1,57,,14,19,20,,,967
7905,VBM,519,187,36.03,48,50,3,37,18,25,34,7,42,29,43,80,41,60,44,61,16,85,86,30,27,6,7,17,30,36,53,39,88,40,36,44,7,7,51,5,43,44,43,1,14,1141
7906,Election_Day,506,163,32.21,22,16,5,11,9,16,5,11,15,44,55,35,53,52,11,12,13,75,80,41,11,7,6,3,12,48,51,45,65,18,44,51,10,2,53,3,10,16,16,,,1230
7906,VBM,506,175,34.58,28,26,4,18,10,15,14,11,22,39,56,63,52,52,18,30,19,85,86,37,17,5,8,11,12,54,57,46,77,27,39,53,7,4,65,,18,22,20,1,28,1194
7907,Election_Day,562,170,30.25,22,33,6,19,16,25,16,17,22,49,56,51,48,52,23,33,17,78,80,38,23,5,7,12,20,44,54,47,73,30,47,50,10,5,52,2,20,25,22,1,,1130
7907,VBM,562,214,38.08,46,40,7,37,26,32,23,21,34,44,66,67,58,55,33,40,36,91,99,41,30,7,9,14,22,50,55,44,88,35,39,62,11,6,64,2,30,38,39,1,14,1440
7908,Election_Day,593,185,31.2,30,29,8,18,11,21,17,19,21,57,68,48,60,65,22,26,10,95,92,55,15,6,8,5,16,65,57,69,96,33,58,60,11,7,66,6,20,27,22,,,1171
7908,VBM,593,193,32.55,40,34,9,27,15,25,23,12,27,42,55,64,52,48,27,42,16,87,79,44,21,7,4,8,31,46,48,49,89,33,49,57,7,5,59,4,27,39,31,1,98,1221
7909,Election_Day,464,143,30.82,18,17,5,9,4,14,7,10,4,45,55,28,46,49,9,14,4,78,73,35,14,4,6,2,2,41,48,46,63,25,37,50,4,2,48,,8,7,9,,,1062
7909,VBM,464,159,34.27,38,33,8,19,13,19,19,13,21,35,52,59,47,60,26,37,19,83,72,38,16,6,7,9,12,54,58,39,80,33,47,49,3,4,57,2,27,26,26,1,14,945
7911,Election_Day,533,157,29.46,26,32,6,24,14,13,21,14,26,32,35,59,35,48,33,39,9,67,69,29,27,9,6,6,21,33,42,33,62,35,34,40,4,3,42,2,28,27,23,,,1090
7911,VBM,533,190,35.65,35,42,4,23,13,26,21,20,24,48,73,57,54,54,25,44,21,96,93,42,21,11,5,10,21,53,59,56,85,46,56,65,8,3,62,,26,32,28,,28,1170
7912,Election_Day,636,172,27.04,22,16,5,16,7,17,7,12,18,42,54,40,47,49,13,17,12,81,86,38,10,4,8,7,8,46,51,44,71,24,47,58,8,,54,2,21,17,15,,,1314
7912,VBM,636,240,37.74,38,46,6,36,11,26,31,20,33,63,82,93,80,82,46,44,26,115,119,61,28,8,5,16,25,82,72,75,122,45,72,79,7,6,81,1,43,42,47,1,14,1431
7913,Election_Day,578,216,37.37,28,39,9,20,16,24,23,25,16,45,58,47,59,54,21,40,11,93,95,41,21,9,4,21,16,52,54,52,87,39,43,64,8,4,57,,23,31,30,,14,1631
7913,VBM,578,184,31.83,36,45,13,19,20,29,24,20,28,50,62,68,52,61,20,39,21,83,89,43,17,7,5,12,23,46,59,55,75,43,46,75,9,6,57,3,23,32,30,,56,1075
7914,Election_Day,578,176,30.45,26,19,3,13,9,27,9,16,6,35,42,37,43,53,11,23,8,80,87,33,12,5,10,6,8,42,44,41,77,28,39,46,10,5,55,2,12,22,15,,14,1391
7914,VBM,578,215,37.2,41,40,12,22,7,28,18,23,25,56,71,59,76,80,28,54,17,115,101,60,18,4,4,13,18,67,75,63,110,45,66,72,3,1,68,2,29,34,29,1,112,1243
7915,Election_Day,482,152,31.54,23,15,4,13,13,23,7,20,10,48,58,29,52,52,13,20,12,81,82,42,11,6,6,3,6,48,55,49,77,24,44,58,9,1,57,1,14,14,14,2,,1012
7915,VBM,482,152,31.54,35,40,9,20,14,24,19,15,21,38,48,43,49,55,27,27,12,73,72,37,17,6,10,10,13,44,48,39,67,31,49,54,8,3,50,1,29,30,28,1,14,898
7916,Election_Day,555,205,36.94,38,29,10,13,15,23,11,15,22,63,63,50,64,72,17,32,14,99,108,51,15,7,6,16,9,65,69,64,99,21,56,73,1,1,69,2,15,25,18,,14,1416
7916,VBM,555,193,34.77,43,38,3,22,12,25,23,20,28,49,67,64,61,69,31,35,17,94,95,53,19,7,8,15,22,65,66,73,96,34,60,71,7,2,71,2,35,46,40,1,42,1071
7917,Election_Day,640,229,35.78,25,25,8,13,13,32,13,20,19,58,70,35,55,61,16,20,18,112,99,51,15,11,9,13,14,55,61,62,98,30,51,72,8,4,73,7,20,23,16,5,70,1726
7917,VBM,640,216,33.75,40,37,5,24,15,30,20,21,26,60,87,56,77,75,24,35,20,111,112,64,25,9,9,8,18,71,80,78,107,46,70,79,11,2,85,2,27,34,28,,28,1268
7918,Election_Day,513,158,30.8,26,17,6,7,10,20,6,14,12,33,45,42,39,39,10,12,15,76,72,33,10,6,4,7,6,32,36,33,66,34,34,46,7,1,38,2,7,16,13,,,1280
7918,VBM,513,173,33.72,29,35,4,27,21,29,21,23,33,48,65,55,61,64,24,34,13,96,90,50,25,6,5,12,28,55,65,56,87,48,50,57,4,,61,4,26,34,28,,,949
7919,Election_Day,544,261,47.98,40,27,7,12,14,62,10,32,18,70,84,62,74,59,20,32,25,145,125,52,18,11,8,8,7,75,75,75,117,46,71,82,15,4,74,2,25,25,22,,56,1868
7919,VBM,544,164,30.15,22,39,2,26,9,16,20,10,32,44,54,55,52,62,34,39,4,89,71,48,22,3,6,13,21,53,52,51,78,38,48,58,9,4,58,2,31,37,28,,,956
7921,Election_Day,561,174,31.02,24,21,6,9,12,23,7,16,18,39,52,38,41,45,16,24,17,77,72,35,8,5,7,5,9,42,50,44,68,25,40,46,10,4,41,4,16,20,16,,,1384
7921,VBM,561,178,31.73,43,40,9,23,18,27,22,17,26,42,66,55,54,50,26,36,18,102,89,43,23,11,13,11,24,54,62,51,79,37,48,57,12,,59,3,30,27,30,2,28,1025
7922,Election_Day,525,156,29.71,19,16,2,15,3,8,15,12,12,32,39,41,35,46,14,18,3,75,66,31,16,2,3,3,11,35,39,31,60,31,29,41,3,2,44,,15,15,16,1,28,1257
7922,VBM,525,203,38.67,42,40,7,22,15,29,19,24,20,49,69,61,67,71,27,43,17,106,95,56,22,11,10,10,17,72,65,69,97,50,65,68,17,2,72,5,28,32,34,,42,1175
7923,Election_Day,571,188,32.92,24,21,6,13,11,14,6,24,21,47,55,45,50,56,18,25,12,91,79,38,13,8,11,9,12,50,58,46,83,20,42,57,8,2,53,2,24,19,16,3,,1440
7923,VBM,571,216,37.83,44,32,12,24,17,24,14,28,27,48,68,53,53,68,16,36,14,113,112,50,19,6,6,16,15,61,68,47,105,27,54,63,12,8,73,2,24,26,19,3,42,1475
7924,Election_Day,530,153,28.87,27,25,2,16,10,27,12,18,16,29,40,42,42,47,17,25,9,76,73,36,20,7,7,9,10,45,40,34,67,30,33,49,9,4,43,2,13,18,14,,,1099
7924,VBM,530,187,35.28,41,29,5,25,20,19,14,25,13,52,70,52,62,64,22,23,16,103,84,48,20,8,6,14,15,58,63,59,89,36,59,68,16,6,70,6,20,24,23,1,14,1156
7925,Election_Day,370,107,28.92,12,22,1,5,5,15,3,8,12,27,37,26,35,36,9,13,5,62,58,25,1,2,,2,4,27,33,34,52,18,29,37,1,,39,1,17,6,13,3,,763
7925,VBM,370,146,39.46,21,23,7,19,3,16,15,12,16,30,35,55,28,36,18,22,7,72,66,32,17,2,5,8,18,35,37,32,53,27,29,35,2,,38,1,16,27,19,2,14,1094
7926,Election_Day,549,164,29.87,35,29,3,17,4,11,11,4,19,54,61,50,63,80,16,25,7,91,98,52,12,4,2,3,10,62,71,53,95,20,54,62,5,1,64,1,16,22,21,,,988
7926,VBM,549,214,38.98,50,43,10,25,13,20,26,14,31,62,74,79,69,84,29,45,13,110,96,61,17,6,9,14,25,68,74,66,120,43,61,75,13,8,86,2,31,43,33,,28,1220
7927,Election_Day,540,192,35.56,30,11,6,9,10,23,6,12,15,60,68,51,65,74,15,27,8,103,97,55,8,6,4,10,9,59,70,58,102,23,54,72,10,1,66,4,13,11,12,9,,1342
7927,VBM,540,216,40,61,65,5,33,13,20,24,9,40,58,68,88,70,98,37,50,11,93,95,54,35,5,6,12,21,63,80,69,113,43,54,84,5,2,86,3,40,41,49,,28,1193
7928,Election_Day,608,233,38.32,44,37,9,18,10,23,20,15,30,64,87,61,79,91,22,36,16,111,136,59,19,8,6,9,10,65,84,68,121,33,72,85,7,2,85,1,24,22,24,1,,1548
7928,VBM,608,248,40.79,60,49,8,24,13,22,20,16,40,63,79,77,77,98,33,44,23,109,112,66,22,8,13,17,20,75,91,74,144,47,72,78,12,4,95,3,34,38,36,,14,1542
7929,Election_Day,575,163,28.35,46,32,5,18,11,16,12,7,21,31,47,68,47,65,16,24,10,71,67,36,16,4,7,11,10,46,49,37,82,27,34,53,5,4,47,2,18,18,16,2,,1144
7929,VBM,575,267,46.43,51,70,9,49,11,20,41,13,41,63,85,108,81,107,44,62,15,124,122,59,38,5,6,20,27,80,99,75,140,55,62,85,8,2,101,3,46,45,48,,,1618
7931,Election_Day,514,148,28.79,36,28,,18,4,16,14,8,31,37,44,52,43,64,19,27,11,72,75,37,17,2,4,4,11,43,51,33,77,13,35,35,4,1,48,1,19,22,18,5,,993
7931,VBM,514,256,49.81,71,69,7,32,9,25,24,11,40,58,77,94,76,95,42,60,13,125,126,78,36,8,10,19,18,71,99,78,147,34,67,89,6,5,92,2,38,38,45,,14,1536
7932,Election_Day,333,76,22.82,15,21,3,13,8,8,8,3,17,13,14,38,11,29,12,16,3,31,28,15,15,4,6,8,7,13,19,14,35,13,11,21,6,1,25,,11,5,15,,,529
7932,VBM,333,150,45.05,52,32,2,25,10,13,17,7,24,27,36,65,35,51,26,35,9,66,65,29,15,4,5,14,10,32,49,29,80,21,27,43,6,4,40,1,21,21,25,4,,1023
7933,Election_Day,8,0,0,,,,,,,,,,,,,,,,,,,,,,,,,,,,,,,,,,,,,,,,,,
7933,VBM,8,6,75,2,3,1,,2,2,1,,,1,1,4,1,1,,1,2,2,1,1,1,1,1,2,1,,1,1,1,,,1,,1,,,,,1,,,46
7934,Election_Day,555,179,32.25,21,20,1,13,6,11,9,5,12,51,63,39,60,69,11,24,4,89,102,55,10,3,4,7,5,63,63,58,92,19,55,65,1,1,63,,12,15,20,2,14,1269
7934,VBM,555,245,44.14,65,48,10,40,17,26,29,14,37,60,89,82,82,90,44,47,14,132,127,73,28,12,8,21,21,90,89,77,141,47,78,80,12,10,93,4,40,42,47,14,56,1294
7935,Election_Day,639,211,33.02,39,43,2,20,8,10,13,8,23,56,64,70,74,106,24,33,8,113,119,50,21,4,11,14,7,62,82,71,129,26,63,74,4,4,72,2,24,25,35,,,1341
7935,VBM,639,272,42.57,67,72,9,45,16,23,27,10,43,72,87,106,96,118,52,64,16,124,128,71,33,8,9,16,25,86,106,76,151,52,78,96,6,6,96,3,60,55,63,2,56,1479
7936,Election_Day,587,189,32.2,29,32,4,10,8,16,8,6,15,59,69,50,56,75,19,28,8,103,95,55,15,4,6,9,8,65,80,65,102,16,53,67,8,4,76,3,19,18,23,,,1260
7936,VBM,587,239,40.72,77,53,9,32,14,19,31,11,42,48,67,91,62,93,35,53,12,125,110,63,30,8,5,17,25,67,91,74,137,36,58,73,7,6,84,1,43,45,36,1,42,1413
7937,Election_Day,600,189,31.5,45,45,4,16,8,18,14,15,22,44,51,59,60,80,16,32,9,100,97,42,21,4,6,13,8,52,64,56,96,16,46,60,8,4,59,5,23,20,24,,,1284
7937,VBM,600,242,40.33,71,55,10,33,14,27,29,16,43,52,65,86,60,106,33,64,14,131,106,55,29,8,9,20,22,64,86,65,125,33,57,75,11,4,84,4,32,32,32,3,14,1509
7938,Election_Day,503,153,30.42,21,24,3,9,11,23,8,18,16,28,39,35,41,42,11,21,9,76,57,29,11,2,4,9,10,34,41,41,64,19,28,37,4,,44,1,13,21,13,3,28,1194
7938,VBM,503,169,33.6,30,40,2,16,8,20,12,17,23,48,62,58,53,78,19,37,9,89,71,46,7,5,4,12,15,51,68,54,87,30,50,69,5,3,45,5,20,23,18,6,,1051
7939,Election_Day,488,164,33.61,35,25,2,17,17,22,14,9,29,42,50,55,44,64,16,32,9,80,77,42,18,11,10,8,12,35,62,41,90,28,41,58,8,4,53,3,13,27,25,,28,1040
7939,VBM,488,186,38.11,49,42,4,23,6,23,18,12,31,59,67,60,73,84,26,43,9,96,98,59,28,3,6,15,14,59,78,69,105,26,58,78,2,5,77,1,28,27,22,4,28,989
7941,Election_Day,508,133,26.18,22,25,5,14,3,19,11,15,17,24,37,41,38,50,14,28,12,70,63,28,14,5,6,4,5,36,46,32,74,19,25,44,7,3,37,2,19,11,17,,,920
7941,VBM,508,211,41.54,51,46,2,23,9,18,18,15,29,53,67,72,68,78,25,43,14,103,92,58,23,3,5,9,13,60,78,60,113,33,52,68,4,,71,3,25,35,24,1,42,1348
7942,Election_Day,579,159,27.46,25,30,3,12,10,21,17,9,20,30,38,45,37,40,9,24,11,80,64,30,14,7,6,11,9,32,44,32,70,24,29,42,7,2,45,2,16,14,16,4,,1245
7942,VBM,579,214,36.96,71,47,6,35,24,24,29,20,33,41,54,90,44,73,32,44,22,94,86,48,35,7,14,15,19,47,62,43,121,35,45,51,16,7,62,4,26,29,32,1,56,1352
7943,Election_Day,564,192,34.04,39,32,10,15,5,30,12,15,23,33,42,70,49,59,21,38,11,92,75,33,26,3,4,13,14,40,60,35,88,34,29,40,7,2,44,3,30,30,33,8,14,1427
7943,VBM,564,208,36.88,50,52,12,37,17,32,34,22,36,44,51,91,50,69,30,42,19,91,84,33,41,10,8,16,21,42,56,42,100,44,42,55,16,7,51,5,44,50,41,1,14,1310
7944,Election_Day,513,180,35.09,41,36,6,13,9,20,12,11,24,51,66,43,60,61,15,25,10,92,91,46,15,5,3,8,11,54,71,55,100,34,46,63,7,1,67,,11,22,17,3,,1195
7944,VBM,513,179,34.89,54,42,6,25,11,12,16,14,36,36,60,70,55,70,25,45,11,95,77,44,21,7,6,13,14,61,67,50,99,33,44,62,6,4,60,3,33,26,34,1,,1058
7945,Election_Day,548,77,14.05,13,11,3,6,4,7,2,4,5,19,22,21,21,18,3,8,3,32,31,15,3,2,2,4,1,16,22,18,31,8,15,21,1,2,21,,6,4,5,,,648
7945,VBM,548,228,41.61,75,60,5,34,14,25,25,24,33,43,67,82,61,88,46,57,14,114,113,56,30,7,7,14,22,63,92,63,125,40,46,68,10,4,68,2,41,40,41,,42,1331
7946,Election_Day,521,117,22.46,26,26,10,23,13,20,16,19,25,18,23,47,25,28,24,39,13,45,42,15,19,1,6,13,21,15,26,12,54,23,15,28,3,1,25,3,26,17,21,1,,811
7946,VBM,521,214,41.07,67,50,7,61,37,32,37,24,58,41,68,97,52,57,48,63,35,83,70,37,40,9,16,25,30,49,64,40,87,43,40,52,8,10,61,5,53,48,44,5,28,1215
7947,Election_Day,473,111,23.47,24,24,4,12,13,18,9,13,8,14,20,25,23,24,11,27,13,49,28,12,12,6,10,6,13,13,27,15,34,25,15,18,6,,21,2,13,12,11,1,28,895
7947,VBM,473,160,33.83,44,51,7,43,36,38,30,18,43,16,40,78,32,29,41,49,35,59,59,20,46,3,4,16,28,20,35,21,46,45,14,30,6,4,42,3,33,38,35,,56,947
7948,Election_Day,481,124,25.78,33,24,10,16,14,20,18,15,23,28,27,38,26,34,15,27,12,52,43,16,15,8,8,12,16,19,40,18,55,19,23,25,13,5,29,3,14,24,13,1,14,871
7948,VBM,481,166,34.51,63,57,7,41,23,28,28,15,35,28,38,77,40,62,35,64,14,63,63,30,38,12,8,21,22,33,57,32,86,40,27,45,7,8,44,2,51,38,42,,42,858
7949,Election_Day,281,46,16.37,12,7,4,4,8,5,5,2,6,2,1,12,5,4,3,8,5,15,14,2,6,1,3,2,5,1,9,1,14,8,4,3,6,2,8,2,4,5,3,,14,419
7949,VBM,281,114,40.57,37,32,13,39,17,13,27,11,26,14,20,59,12,21,30,44,15,33,44,15,40,8,3,16,21,14,18,9,39,18,14,14,14,3,27,4,31,13,31,,,737
7951,Election_Day,403,90,22.33,26,26,8,11,10,17,15,13,10,16,23,31,14,19,13,26,10,37,32,12,9,4,5,7,11,13,33,15,40,22,12,22,5,1,21,1,13,15,14,1,,627
7951,VBM,403,175,43.42,55,46,12,48,35,24,34,18,41,21,43,75,34,43,30,55,31,58,57,34,45,9,8,16,24,23,47,25,57,48,30,31,13,5,38,5,27,28,32,2,84,1059
7952,Election_Day,417,81,19.42,22,17,4,12,14,13,11,8,13,7,20,23,7,16,9,20,8,30,26,4,9,1,5,5,10,7,20,11,27,14,7,9,6,2,16,3,10,8,13,9,,658
7952,VBM,417,160,38.37,46,36,10,36,31,21,20,14,22,37,60,71,30,46,19,46,34,71,75,31,25,2,5,12,19,33,56,32,61,29,31,31,3,7,55,3,28,21,23,,28,980
7953,Election_Day,452,112,24.78,31,31,3,27,9,22,19,16,20,18,26,49,21,26,19,38,13,43,44,18,26,7,7,15,13,16,32,13,43,19,10,17,5,1,25,3,24,20,25,,,754
7953,VBM,452,182,40.27,57,49,15,38,34,24,30,22,28,25,33,72,34,46,24,51,20,65,71,22,28,17,10,17,20,29,42,21,61,36,27,36,12,10,39,7,31,32,38,1,56,1218
7954,Election_Day,0,0,0,,,,,,,,,,,,,,,,,,,,,,,,,,,,,,,,,,,,,,,,,,
7954,VBM,0,1,0,,1,,,,,,,1,,,,,,,1,,1,1,,,,,,,,1,,1,,1,,,,1,,,,,,,5
7955,Election_Day,466,114,24.46,32,23,7,12,19,18,12,20,13,13,24,32,22,30,8,38,9,45,40,10,15,7,10,6,4,17,40,13,44,20,14,17,12,5,26,3,16,11,10,4,,875
7955,VBM,466,180,38.63,62,49,11,39,37,21,29,18,33,27,40,70,34,46,38,69,30,58,71,33,46,5,12,15,23,35,57,25,70,39,25,40,9,5,42,1,37,29,34,,14,1142
7956,Election_Day,376,66,17.55,15,17,2,9,7,10,11,5,7,8,12,22,12,7,6,16,5,24,16,5,9,,3,6,10,7,14,10,19,18,11,12,1,1,14,1,9,9,13,,28,513
7956,VBM,376,140,37.23,39,43,5,40,29,21,23,12,35,19,36,75,26,31,31,59,25,60,51,29,32,4,10,7,19,24,38,25,53,36,21,28,10,6,44,3,29,28,24,,,830
7957,Election_Day,380,84,22.11,23,22,9,7,10,15,9,10,11,11,7,28,10,13,11,24,4,28,29,8,12,2,6,9,7,4,20,6,34,19,5,12,2,2,16,1,15,9,9,,,697
7957,VBM,380,142,37.37,52,50,12,24,22,10,29,10,33,31,28,60,24,48,31,65,15,61,56,25,26,11,7,12,15,28,54,24,76,30,22,28,11,3,41,2,36,34,31,,14,797
7958,Election_Day,156,5,3.21,,,,2,1,,,,,,2,,,,,,1,1,2,1,1,,,,,,,,,2,1,,,,1,,,,,,,55
7958,VBM,156,63,40.38,21,20,5,9,12,7,10,5,10,6,11,18,12,19,6,21,9,27,25,12,17,3,3,1,8,11,19,11,27,9,7,16,2,2,15,,14,8,9,,14,421
9900,Election_Day,0,0,0,,,,,,,,,,,,,,,,,,,,,,,,,,,,,,,,,,,,,,,,,,
9900,VBM,0,0,0,,,,,,,,,,,,,,,,,,,,,,,,,,,,,,,,,,,,,,,,,,
9901,Election_Day,0,0,0,,,,,,,,,,,,,,,,,,,,,,,,,,,,,,,,,,,,,,,,,,
9901,VBM,0,0,0,,,,,,,,,,,,,,,,,,,,,,,,,,,,,,,,,,,,,,,,,,
9902,Election_Day,0,0,0,,,,,,,,,,,,,,,,,,,,,,,,,,,,,,,,,,,,,,,,,,
9902,VBM,0,0,0,,,,,,,,,,,,,,,,,,,,,,,,,,,,,,,,,,,,,,,,,,
