precinct,ballot_type,registered_voters,ballots_cast,turnout,PAUL_HENDERSON,VICTOR_HWANG,SIGRID_ELIZABETH_IR√çAS,WRITE-IN,over_votes,under_votes
1101,Election_Day,518,83,16.02,26,30,14,2,,11
1101,VBM,518,168,32.43,48,72,18,2,,28
1102,Election_Day,931,255,27.39,53,86,68,1,,47
1102,VBM,931,309,33.19,100,101,59,1,2,46
1103,Election_Day,897,192,21.4,40,69,37,1,,45
1103,VBM,897,316,35.23,99,116,47,3,2,49
1104-1105,Election_Day,925,191,20.65,47,66,42,1,,35
1104-1105,VBM,925,289,31.24,84,94,58,2,1,50
1106,Election_Day,760,157,20.66,53,44,25,,,35
1106,VBM,760,248,32.63,78,100,34,,,36
1107,Election_Day,723,130,17.98,43,52,11,,,24
1107,VBM,723,233,32.23,55,98,29,4,1,46
1108,Election_Day,896,160,17.86,49,48,21,,,42
1108,VBM,896,339,37.83,117,122,41,,,59
1109,Election_Day,770,132,17.14,34,46,28,2,1,21
1109,VBM,770,265,34.42,72,116,32,1,1,43
1111,Election_Day,916,148,16.16,28,54,29,4,,33
1111,VBM,916,289,31.55,71,137,34,2,1,44
1112,Election_Day,701,113,16.12,25,49,15,1,2,21
1112,VBM,701,221,31.53,49,124,18,2,1,27
1113,Election_Day,663,100,15.08,21,42,14,2,2,19
1113,VBM,663,235,35.44,51,107,38,2,,37
1114,Election_Day,905,170,18.78,26,67,42,,1,34
1114,VBM,905,274,30.28,80,115,42,2,1,34
1115,Election_Day,848,136,16.04,30,48,25,2,,31
1115,VBM,848,289,34.08,73,123,37,1,2,53
1116,Election_Day,812,148,18.23,43,54,19,1,,31
1116,VBM,812,238,29.31,67,104,29,2,3,33
1117,Election_Day,817,153,18.73,52,48,23,1,,29
1117,VBM,817,244,29.87,59,111,32,1,3,38
1118,Election_Day,972,176,18.11,51,65,29,2,,29
1118,VBM,972,318,32.72,94,131,33,,1,59
1119,Election_Day,719,121,16.83,34,46,18,2,,21
1119,VBM,719,241,33.52,83,69,47,2,5,35
1121,Election_Day,642,115,17.91,31,42,24,1,,17
1121,VBM,642,219,34.11,51,108,21,,1,38
1122,Election_Day,613,105,17.13,25,43,15,2,,20
1122,VBM,613,194,31.65,47,90,23,1,,33
1123,Election_Day,881,139,15.78,32,62,23,1,1,20
1123,VBM,881,242,27.47,71,109,23,1,1,37
1124,Election_Day,758,145,19.13,44,47,31,,,23
1124,VBM,758,207,27.31,48,106,24,3,4,22
1125,Election_Day,935,115,12.3,25,43,22,1,,24
1125,VBM,935,288,30.8,81,126,34,1,3,43
1126,Election_Day,864,147,17.01,37,51,38,2,,19
1126,VBM,864,283,32.75,93,108,38,4,3,37
1127,Election_Day,841,158,18.79,42,45,35,1,,35
1127,VBM,841,280,33.29,77,125,41,1,2,34
1128,Election_Day,813,116,14.27,23,51,21,1,,20
1128,VBM,813,261,32.1,62,119,41,2,,37
1129,Election_Day,852,136,15.96,41,43,20,,,32
1129,VBM,852,269,31.57,89,106,31,2,2,39
1131,Election_Day,787,108,13.72,21,34,23,1,,29
1131,VBM,787,276,35.07,81,107,45,,3,40
1132,Election_Day,910,135,14.84,38,51,23,1,,22
1132,VBM,910,333,36.59,87,143,41,1,3,58
1133,Election_Day,811,128,15.78,33,40,17,3,,35
1133,VBM,811,283,34.9,100,102,40,1,2,38
1134,Election_Day,720,142,19.72,25,51,33,1,,32
1134,VBM,720,218,30.28,47,93,28,1,1,48
1135,Election_Day,495,86,17.37,34,28,9,,,15
1135,VBM,495,184,37.17,47,81,30,1,1,24
1136,Election_Day,775,103,13.29,25,29,23,3,1,22
1136,VBM,775,294,37.94,84,101,50,3,2,54
1141,Election_Day,960,157,16.35,35,59,28,2,,33
1141,VBM,960,371,38.65,99,148,61,4,2,57
1142,Election_Day,755,144,19.07,35,49,34,,,26
1142,VBM,755,260,34.44,73,96,34,,1,56
1143,Election_Day,974,205,21.05,38,81,47,1,,38
1143,VBM,974,316,32.44,75,112,73,2,2,52
1144,Election_Day,864,184,21.3,45,65,41,1,,32
1144,VBM,864,275,31.83,85,89,52,4,4,41
1145,Election_Day,878,170,19.36,36,62,29,,,43
1145,VBM,878,341,38.84,99,136,55,,,51
1146,Election_Day,927,168,18.12,32,69,36,3,,28
1146,VBM,927,318,34.3,83,122,59,1,4,49
1147,Election_Day,860,176,20.47,41,73,30,2,,30
1147,VBM,860,290,33.72,67,124,65,,,34
1148,Election_Day,900,172,19.11,30,58,41,,,43
1148,VBM,900,280,31.11,66,115,53,2,3,41
1149,Election_Day,873,192,21.99,48,73,32,4,1,34
1149,VBM,873,274,31.39,72,98,52,2,1,49
1151,Election_Day,0,0,0,,,,,,
1151,VBM,0,0,0,,,,,,
1152,Election_Day,826,154,18.64,38,65,30,,,21
1152,VBM,826,280,33.9,81,113,41,1,6,38
1153,Election_Day,886,163,18.4,37,53,37,1,,35
1153,VBM,886,287,32.39,81,110,49,1,1,45
1154,Election_Day,0,0,0,,,,,,
1154,VBM,0,0,0,,,,,,
7001,Election_Day,647,143,22.1,23,57,21,,,42
7001,VBM,647,209,32.3,63,73,28,1,,44
7002,Election_Day,934,177,18.95,28,76,26,2,,45
7002,VBM,934,303,32.44,74,130,24,3,1,71
7003,Election_Day,850,216,25.41,50,90,31,1,,44
7003,VBM,850,341,40.12,101,121,41,,2,76
7004,Election_Day,823,196,23.82,38,61,28,3,,66
7004,VBM,823,312,37.91,76,100,34,2,1,99
7005,Election_Day,810,243,30,61,83,31,,,68
7005,VBM,810,262,32.35,85,83,41,,,53
7006,Election_Day,900,235,26.11,35,121,21,,,58
7006,VBM,900,301,33.44,68,135,42,1,,55
7007,Election_Day,938,274,29.21,59,95,46,1,,73
7007,VBM,938,343,36.57,68,137,52,,,86
7008,Election_Day,819,213,26.01,59,60,29,2,,63
7008,VBM,819,357,43.59,122,96,40,1,1,97
7009,Election_Day,873,178,20.39,35,65,35,1,,42
7009,VBM,873,315,36.08,99,113,37,1,,65
7011,Election_Day,990,170,17.17,40,58,28,3,,41
7011,VBM,990,215,21.72,76,60,25,1,,53
7012,Election_Day,937,251,26.79,66,84,36,1,,64
7012,VBM,937,341,36.39,97,99,60,,1,84
7013,Election_Day,670,128,19.1,26,46,21,,,35
7013,VBM,670,255,38.06,61,101,31,1,2,59
7014,Election_Day,971,241,24.82,46,96,29,1,,69
7014,VBM,971,329,33.88,89,119,44,1,,76
7015,Election_Day,91,3,3.3,,1,1,,,1
7015,VBM,91,47,51.65,11,16,10,,,10
7016,Election_Day,885,122,13.79,23,49,18,1,,31
7016,VBM,885,223,25.2,72,82,29,,1,39
7017,Election_Day,721,81,11.23,26,21,8,,1,25
7017,VBM,721,150,20.8,66,37,25,1,,21
7018,Election_Day,904,106,11.73,48,30,8,1,,19
7018,VBM,904,305,33.74,114,124,20,2,,45
7019,Election_Day,883,136,15.4,42,46,18,3,,27
7019,VBM,883,319,36.13,126,111,28,3,1,50
7021,Election_Day,910,141,15.49,36,48,25,1,1,30
7021,VBM,910,235,25.82,83,74,32,3,1,42
7022,Election_Day,969,157,16.2,45,50,23,3,1,35
7022,VBM,969,245,25.28,78,92,35,3,2,35
7023,Election_Day,878,134,15.26,44,38,23,2,,27
7023,VBM,878,253,28.82,104,58,28,1,2,60
7024,Election_Day,290,21,7.24,4,7,3,,,7
7024,VBM,290,23,7.93,10,4,4,,,5
7025,Election_Day,460,61,13.26,16,21,6,,,18
7025,VBM,460,82,17.83,18,30,15,1,,18
7026,Election_Day,927,108,11.65,26,48,16,1,,17
7026,VBM,927,334,36.03,104,161,23,2,1,43
7027,Election_Day,823,143,17.38,56,37,16,2,,32
7027,VBM,823,242,29.4,77,94,33,2,3,33
7028,Election_Day,838,146,17.42,61,35,24,3,,23
7028,VBM,838,178,21.24,73,57,21,1,,26
7029,Election_Day,853,102,11.96,36,34,13,,,19
7029,VBM,853,149,17.47,61,47,19,,,22
7030,Election_Day,727,80,11,23,40,5,,,12
7030,VBM,727,234,32.19,49,114,20,1,1,49
7031,Election_Day,412,39,9.47,6,17,6,,1,9
7031,VBM,412,179,43.45,51,66,26,,1,35
7032,Election_Day,857,131,15.29,46,37,18,,,30
7032,VBM,857,232,27.07,96,71,29,2,,34
7033,Election_Day,767,150,19.56,43,39,25,1,,42
7033,VBM,767,158,20.6,64,47,26,1,1,19
7034,Election_Day,875,94,10.74,36,22,13,,,23
7034,VBM,875,143,16.34,67,41,15,2,,18
7035,Election_Day,386,71,18.39,18,19,9,2,,23
7035,VBM,386,113,29.27,35,34,15,2,,27
7036,Election_Day,862,92,10.67,27,34,14,,1,16
7036,VBM,862,233,27.03,71,96,32,,2,32
7037,Election_Day,762,83,10.89,26,20,8,,1,28
7037,VBM,762,70,9.19,22,21,14,,,13
7038,Election_Day,874,90,10.3,41,23,8,,,18
7038,VBM,874,242,27.69,66,109,31,2,,34
7039,Election_Day,764,168,21.99,56,56,27,2,,27
7039,VBM,764,194,25.39,49,93,16,,1,35
7041,Election_Day,55,3,5.45,,1,,,,2
7041,VBM,55,20,36.36,6,6,6,,1,1
7042,Election_Day,627,100,15.95,32,32,9,3,,24
7042,VBM,627,202,32.22,82,69,21,1,,29
7043,Election_Day,884,111,12.56,25,41,25,2,,18
7043,VBM,884,257,29.07,93,95,27,,1,41
7044,Election_Day,785,85,10.83,33,16,12,,1,23
7044,VBM,785,104,13.25,35,39,17,,,13
7045,Election_Day,736,99,13.45,30,39,14,,,16
7045,VBM,736,242,32.88,66,117,13,,1,45
7046,Election_Day,416,61,14.66,19,28,10,,,4
7046,VBM,416,139,33.41,52,52,17,1,1,16
7047,Election_Day,783,98,12.52,23,39,16,,,20
7047,VBM,783,282,36.02,91,112,38,3,2,36
7048,Election_Day,793,106,13.37,46,26,13,1,,20
7048,VBM,793,210,26.48,65,93,19,2,2,29
7049,Election_Day,778,105,13.5,40,44,9,1,,11
7049,VBM,778,218,28.02,70,87,32,,,29
7051,Election_Day,839,80,9.54,15,38,12,,,15
7051,VBM,839,297,35.4,67,172,25,1,1,31
7052,Election_Day,813,126,15.5,41,38,20,,,27
7052,VBM,813,266,32.72,93,117,16,,1,39
7053,Election_Day,446,40,8.97,4,24,8,,,4
7053,VBM,446,170,38.12,63,66,13,1,,27
7054,Election_Day,949,179,18.86,55,67,23,4,,30
7054,VBM,949,252,26.55,86,80,43,,,43
7101,Election_Day,135,9,6.67,1,2,2,,,4
7101,VBM,135,81,60,25,33,12,,,11
7201,Election_Day,874,170,19.45,45,46,31,,1,47
7201,VBM,874,322,36.84,88,97,38,1,,98
7202,Election_Day,783,180,22.99,55,49,18,1,,57
7202,VBM,783,258,32.95,97,66,25,,,70
7203,Election_Day,806,209,25.93,53,64,28,1,,63
7203,VBM,806,229,28.41,70,82,23,1,1,52
7204,Election_Day,811,155,19.11,41,50,28,,,36
7204,VBM,811,332,40.94,116,98,43,,1,74
7205,Election_Day,826,162,19.61,48,56,14,,,44
7205,VBM,826,288,34.87,94,71,42,,3,78
7206,Election_Day,339,89,26.25,26,31,13,1,,18
7206,VBM,339,106,31.27,26,26,19,,1,34
7207,Election_Day,584,115,19.69,33,36,15,,,31
7207,VBM,584,191,32.71,66,61,18,,,46
7208,Election_Day,565,117,20.71,15,53,18,5,,26
7208,VBM,565,199,35.22,57,62,30,1,2,47
7209,Election_Day,529,67,12.67,10,29,14,,,14
7209,VBM,529,288,54.44,91,75,40,1,,81
7301,Election_Day,953,142,14.9,35,42,31,5,1,28
7301,VBM,953,321,33.68,72,142,32,1,1,73
7302,Election_Day,773,138,17.85,41,46,17,,,34
7302,VBM,773,358,46.31,132,106,45,2,,73
7303,Election_Day,914,205,22.43,46,74,29,1,1,54
7303,VBM,914,294,32.17,64,127,34,2,,67
7304,Election_Day,924,199,21.54,43,70,25,,,61
7304,VBM,924,317,34.31,92,116,34,6,,69
7305,Election_Day,825,215,26.06,60,65,20,1,,69
7305,VBM,825,302,36.61,95,63,42,2,,100
7306,Election_Day,936,181,19.34,34,69,24,1,,53
7306,VBM,936,308,32.91,87,115,41,3,,62
7307,Election_Day,717,167,23.29,32,73,26,1,,35
7307,VBM,717,231,32.22,52,92,32,1,,54
7308,Election_Day,588,171,29.08,33,71,22,2,,43
7308,VBM,588,209,35.54,62,73,26,,,48
7309,Election_Day,775,198,25.55,49,68,30,,,51
7309,VBM,775,222,28.65,72,53,31,,2,64
7311,Election_Day,875,214,24.46,55,79,28,1,,51
7311,VBM,875,268,30.63,88,88,38,1,,53
7312,Election_Day,806,156,19.35,47,55,21,,,33
7312,VBM,806,345,42.8,101,90,47,,,107
7313,Election_Day,879,155,17.63,27,61,25,3,,39
7313,VBM,879,308,35.04,77,122,39,1,2,67
7314,Election_Day,739,92,12.45,8,46,17,2,,19
7314,VBM,739,225,30.45,37,132,26,1,1,28
7315,Election_Day,695,165,23.74,20,76,29,,,40
7315,VBM,695,193,27.77,47,86,27,2,1,30
7316,Election_Day,823,142,17.25,17,64,26,,,35
7316,VBM,823,283,34.39,51,137,35,2,,58
7317,Election_Day,885,159,17.97,25,77,20,1,1,35
7317,VBM,885,343,38.76,119,112,43,2,,67
7318,Election_Day,700,154,22,37,57,16,1,,43
7318,VBM,700,247,35.29,46,123,37,1,1,39
7319,Election_Day,983,193,19.63,36,71,28,,,58
7319,VBM,983,293,29.81,73,111,32,2,1,74
7321,Election_Day,620,88,14.19,18,42,6,1,2,19
7321,VBM,620,207,33.39,55,104,18,1,,29
7322,Election_Day,868,66,7.6,5,32,9,3,1,16
7322,VBM,868,277,31.91,31,200,17,3,1,25
7323,Election_Day,804,187,23.26,40,65,31,,1,50
7323,VBM,804,237,29.48,63,93,27,1,1,52
7324,Election_Day,657,130,19.79,14,62,14,1,,39
7324,VBM,657,207,31.51,46,95,24,,1,41
7325,Election_Day,870,159,18.28,36,52,24,2,,45
7325,VBM,870,272,31.26,64,107,30,2,,69
7326,Election_Day,808,173,21.41,35,69,18,2,,49
7326,VBM,808,247,30.57,43,118,30,,,56
7327,Election_Day,701,58,8.27,7,34,6,,,11
7327,VBM,701,266,37.95,38,171,27,1,1,28
7328,Election_Day,936,79,8.44,14,41,12,,,12
7328,VBM,936,362,38.68,53,232,27,3,1,46
7329,Election_Day,543,76,14,21,22,13,1,,19
7329,VBM,543,201,37.02,58,83,22,,,38
7331,Election_Day,831,181,21.78,52,50,21,2,,56
7331,VBM,831,343,41.28,118,101,41,1,,82
7332,Election_Day,782,188,24.04,37,76,27,1,,47
7332,VBM,782,241,30.82,59,101,28,,,53
7333,Election_Day,936,228,24.36,44,75,42,4,,63
7333,VBM,936,273,29.17,63,106,21,3,,80
7334,Election_Day,833,173,20.77,38,59,20,3,,53
7334,VBM,833,277,33.25,54,112,42,1,1,67
7335,Election_Day,883,166,18.8,36,61,23,2,,44
7335,VBM,883,336,38.05,91,104,41,1,1,98
7336,Election_Day,879,188,21.39,43,57,27,1,,60
7336,VBM,879,334,38,122,87,43,2,1,79
7337,Election_Day,829,141,17.01,27,57,21,1,,35
7337,VBM,829,339,40.89,89,128,43,1,1,77
7338,Election_Day,912,120,13.16,30,45,11,,1,33
7338,VBM,912,346,37.94,85,176,31,1,4,49
7339,Election_Day,585,142,24.27,29,47,30,3,,33
7339,VBM,585,169,28.89,49,64,24,,1,31
7341,Election_Day,868,192,22.12,48,57,32,1,1,53
7341,VBM,868,239,27.53,74,84,27,,,54
7342,Election_Day,908,269,29.63,59,112,37,2,2,57
7342,VBM,908,252,27.75,62,88,46,1,,55
7343,Election_Day,647,176,27.2,28,74,23,2,,49
7343,VBM,647,176,27.2,47,61,27,1,,40
7344,Election_Day,1024,210,20.51,51,66,40,4,,49
7344,VBM,1024,356,34.77,110,115,58,,,73
7345,Election_Day,1006,238,23.66,44,91,42,3,1,57
7345,VBM,1006,314,31.21,69,96,68,1,2,78
7346,Election_Day,869,217,24.97,45,87,30,1,1,53
7346,VBM,869,234,26.93,63,78,38,,,55
7347,Election_Day,954,200,20.96,30,90,29,4,,47
7347,VBM,954,311,32.6,66,118,54,3,2,68
7348,Election_Day,808,143,17.7,36,59,21,,,27
7348,VBM,808,229,28.34,56,88,35,1,,49
7349,Election_Day,893,186,20.83,41,59,32,3,,51
7349,VBM,893,297,33.26,87,96,53,,,61
7501,Election_Day,523,142,27.15,45,46,14,1,,36
7501,VBM,523,161,30.78,59,42,15,1,,44
7502,Election_Day,735,159,21.63,33,60,20,2,,44
7502,VBM,735,259,35.24,71,89,31,1,1,66
7503,Election_Day,706,156,22.1,39,56,20,1,,40
7503,VBM,706,213,30.17,59,73,33,2,1,45
7504,Election_Day,454,98,21.59,20,48,4,,1,25
7504,VBM,454,141,31.06,44,53,16,1,,27
7505,Election_Day,853,148,17.35,33,53,18,,,44
7505,VBM,853,426,49.94,136,126,52,1,4,107
7506,Election_Day,908,202,22.25,41,80,22,,,59
7506,VBM,908,263,28.96,75,90,39,,2,57
7507,Election_Day,927,152,16.4,37,64,22,,,29
7507,VBM,927,263,28.37,66,129,38,,1,29
7508,Election_Day,683,122,17.86,33,38,16,1,1,33
7508,VBM,683,304,44.51,75,126,34,,,69
7509-7511,Election_Day,896,195,21.76,47,75,26,2,,45
7509-7511,VBM,896,323,36.05,102,113,37,2,,69
7512,Election_Day,579,100,17.27,28,26,14,,,32
7512,VBM,579,217,37.48,80,63,24,,3,47
7513,Election_Day,735,172,23.4,32,64,16,,3,57
7513,VBM,735,183,24.9,49,63,26,,3,42
7514,Election_Day,803,92,11.46,26,28,10,2,1,25
7514,VBM,803,194,24.16,74,60,30,1,2,27
7515,Election_Day,826,158,19.13,46,54,22,2,,34
7515,VBM,826,278,33.66,101,79,37,4,2,55
7516,Election_Day,805,160,19.88,65,48,14,1,,32
7516,VBM,805,361,44.84,93,136,53,2,1,76
7517,Election_Day,877,260,29.65,54,108,39,,,59
7517,VBM,877,283,32.27,78,100,37,2,,66
7518,Election_Day,905,292,32.27,58,122,35,,,77
7518,VBM,905,291,32.15,70,112,28,1,,80
7519,Election_Day,741,228,30.77,28,114,26,,,60
7519,VBM,741,206,27.8,42,73,32,1,,58
7521,Election_Day,773,236,30.53,41,88,36,1,,70
7521,VBM,773,230,29.75,40,97,29,,1,63
7522,Election_Day,801,240,29.96,31,106,23,2,,78
7522,VBM,801,266,33.21,53,117,22,,1,73
7523,Election_Day,743,256,34.45,46,123,28,7,,52
7523,VBM,743,205,27.59,43,77,28,,1,56
7524,Election_Day,638,173,27.12,38,64,19,2,1,49
7524,VBM,638,183,28.68,37,86,23,1,,36
7525,Election_Day,800,168,21,29,62,18,1,,58
7525,VBM,800,224,28,44,81,41,2,,56
7526,Election_Day,890,212,23.82,32,95,21,,,64
7526,VBM,890,340,38.2,88,123,39,1,1,88
7527-7528,Election_Day,714,191,26.75,30,93,18,3,,47
7527-7528,VBM,714,216,30.25,45,102,22,2,1,44
7529,Election_Day,896,256,28.57,46,112,34,1,,63
7529,VBM,896,286,31.92,74,108,39,2,,63
7531,Election_Day,879,246,27.99,40,115,26,1,,64
7531,VBM,879,258,29.35,38,122,26,,,72
7532,Election_Day,795,212,26.67,49,78,30,1,,54
7532,VBM,795,252,31.7,71,83,33,1,3,61
7533,Election_Day,927,331,35.71,44,155,50,1,,81
7533,VBM,927,282,30.42,43,137,34,1,,67
7534,Election_Day,882,278,31.52,46,137,24,1,,70
7534,VBM,882,276,31.29,68,95,38,1,,74
7535,Election_Day,761,245,32.19,33,112,38,1,,61
7535,VBM,761,248,32.59,40,115,43,2,2,46
7536,Election_Day,804,257,31.97,41,102,43,,,71
7536,VBM,804,284,35.32,72,114,27,1,,70
7537,Election_Day,737,218,29.58,39,99,29,1,,50
7537,VBM,737,237,32.16,48,95,42,3,,49
7538,Election_Day,774,239,30.88,38,117,28,,,56
7538,VBM,774,267,34.5,66,105,38,,1,57
7539,Election_Day,891,310,34.79,60,144,35,3,,68
7539,VBM,891,255,28.62,57,113,31,,,54
7541,Election_Day,792,216,27.27,33,106,31,3,,43
7541,VBM,792,265,33.46,58,103,26,,1,77
7542,Election_Day,844,259,30.69,42,120,33,,,64
7542,VBM,844,244,28.91,56,108,29,,,51
7543,Election_Day,886,199,22.46,38,93,18,1,,49
7543,VBM,886,322,36.34,91,104,49,,,78
7544,Election_Day,856,214,25,42,85,32,1,,54
7544,VBM,856,305,35.63,71,119,51,2,,62
7545,Election_Day,851,210,24.68,32,99,23,,,56
7545,VBM,851,295,34.67,80,104,39,2,1,69
7546,Election_Day,857,289,33.72,57,123,42,1,,66
7546,VBM,857,274,31.97,67,106,40,,,61
7547,Election_Day,969,282,29.1,45,122,38,4,,73
7547,VBM,969,314,32.4,64,126,50,2,1,71
7548,Election_Day,1029,270,26.24,58,106,33,2,,71
7548,VBM,1029,366,35.57,74,143,56,1,1,91
7549,Election_Day,789,214,27.12,34,94,27,1,1,57
7549,VBM,789,266,33.71,53,120,29,2,2,60
7551,Election_Day,682,219,32.11,38,95,32,2,,52
7551,VBM,682,221,32.4,42,92,29,2,,56
7552,Election_Day,702,203,28.92,48,80,18,2,,55
7552,VBM,702,229,32.62,57,81,34,2,1,54
7553,Election_Day,166,3,1.81,,3,,,,
7553,VBM,166,89,53.61,32,38,6,1,,12
7554,Election_Day,808,228,28.22,50,77,26,,,75
7554,VBM,808,311,38.49,89,100,40,2,,80
7555,Election_Day,848,253,29.83,65,101,24,,,63
7555,VBM,848,313,36.91,81,105,51,,,76
7556-7557,Election_Day,955,268,28.06,61,91,37,1,1,77
7556-7557,VBM,955,367,38.43,100,126,59,1,,81
7601,Election_Day,828,150,18.12,37,52,20,1,,40
7601,VBM,828,184,22.22,51,70,30,,,33
7602,Election_Day,884,183,20.7,39,74,33,,,37
7602,VBM,884,256,28.96,47,104,55,,1,49
7603,Election_Day,791,187,23.64,29,76,37,3,,42
7603,VBM,791,238,30.09,44,100,46,,1,47
7604,Election_Day,841,186,22.12,46,72,23,3,,42
7604,VBM,841,243,28.89,69,78,51,2,2,41
7605,Election_Day,693,122,17.6,18,36,25,1,,42
7605,VBM,693,161,23.23,39,64,25,,1,32
7606,Election_Day,881,137,15.55,23,61,22,,1,30
7606,VBM,881,230,26.11,61,74,47,,3,45
7607,Election_Day,942,189,20.06,44,71,26,1,1,46
7607,VBM,942,273,28.98,72,93,53,,2,53
7608,Election_Day,417,51,12.23,8,22,8,,,13
7608,VBM,417,108,25.9,21,48,22,,2,15
7609,Election_Day,917,83,9.05,28,24,10,1,,20
7609,VBM,917,291,31.73,81,135,41,3,4,27
7611,Election_Day,793,94,11.85,17,27,18,2,1,29
7611,VBM,793,223,28.12,47,81,31,1,,63
7612,Election_Day,579,84,14.51,22,31,11,,,20
7612,VBM,579,167,28.84,42,76,16,,1,32
7613,Election_Day,917,156,17.01,43,57,20,2,,34
7613,VBM,917,248,27.04,60,99,41,3,3,42
7614,Election_Day,1046,171,16.35,39,54,34,2,2,40
7614,VBM,1046,284,27.15,74,92,59,2,3,54
7615,Election_Day,996,112,11.24,30,35,20,2,1,24
7615,VBM,996,203,20.38,59,86,29,2,1,26
7616,Election_Day,713,120,16.83,25,43,20,1,,31
7616,VBM,713,278,38.99,75,85,46,2,,70
7617,Election_Day,801,95,11.86,20,27,22,1,2,23
7617,VBM,801,240,29.96,66,87,42,,2,43
7618,Election_Day,847,156,18.42,33,75,20,,,28
7618,VBM,847,291,34.36,98,107,40,1,1,44
7619,Election_Day,1473,258,17.52,56,99,44,1,,58
7619,VBM,1473,468,31.77,126,179,68,4,3,88
7621,Election_Day,912,162,17.76,24,74,24,,,40
7621,VBM,912,310,33.99,86,116,53,1,1,53
7622,Election_Day,901,114,12.65,25,43,18,1,,27
7622,VBM,901,198,21.98,49,66,33,,4,46
7623,Election_Day,759,121,15.94,23,54,16,1,,27
7623,VBM,759,193,25.43,55,69,31,3,,35
7624,Election_Day,957,105,10.97,31,38,20,1,,15
7624,VBM,957,211,22.05,50,69,49,,3,40
7625,Election_Day,853,64,7.5,15,25,12,,,12
7625,VBM,853,396,46.42,89,209,35,1,2,60
7626,Election_Day,953,158,16.58,39,55,20,,,44
7626,VBM,953,356,37.36,111,103,43,3,,96
7627,Election_Day,1123,182,16.21,46,60,30,,,46
7627,VBM,1123,374,33.3,101,117,55,2,1,98
7628,Election_Day,913,180,19.72,42,60,23,3,,52
7628,VBM,913,307,33.63,80,113,43,5,,66
7629,Election_Day,756,146,19.31,25,63,19,,,39
7629,VBM,756,199,26.32,62,69,28,3,,37
7631,Election_Day,931,182,19.55,33,64,27,1,,57
7631,VBM,931,315,33.83,98,108,47,1,2,59
7632,Election_Day,642,146,22.74,28,56,28,1,1,32
7632,VBM,642,198,30.84,45,63,26,,,64
7633,Election_Day,638,122,19.12,29,43,25,2,,23
7633,VBM,638,233,36.52,54,119,20,,,40
7634,Election_Day,901,149,16.54,35,59,19,,,36
7634,VBM,901,312,34.63,85,109,46,1,4,67
7635,Election_Day,707,123,17.4,28,45,14,,1,35
7635,VBM,707,235,33.24,61,86,28,,,60
7636,Election_Day,840,174,20.71,42,64,25,3,,40
7636,VBM,840,265,31.55,75,96,30,1,,63
7637,Election_Day,1075,170,15.81,33,53,30,3,1,50
7637,VBM,1075,397,36.93,118,123,55,1,1,99
7638,Election_Day,999,132,13.21,41,41,12,,,38
7638,VBM,999,402,40.24,133,117,60,3,,89
7639,Election_Day,868,159,18.32,38,43,19,1,,58
7639,VBM,868,274,31.57,72,97,37,2,1,65
7641,Election_Day,881,147,16.69,40,49,17,,,41
7641,VBM,881,330,37.46,108,113,32,,,77
7642,Election_Day,879,143,16.27,23,42,16,1,1,60
7642,VBM,879,397,45.16,89,111,48,4,1,144
7643,Election_Day,860,125,14.53,32,46,12,2,,33
7643,VBM,860,339,39.42,77,142,54,4,,62
7644,Election_Day,918,190,20.7,41,57,30,2,1,59
7644,VBM,918,275,29.96,58,104,20,3,1,89
7645,Election_Day,607,88,14.5,16,23,21,,,28
7645,VBM,607,270,44.48,98,61,38,1,,72
7646,Election_Day,1601,274,17.11,37,103,53,7,,74
7646,VBM,1601,574,35.85,148,186,89,1,,150
7647,Election_Day,861,167,19.4,32,76,26,1,,32
7647,VBM,861,169,19.63,38,70,39,,,22
7648,Election_Day,7,0,0,,,,,,
7648,VBM,7,2,28.57,1,1,,,,
7701,Election_Day,938,290,30.92,66,102,44,4,,74
7701,VBM,938,328,34.97,104,114,45,1,,64
7702,Election_Day,752,161,21.41,53,56,17,1,,34
7702,VBM,752,323,42.95,137,87,30,,,69
7703,Election_Day,137,2,1.46,,,,,,2
7703,VBM,137,55,40.15,16,15,7,,1,16
7704,Election_Day,943,239,25.34,73,93,27,1,,45
7704,VBM,943,393,41.68,148,122,33,2,1,87
7705,Election_Day,536,148,27.61,37,50,17,,,44
7705,VBM,536,228,42.54,90,69,24,,,45
7706,Election_Day,813,220,27.06,74,72,31,1,,42
7706,VBM,813,356,43.79,135,83,42,2,,94
7707,Election_Day,817,215,26.32,69,78,25,2,,41
7707,VBM,817,348,42.59,117,116,43,,,72
7708,Election_Day,853,181,21.22,54,54,23,2,,48
7708,VBM,853,365,42.79,141,110,49,2,1,62
7709,Election_Day,359,97,27.02,17,41,20,,,19
7709,VBM,359,180,50.14,56,67,25,,,32
7711,Election_Day,763,188,24.64,56,65,24,1,,42
7711,VBM,763,310,40.63,92,106,42,1,1,68
7712,Election_Day,543,142,26.15,22,66,27,1,,26
7712,VBM,543,223,41.07,67,82,29,2,,43
7801,Election_Day,928,266,28.66,73,101,23,2,,67
7801,VBM,928,394,42.46,140,116,48,,,90
7802,Election_Day,732,223,30.46,56,90,23,,,54
7802,VBM,732,285,38.93,93,83,29,,,80
7803,Election_Day,775,172,22.19,38,61,16,1,,56
7803,VBM,775,403,52,155,110,49,1,,88
7804,Election_Day,881,261,29.63,72,72,41,2,,74
7804,VBM,881,368,41.77,131,112,38,,,87
7805,Election_Day,795,207,26.04,43,89,25,1,,49
7805,VBM,795,331,41.64,95,97,53,1,1,84
7806,Election_Day,727,205,28.2,46,70,31,1,,57
7806,VBM,727,267,36.73,69,108,28,,1,61
7807,Election_Day,729,243,33.33,70,105,20,2,,46
7807,VBM,729,229,31.41,59,82,35,1,,52
7808,Election_Day,653,218,33.38,48,92,30,1,,47
7808,VBM,653,217,33.23,68,77,25,1,,46
7809,Election_Day,978,265,27.1,58,103,39,1,,64
7809,VBM,978,357,36.5,90,135,55,,,77
7811,Election_Day,731,207,28.32,35,97,28,,,47
7811,VBM,731,235,32.15,61,94,33,1,2,44
7812,Election_Day,819,229,27.96,47,93,39,,1,49
7812,VBM,819,294,35.9,76,126,29,4,1,58
7813,Election_Day,982,306,31.16,49,135,44,3,,75
7813,VBM,982,367,37.37,88,157,45,2,,75
7814,Election_Day,835,177,21.2,35,74,25,2,,41
7814,VBM,835,209,25.03,50,88,28,1,3,39
7815,Election_Day,890,226,25.39,64,65,28,2,,67
7815,VBM,890,392,44.04,117,123,62,1,,89
7816,Election_Day,837,236,28.2,63,82,30,,,61
7816,VBM,837,396,47.31,142,124,48,,,82
7817,Election_Day,781,268,34.31,55,113,36,3,,61
7817,VBM,781,301,38.54,81,111,46,,,63
7818,Election_Day,828,235,28.38,50,100,35,,,50
7818,VBM,828,323,39.01,83,126,41,,,73
7819,Election_Day,762,213,27.95,39,98,25,1,,50
7819,VBM,762,270,35.43,79,95,36,1,,59
7821,Election_Day,918,254,27.67,66,99,37,,,52
7821,VBM,918,399,43.46,145,127,47,1,,79
7822,Election_Day,873,277,31.73,73,108,35,2,,59
7822,VBM,873,300,34.36,113,87,45,2,,53
7823,Election_Day,854,253,29.63,50,104,36,,1,62
7823,VBM,854,321,37.59,103,99,49,,,70
7824,Election_Day,748,213,28.48,49,77,27,1,,59
7824,VBM,748,269,35.96,71,81,38,1,,78
7825,Election_Day,547,174,31.81,41,80,24,1,,28
7825,VBM,547,193,35.28,46,83,27,1,,36
7826,Election_Day,672,214,31.85,48,91,24,,,51
7826,VBM,672,251,37.35,40,122,29,,,60
7827,Election_Day,890,249,27.98,38,122,30,2,,57
7827,VBM,890,270,30.34,47,137,36,1,2,47
7828,Election_Day,935,238,25.45,58,85,34,1,,60
7828,VBM,935,397,42.46,118,138,38,1,2,100
7829,Election_Day,845,217,25.68,56,77,30,,1,53
7829,VBM,845,385,45.56,138,109,54,,,84
7831,Election_Day,878,255,29.04,77,89,27,1,,61
7831,VBM,878,364,41.46,142,104,55,1,,62
7832,Election_Day,782,221,28.26,54,95,38,,,34
7832,VBM,782,348,44.5,109,124,45,2,,68
7833,Election_Day,753,192,25.5,32,81,21,,,58
7833,VBM,753,281,37.32,58,112,32,,,79
7834,Election_Day,852,279,32.75,43,115,44,,,77
7834,VBM,852,267,31.34,54,101,43,1,2,66
7835,Election_Day,787,217,27.57,46,82,42,2,,45
7835,VBM,787,321,40.79,114,104,51,,1,51
7836,Election_Day,948,247,26.05,56,85,42,1,,63
7836,VBM,948,403,42.51,152,118,53,2,1,77
7837,Election_Day,868,247,28.46,56,88,25,,,78
7837,VBM,868,358,41.24,123,86,44,2,1,102
7838,Election_Day,895,227,25.36,71,79,24,1,,52
7838,VBM,895,424,47.37,149,107,55,2,,111
7839,Election_Day,824,218,26.46,61,69,18,,,70
7839,VBM,824,359,43.57,108,104,48,1,,98
7841,Election_Day,904,271,29.98,58,111,34,1,,67
7841,VBM,904,361,39.93,119,97,56,1,,88
7842,Election_Day,864,292,33.8,57,124,47,1,,63
7842,VBM,864,292,33.8,65,121,44,2,,60
7843,Election_Day,733,228,31.11,36,106,32,3,,51
7843,VBM,733,231,31.51,64,95,33,,,39
7844,Election_Day,653,199,30.47,30,99,23,1,,46
7844,VBM,653,216,33.08,48,92,29,2,1,44
7845,Election_Day,835,235,28.14,54,66,39,6,,70
7845,VBM,835,319,38.2,90,85,55,,,89
7846,Election_Day,886,248,27.99,53,90,27,1,,77
7846,VBM,886,326,36.79,108,102,34,1,,81
7847,Election_Day,888,254,28.6,68,100,30,2,,54
7847,VBM,888,328,36.94,97,91,54,,3,83
7848,Election_Day,860,246,28.6,52,93,29,1,,71
7848,VBM,860,351,40.81,94,112,51,1,,93
7849,Election_Day,920,290,31.52,67,124,37,,,62
7849,VBM,920,326,35.43,74,114,47,2,,89
7851,Election_Day,502,114,22.71,33,44,13,1,,23
7851,VBM,502,230,45.82,76,87,19,1,1,46
7852,Election_Day,633,153,24.17,38,53,25,,,37
7852,VBM,633,268,42.34,81,87,36,3,,61
7853,Election_Day,817,213,26.07,73,59,34,2,,45
7853,VBM,817,319,39.05,113,91,42,1,,72
7854,Election_Day,884,248,28.05,72,97,34,,1,44
7854,VBM,884,339,38.35,94,104,45,2,,94
7855,Election_Day,881,282,32.01,60,121,44,,,57
7855,VBM,881,323,36.66,109,92,34,,1,87
7856,Election_Day,785,231,29.43,45,92,24,1,,69
7856,VBM,785,312,39.75,70,127,46,1,,68
7857,Election_Day,919,232,25.24,34,123,27,2,,46
7857,VBM,919,362,39.39,87,134,62,,1,78
7858,Election_Day,750,240,32,45,105,31,3,,56
7858,VBM,750,240,32,49,93,53,2,,43
7859,Election_Day,844,226,26.78,66,72,28,4,,56
7859,VBM,844,346,41,121,98,41,1,1,84
7861,Election_Day,844,240,28.44,49,108,24,1,,58
7861,VBM,844,315,37.32,90,93,47,1,1,83
7862,Election_Day,884,265,29.98,73,91,36,,,65
7862,VBM,884,320,36.2,98,92,51,2,1,76
7863,Election_Day,879,279,31.74,60,119,42,2,,56
7863,VBM,879,288,32.76,69,98,53,2,,66
7864,Election_Day,769,214,27.83,38,99,34,,,43
7864,VBM,769,266,34.59,70,94,43,,,59
7865,Election_Day,814,258,31.7,53,98,39,2,,66
7865,VBM,814,300,36.86,81,86,49,1,1,82
7866,Election_Day,786,196,24.94,67,59,23,2,,45
7866,VBM,786,361,45.93,113,131,43,2,,72
7867,Election_Day,892,251,28.14,67,92,39,1,,52
7867,VBM,892,340,38.12,106,110,50,1,1,72
7868,Election_Day,835,212,25.39,78,57,36,1,,40
7868,VBM,835,331,39.64,116,106,59,1,3,46
7869,Election_Day,832,248,29.81,51,94,31,1,,71
7869,VBM,832,361,43.39,106,108,57,,1,89
7871,Election_Day,863,253,29.32,62,69,55,2,1,64
7871,VBM,863,355,41.14,120,119,47,,,69
7872,Election_Day,876,284,32.42,61,111,49,1,,62
7872,VBM,876,345,39.38,72,127,55,1,,90
7873,Election_Day,847,249,29.4,56,88,39,2,1,63
7873,VBM,847,345,40.73,112,96,58,,1,78
7874,Election_Day,461,127,27.55,21,47,25,1,,33
7874,VBM,461,167,36.23,58,47,25,1,,36
7875,Election_Day,580,108,18.62,24,38,19,1,,26
7875,VBM,580,219,37.76,48,86,37,1,1,46
7901,Election_Day,1134,281,24.78,41,125,44,3,1,67
7901,VBM,1134,312,27.51,61,127,66,2,,56
7902,Election_Day,935,254,27.17,36,122,47,3,,46
7902,VBM,935,243,25.99,55,93,50,1,,44
7903,Election_Day,848,186,21.93,30,61,44,1,,50
7903,VBM,848,240,28.3,72,83,40,1,,44
7904,Election_Day,861,176,20.44,24,81,27,1,2,41
7904,VBM,861,269,31.24,60,112,44,,2,51
7905,Election_Day,821,225,27.41,40,98,29,1,,57
7905,VBM,821,261,31.79,78,85,44,,2,52
7906,Election_Day,778,229,29.43,35,99,46,,,49
7906,VBM,778,234,30.08,37,100,45,,1,51
7907,Election_Day,925,258,27.89,45,111,43,,,59
7907,VBM,925,289,31.24,42,125,53,2,,67
7908,Election_Day,935,249,26.63,40,109,49,,,51
7908,VBM,935,271,28.98,52,108,52,2,5,52
7909,Election_Day,735,217,29.52,22,109,33,,,53
7909,VBM,735,204,27.76,45,79,46,,,34
7911,Election_Day,849,238,28.03,52,90,38,3,,55
7911,VBM,849,277,32.63,52,100,59,,,66
7912,Election_Day,1004,263,26.2,39,109,43,2,,70
7912,VBM,1004,306,30.48,69,129,38,,,70
7913,Election_Day,890,293,32.92,52,110,60,3,,68
7913,VBM,890,252,28.31,60,106,49,2,,35
7914,Election_Day,859,265,30.85,47,111,42,2,,63
7914,VBM,859,270,31.43,39,116,55,,2,58
7915,Election_Day,784,239,30.48,37,125,38,,,39
7915,VBM,784,195,24.87,48,76,41,1,,29
7916,Election_Day,867,257,29.64,49,110,40,2,,56
7916,VBM,867,268,30.91,64,106,55,1,,42
7917,Election_Day,1003,296,29.51,42,137,59,1,2,55
7917,VBM,1003,286,28.51,50,126,67,1,,42
7918,Election_Day,807,244,30.24,32,102,52,5,,53
7918,VBM,807,238,29.49,43,95,52,1,2,45
7919,Election_Day,858,270,31.47,46,110,55,1,3,55
7919,VBM,858,226,26.34,35,112,30,5,,44
7921,Election_Day,893,229,25.64,31,94,49,1,,54
7921,VBM,893,244,27.32,73,74,54,3,1,39
7922,Election_Day,836,229,27.39,36,90,46,2,2,53
7922,VBM,836,277,33.13,61,92,67,1,1,55
7923,Election_Day,877,252,28.73,32,124,41,,,55
7923,VBM,877,276,31.47,65,97,49,1,1,63
7924,Election_Day,815,226,27.73,39,103,35,3,,46
7924,VBM,815,252,30.92,61,99,55,2,,35
7925,Election_Day,551,154,27.95,27,70,31,1,,25
7925,VBM,551,194,35.21,31,68,50,1,1,43
7926,Election_Day,786,219,27.86,32,108,37,4,,38
7926,VBM,786,272,34.61,64,102,42,1,1,62
7927,Election_Day,751,247,32.89,32,121,38,5,,51
7927,VBM,751,270,35.95,64,92,52,2,,60
7928,Election_Day,907,302,33.3,54,138,48,2,,60
7928,VBM,907,315,34.73,75,107,69,2,,62
7929,Election_Day,833,227,27.25,40,94,34,2,2,55
7929,VBM,833,351,42.14,79,141,62,,,69
7931,Election_Day,737,207,28.09,53,79,23,2,,50
7931,VBM,737,325,44.1,93,110,53,1,2,66
7932,Election_Day,531,133,25.05,33,40,37,1,,22
7932,VBM,531,197,37.1,43,76,32,1,1,44
7933,Election_Day,8,0,0,,,,,,
7933,VBM,8,6,75,4,1,,,,1
7934,Election_Day,831,219,26.35,27,108,23,2,1,58
7934,VBM,831,308,37.06,78,113,62,,1,54
7935,Election_Day,907,273,30.1,39,120,40,1,,73
7935,VBM,907,344,37.93,89,135,39,4,,77
7936,Election_Day,843,266,31.55,37,126,27,1,,75
7936,VBM,843,294,34.88,75,106,52,1,,60
7937,Election_Day,870,246,28.28,44,94,47,3,,58
7937,VBM,870,313,35.98,62,117,56,2,,76
7938,Election_Day,753,213,28.29,36,83,38,6,2,48
7938,VBM,753,221,29.35,33,102,48,1,1,36
7939,Election_Day,659,230,34.9,36,101,36,2,,55
7939,VBM,659,227,34.45,42,105,37,1,,42
7941,Election_Day,761,208,27.33,39,89,42,2,,36
7941,VBM,761,273,35.87,63,106,52,1,,51
7942,Election_Day,868,217,25,41,91,39,3,,43
7942,VBM,868,272,31.34,66,105,37,1,1,62
7943,Election_Day,873,238,27.26,49,90,48,1,,50
7943,VBM,873,304,34.82,82,114,55,1,,52
7944,Election_Day,793,235,29.63,40,102,35,,,58
7944,VBM,793,247,31.15,60,92,51,,,44
7945,Election_Day,846,113,13.36,24,43,22,2,,22
7945,VBM,846,305,36.05,75,113,60,1,,56
7946,Election_Day,915,149,16.28,40,42,39,1,,27
7946,VBM,915,337,36.83,101,118,51,2,2,63
7947,Election_Day,886,156,17.61,41,44,35,2,,34
7947,VBM,886,281,31.72,60,128,57,2,,34
7948,Election_Day,875,190,21.71,47,70,35,,,38
7948,VBM,875,281,32.11,96,92,41,3,1,48
7949,Election_Day,538,80,14.87,22,27,18,,,13
7949,VBM,538,197,36.62,60,78,25,,,34
7951,Election_Day,752,117,15.56,28,35,32,,,22
7951,VBM,752,306,40.69,55,119,49,8,1,74
7952,Election_Day,778,137,17.61,42,51,26,2,,16
7952,VBM,778,257,33.03,76,122,29,1,,29
7953,Election_Day,794,156,19.65,49,46,31,1,,29
7953,VBM,794,285,35.89,80,100,46,2,2,55
7954,Election_Day,0,0,0,,,,,,
7954,VBM,0,1,0,,1,,,,
7955,Election_Day,831,143,17.21,43,45,24,2,,29
7955,VBM,831,281,33.81,59,124,42,4,2,50
7956,Election_Day,712,99,13.9,26,27,26,1,2,17
7956,VBM,712,255,35.81,83,96,36,3,1,36
7957,Election_Day,624,109,17.47,19,40,21,,,29
7957,VBM,624,202,32.37,63,70,24,1,1,43
7958,Election_Day,266,10,3.76,2,5,1,1,,1
7958,VBM,266,112,42.11,27,46,19,1,,19
9001,Election_Day,234,5,2.14,,1,1,,,3
9001,VBM,234,98,41.88,40,40,12,,,6
9101,Election_Day,840,197,23.45,47,83,24,,,43
9101,VBM,840,306,36.43,92,121,34,2,1,56
9102,Election_Day,892,214,23.99,63,84,24,1,,42
9102,VBM,892,319,35.76,104,130,30,1,,54
9103,Election_Day,909,192,21.12,54,79,14,,,45
9103,VBM,909,293,32.23,76,129,32,2,2,52
9104,Election_Day,927,204,22.01,45,90,24,3,1,41
9104,VBM,927,295,31.82,85,121,28,2,1,58
9105,Election_Day,903,225,24.92,48,76,41,1,,59
9105,VBM,903,309,34.22,92,105,32,2,,78
9106,Election_Day,892,252,28.25,62,99,32,2,,57
9106,VBM,892,333,37.33,105,124,37,,1,66
9107,Election_Day,767,197,25.68,45,89,19,,1,43
9107,VBM,767,240,31.29,55,111,22,,,52
9108,Election_Day,758,197,25.99,49,84,30,3,,31
9108,VBM,758,232,30.61,54,96,37,,,45
9109,Election_Day,810,206,25.43,52,87,30,,,37
9109,VBM,810,273,33.7,66,101,36,1,,69
9111,Election_Day,713,184,25.81,40,79,18,,,47
9111,VBM,713,209,29.31,55,85,23,,,46
9112,Election_Day,908,210,23.13,50,94,23,,,43
9112,VBM,908,312,34.36,90,124,34,1,,63
9113,Election_Day,938,245,26.12,62,103,26,2,,52
9113,VBM,938,319,34.01,83,138,30,,1,67
9114,Election_Day,847,191,22.55,39,90,26,1,,35
9114,VBM,847,279,32.94,64,130,18,,,67
9115,Election_Day,876,205,23.4,42,109,25,2,1,26
9115,VBM,876,283,32.31,64,123,34,2,,60
9116,Election_Day,900,208,23.11,39,98,27,3,,41
9116,VBM,900,263,29.22,72,104,34,1,2,50
9117,Election_Day,729,179,24.55,38,53,42,1,,45
9117,VBM,729,278,38.13,81,98,38,1,,60
9118,Election_Day,904,212,23.45,52,77,28,1,,54
9118,VBM,904,282,31.19,71,119,33,,,59
9119,Election_Day,865,166,19.19,41,67,23,4,,31
9119,VBM,865,318,36.76,71,139,45,4,1,58
9121,Election_Day,882,207,23.47,54,80,29,,1,43
9121,VBM,882,284,32.2,54,128,44,2,2,54
9122,Election_Day,864,168,19.44,31,90,19,1,,27
9122,VBM,864,283,32.75,69,134,25,1,,54
9123,Election_Day,819,206,25.15,53,82,25,1,,45
9123,VBM,819,288,35.16,78,128,32,,,50
9124,Election_Day,877,187,21.32,40,93,19,1,1,33
9124,VBM,877,265,30.22,63,113,32,,2,55
9125,Election_Day,833,183,21.97,36,83,17,,,47
9125,VBM,833,302,36.25,60,165,31,,1,45
9126,Election_Day,914,203,22.21,35,104,26,1,,37
9126,VBM,914,326,35.67,83,155,32,,,56
9127,Election_Day,929,234,25.19,65,98,22,,,49
9127,VBM,929,306,32.94,64,158,21,,2,61
9128,Election_Day,826,230,27.85,56,100,17,1,,56
9128,VBM,826,270,32.69,79,106,28,1,1,55
9129,Election_Day,673,182,27.04,49,80,18,1,,34
9129,VBM,673,212,31.5,48,97,14,1,,52
9131,Election_Day,733,178,24.28,37,67,16,1,,57
9131,VBM,733,248,33.83,53,120,23,,4,48
9132,Election_Day,834,203,24.34,35,104,25,1,,38
9132,VBM,834,241,28.9,50,118,17,1,,55
9133,Election_Day,986,211,21.4,42,108,25,2,,34
9133,VBM,986,360,36.51,92,167,32,,,69
9134,Election_Day,822,155,18.86,26,73,11,2,,43
9134,VBM,822,282,34.31,72,126,33,1,,50
9135,Election_Day,782,169,21.61,45,49,28,1,1,45
9135,VBM,782,249,31.84,78,69,36,4,,62
9136,Election_Day,893,210,23.52,49,80,27,,1,53
9136,VBM,893,302,33.82,76,132,33,,,61
9137,Election_Day,912,184,20.18,48,83,24,1,,28
9137,VBM,912,315,34.54,76,153,34,,,52
9138,Election_Day,858,146,17.02,37,68,17,2,,22
9138,VBM,858,284,33.1,66,141,31,1,1,44
9139,Election_Day,943,187,19.83,43,89,16,1,,38
9139,VBM,943,350,37.12,95,161,28,1,1,64
9141,Election_Day,895,190,21.23,30,94,23,3,,40
9141,VBM,895,321,35.87,87,150,30,1,2,51
9142,Election_Day,901,217,24.08,51,98,32,,,36
9142,VBM,901,290,32.19,73,130,37,1,,49
9143,Election_Day,865,208,24.05,45,95,31,1,,36
9143,VBM,865,296,34.22,62,142,25,,1,66
9144,Election_Day,926,242,26.13,54,114,22,1,,51
9144,VBM,926,316,34.13,79,143,35,,1,58
9145,Election_Day,823,210,25.52,52,89,23,,,46
9145,VBM,823,271,32.93,78,110,40,1,,42
9146,Election_Day,856,246,28.74,56,109,25,,1,55
9146,VBM,856,267,31.19,63,135,20,1,,48
9147,Election_Day,894,233,26.06,45,118,23,1,1,45
9147,VBM,894,289,32.33,62,138,25,,,64
9148,Election_Day,943,272,28.84,57,115,29,1,1,69
9148,VBM,943,295,31.28,84,106,41,3,,61
9149,Election_Day,893,236,26.43,51,90,32,2,,61
9149,VBM,893,292,32.7,67,135,40,,1,49
9151,Election_Day,775,155,20,41,69,13,,,32
9151,VBM,775,266,34.32,75,106,27,,1,57
9152,Election_Day,724,106,14.64,11,46,18,2,,29
9152,VBM,724,158,21.82,53,54,20,1,1,29
9201,Election_Day,903,240,26.58,65,104,25,,,46
9201,VBM,903,262,29.01,69,82,55,1,,55
9202,Election_Day,871,221,25.37,52,65,31,2,,71
9202,VBM,871,239,27.44,70,70,29,1,,69
9203,Election_Day,903,174,19.27,39,49,29,,1,56
9203,VBM,903,290,32.12,100,75,28,1,1,85
9204,Election_Day,753,166,22.05,48,47,15,3,,53
9204,VBM,753,226,30.01,90,56,25,3,1,51
9205,Election_Day,665,137,20.6,40,43,15,1,,38
9205,VBM,665,219,32.93,85,43,32,1,,58
9206,Election_Day,879,155,17.63,58,36,18,2,,41
9206,VBM,879,301,34.24,118,65,32,,,86
9207,Election_Day,858,177,20.63,59,52,14,2,,50
9207,VBM,858,242,28.21,76,66,35,2,,63
9208,Election_Day,869,183,21.06,50,55,21,,,57
9208,VBM,869,226,26.01,74,51,24,3,,74
9209,Election_Day,658,157,23.86,41,45,23,,,48
9209,VBM,658,182,27.66,68,35,23,3,,53
9211,Election_Day,777,162,20.85,44,50,20,,,48
9211,VBM,777,201,25.87,56,45,28,,,72
9212,Election_Day,762,159,20.87,42,50,19,1,1,46
9212,VBM,762,211,27.69,70,49,26,3,,63
9213,Election_Day,870,172,19.77,53,57,15,,,47
9213,VBM,870,257,29.54,89,70,40,1,,57
9214,Election_Day,565,110,19.47,39,21,17,,1,32
9214,VBM,565,194,34.34,69,42,32,1,1,49
9215,Election_Day,604,134,22.19,42,34,11,1,,46
9215,VBM,604,196,32.45,67,52,26,,1,50
9216,Election_Day,712,159,22.33,39,47,12,,,61
9216,VBM,712,170,23.88,71,37,21,,,41
9217,Election_Day,682,148,21.7,49,46,19,2,,32
9217,VBM,682,199,29.18,77,48,21,,,53
9218,Election_Day,743,136,18.3,43,30,14,,1,48
9218,VBM,743,214,28.8,75,50,22,,1,66
9219,Election_Day,719,182,25.31,53,45,25,4,,55
9219,VBM,719,177,24.62,52,51,16,1,,57
9221,Election_Day,611,133,21.77,42,39,18,,,34
9221,VBM,611,259,42.39,88,57,33,,,81
9222,Election_Day,802,151,18.83,55,27,21,,1,47
9222,VBM,802,302,37.66,118,64,31,,,89
9223,Election_Day,591,93,15.74,25,29,14,2,,23
9223,VBM,591,210,35.53,71,56,25,,1,57
9224,Election_Day,898,182,20.27,52,46,22,1,,61
9224,VBM,898,288,32.07,89,73,45,,,81
9225,Election_Day,866,192,22.17,43,55,28,,,66
9225,VBM,866,237,27.37,79,82,16,1,,59
9226,Election_Day,822,169,20.56,40,49,20,,,60
9226,VBM,822,274,33.33,82,76,35,4,1,76
9227,Election_Day,709,153,21.58,38,48,19,,,48
9227,VBM,709,287,40.48,96,92,35,2,2,60
9228,Election_Day,687,164,23.87,49,51,20,4,,40
9228,VBM,687,273,39.74,99,82,21,1,,70
9229,Election_Day,576,135,23.44,39,51,13,1,,31
9229,VBM,576,229,39.76,83,64,20,,1,61
9231,Election_Day,961,281,29.24,67,105,34,,,75
9231,VBM,961,308,32.05,74,105,44,1,2,82
9232,Election_Day,706,181,25.64,60,51,17,,,53
9232,VBM,706,240,33.99,77,80,26,,,57
9233,Election_Day,748,166,22.19,47,47,24,,,48
9233,VBM,748,280,37.43,98,60,38,1,,83
9234,Election_Day,708,141,19.92,44,39,19,,,39
9234,VBM,708,264,37.29,93,65,25,7,,74
9235,Election_Day,825,195,23.64,64,47,29,,,55
9235,VBM,825,284,34.42,101,68,32,,1,82
9236,Election_Day,637,144,22.61,42,39,22,,,41
9236,VBM,637,225,35.32,66,58,28,,,73
9237,Election_Day,846,167,19.74,39,48,16,1,,63
9237,VBM,846,294,34.75,84,76,42,2,,90
9238,Election_Day,778,148,19.02,49,40,16,,,43
9238,VBM,778,297,38.17,116,74,25,1,1,80
9239,Election_Day,811,154,18.99,44,44,19,,,47
9239,VBM,811,301,37.11,108,67,41,,1,84
9241,Election_Day,903,197,21.82,46,66,30,1,,54
9241,VBM,903,281,31.12,79,91,36,,,75
9242,Election_Day,864,192,22.22,43,72,25,2,,50
9242,VBM,864,274,31.71,80,70,46,3,,75
9243,Election_Day,567,139,24.51,34,43,14,1,,47
9243,VBM,567,193,34.04,58,62,21,1,,51
9244,Election_Day,828,191,23.07,42,65,20,,,64
9244,VBM,828,252,30.43,60,77,41,,,74
9245,Election_Day,665,157,23.61,43,46,29,2,,37
9245,VBM,665,218,32.78,67,61,34,2,,54
9246,Election_Day,861,196,22.76,42,63,31,1,,59
9246,VBM,861,294,34.15,93,80,42,3,,76
9247,Election_Day,887,202,22.77,53,59,25,2,,63
9247,VBM,887,312,35.17,102,90,52,1,,67
9248,Election_Day,834,181,21.7,43,70,22,,,46
9248,VBM,834,286,34.29,79,84,34,,1,88
9249,Election_Day,857,219,25.55,59,75,25,,,60
9249,VBM,857,278,32.44,94,71,48,2,,63
9251,Election_Day,882,220,24.94,55,90,19,1,,55
9251,VBM,882,312,35.37,82,106,41,1,,82
9252,Election_Day,861,170,19.74,46,66,24,,,34
9252,VBM,861,351,40.77,91,126,47,,,87
9253,Election_Day,741,168,22.67,44,49,24,,2,49
9253,VBM,741,231,31.17,76,75,26,,,54
9254,Election_Day,860,203,23.6,56,68,27,,,52
9254,VBM,860,311,36.16,100,100,32,1,2,76
9255,Election_Day,513,134,26.12,30,48,20,1,1,34
9255,VBM,513,156,30.41,56,47,20,,,33
9256,Election_Day,371,83,22.37,15,17,19,1,,31
9256,VBM,371,101,27.22,32,35,14,,,20
9257,Election_Day,284,14,4.93,,8,,,,6
9257,VBM,284,156,54.93,37,78,18,,1,22
9258,Election_Day,659,130,19.73,30,50,18,1,,31
9258,VBM,659,246,37.33,72,92,29,1,,52
9401,Election_Day,909,253,27.83,55,110,27,3,1,57
9401,VBM,909,262,28.82,56,114,46,1,1,44
9402,Election_Day,954,243,25.47,45,105,39,,,54
9402,VBM,954,311,32.6,92,121,35,,1,62
9403,Election_Day,862,185,21.46,49,67,21,2,,46
9403,VBM,862,291,33.76,71,132,27,4,,57
9404,Election_Day,849,171,20.14,35,73,22,,,41
9404,VBM,849,252,29.68,81,103,25,1,2,40
9405,Election_Day,765,186,24.31,46,73,22,1,,44
9405,VBM,765,255,33.33,61,115,29,1,,49
9406,Election_Day,862,200,23.2,44,86,24,,,46
9406,VBM,862,263,30.51,58,121,38,1,2,43
9407,Election_Day,851,211,24.79,54,81,27,1,1,47
9407,VBM,851,256,30.08,68,115,25,,,48
9408,Election_Day,805,214,26.58,32,110,24,5,1,42
9408,VBM,805,244,30.31,54,107,25,,1,57
9409,Election_Day,574,168,29.27,46,78,13,,,31
9409,VBM,574,175,30.49,44,76,17,4,,34
9411,Election_Day,987,256,25.94,45,109,31,3,1,67
9411,VBM,987,293,29.69,59,122,49,,,63
9412,Election_Day,838,213,25.42,65,84,22,,,42
9412,VBM,838,261,31.15,62,108,39,1,,51
9413,Election_Day,871,191,21.93,44,81,14,1,1,50
9413,VBM,871,292,33.52,96,121,18,,,57
9414,Election_Day,837,175,20.91,30,69,20,2,,54
9414,VBM,837,336,40.14,107,129,34,,1,65
9415,Election_Day,764,145,18.98,45,60,12,,,28
9415,VBM,764,259,33.9,70,121,25,,2,41
9416,Election_Day,947,225,23.76,57,93,25,3,,47
9416,VBM,947,302,31.89,78,141,24,1,,58
9417,Election_Day,709,137,19.32,22,64,13,,1,37
9417,VBM,709,235,33.15,64,102,27,1,,41
9418,Election_Day,761,160,21.02,45,59,16,,,40
9418,VBM,761,243,31.93,66,101,21,,2,53
9419,Election_Day,841,142,16.88,36,57,19,1,,29
9419,VBM,841,307,36.5,79,129,28,1,,70
9421,Election_Day,876,145,16.55,31,60,13,1,1,39
9421,VBM,876,312,35.62,66,171,26,,,49
9422,Election_Day,1001,240,23.98,64,103,21,1,,51
9422,VBM,1001,317,31.67,91,140,27,2,2,55
9423,Election_Day,850,162,19.06,55,58,14,1,,34
9423,VBM,850,288,33.88,91,120,29,3,1,44
9424,Election_Day,902,165,18.29,43,64,22,,,36
9424,VBM,902,295,32.71,79,151,27,1,,37
9425,Election_Day,880,155,17.61,33,60,19,,,43
9425,VBM,880,287,32.61,65,145,25,,,52
9426,Election_Day,766,128,16.71,19,60,14,,,35
9426,VBM,766,248,32.38,55,117,22,2,,52
9427,Election_Day,886,143,16.14,38,55,15,1,,34
9427,VBM,886,300,33.86,93,131,25,2,,49
9428,Election_Day,890,133,14.94,39,52,16,1,,25
9428,VBM,890,325,36.52,85,161,28,2,1,48
9429,Election_Day,848,197,23.23,54,92,15,1,,35
9429,VBM,848,253,29.83,66,136,17,,,34
9431,Election_Day,941,172,18.28,44,75,21,2,,30
9431,VBM,941,348,36.98,83,178,30,2,,55
9432,Election_Day,855,183,21.4,56,69,20,1,,37
9432,VBM,855,271,31.7,62,143,21,1,,44
9433,Election_Day,882,166,18.82,37,61,17,4,,47
9433,VBM,882,307,34.81,79,143,21,,2,62
9434,Election_Day,944,208,22.03,51,80,34,3,,40
9434,VBM,944,320,33.9,106,136,35,,,43
9435,Election_Day,909,201,22.11,57,82,21,1,,40
9435,VBM,909,305,33.55,93,133,20,,1,58
9436,Election_Day,951,178,18.72,45,69,17,1,,46
9436,VBM,951,320,33.65,88,146,29,1,1,55
9437,Election_Day,878,174,19.82,42,72,26,2,1,31
9437,VBM,878,298,33.94,89,124,29,,,56
9438,Election_Day,917,161,17.56,35,80,15,1,,30
9438,VBM,917,325,35.44,99,137,25,,,64
9439,Election_Day,836,156,18.66,42,59,12,1,,42
9439,VBM,836,283,33.85,80,128,22,,1,52
9441,Election_Day,944,185,19.6,47,80,20,,,38
9441,VBM,944,322,34.11,96,144,38,1,,43
9442,Election_Day,935,218,23.32,59,85,27,3,,44
9442,VBM,935,308,32.94,71,140,34,2,,61
9443,Election_Day,867,195,22.49,56,79,27,2,,31
9443,VBM,867,266,30.68,79,119,29,2,,37
9444,Election_Day,877,125,14.25,29,54,15,,1,26
9444,VBM,877,295,33.64,82,137,29,1,2,44
9445,Election_Day,918,192,20.92,44,81,21,2,,44
9445,VBM,918,329,35.84,89,152,30,2,,56
9446,Election_Day,995,210,21.11,61,90,23,1,,35
9446,VBM,995,369,37.09,103,148,32,,3,83
9447,Election_Day,892,169,18.95,30,81,26,,,32
9447,VBM,892,317,35.54,93,131,28,,1,64
9448,Election_Day,855,155,18.13,39,67,18,1,,30
9448,VBM,855,296,34.62,97,124,23,2,,50
9449,Election_Day,763,111,14.55,26,47,7,2,,29
9449,VBM,763,276,36.17,86,131,19,,,40
9451,Election_Day,402,85,21.14,24,36,6,,,19
9451,VBM,402,156,38.81,55,49,24,1,,27
9452,Election_Day,765,206,26.93,56,76,21,1,,52
9452,VBM,765,258,33.73,63,106,22,1,1,65
9453,Election_Day,454,90,19.82,21,39,12,,1,17
9453,VBM,454,168,37,45,55,20,1,2,45
9501,Election_Day,141,2,1.42,1,,1,,,
9501,VBM,141,74,52.48,18,18,16,,,22
9502,Election_Day,201,7,3.48,1,1,2,,,3
9502,VBM,201,120,59.7,34,40,18,,1,27
9503-9504,Election_Day,673,125,18.57,32,54,12,,1,26
9503-9504,VBM,673,210,31.2,51,76,30,1,1,51
9505,Election_Day,738,149,20.19,44,52,16,,,37
9505,VBM,738,223,30.22,77,80,24,,,42
9506,Election_Day,734,160,21.8,32,70,26,1,1,30
9506,VBM,734,183,24.93,54,68,25,,1,35
9507,Election_Day,731,180,24.62,32,77,32,1,,38
9507,VBM,731,258,35.29,53,98,46,,2,59
9508,Election_Day,797,229,28.73,38,108,23,1,,59
9508,VBM,797,233,29.23,51,98,21,2,,61
9509,Election_Day,671,182,27.12,36,76,27,2,,41
9509,VBM,671,213,31.74,46,84,29,,,54
9511,Election_Day,592,165,27.87,36,76,14,,,39
9511,VBM,592,169,28.55,42,66,22,,,39
9512,Election_Day,776,192,24.74,35,86,28,,,43
9512,VBM,776,259,33.38,57,111,33,,,58
9513,Election_Day,849,204,24.03,35,91,28,,,50
9513,VBM,849,243,28.62,57,96,37,,1,52
9514-9522,Election_Day,890,265,29.78,46,119,27,1,,72
9514-9522,VBM,890,284,31.91,56,124,35,2,,67
9515,Election_Day,694,222,31.99,49,95,29,1,,48
9515,VBM,694,224,32.28,49,101,36,2,2,34
9516,Election_Day,855,225,26.32,41,98,31,3,,52
9516,VBM,855,282,32.98,69,125,39,1,,48
9517,Election_Day,786,215,27.35,31,101,36,,,47
9517,VBM,786,271,34.48,60,121,30,2,1,57
9518,Election_Day,750,213,28.4,36,97,24,3,,53
9518,VBM,750,251,33.47,48,114,34,1,,54
9519,Election_Day,859,251,29.22,42,102,34,4,,69
9519,VBM,859,277,32.25,67,104,40,3,1,62
9521,Election_Day,860,275,31.98,41,122,48,2,,62
9521,VBM,860,280,32.56,61,101,46,1,1,70
9701,Election_Day,642,194,30.22,39,80,27,1,,47
9701,VBM,642,213,33.18,56,98,18,,,41
9702,Election_Day,723,220,30.43,36,94,24,1,,65
9702,VBM,723,221,30.57,68,73,24,,2,54
9703,Election_Day,917,197,21.48,50,83,21,1,,42
9703,VBM,917,318,34.68,88,145,31,1,,53
9704,Election_Day,902,228,25.28,53,97,21,1,,56
9704,VBM,902,317,35.14,83,123,38,2,,71
9705,Election_Day,859,269,31.32,53,116,30,2,,68
9705,VBM,859,285,33.18,82,102,41,2,,58
9706,Election_Day,52,1,1.92,,1,,,,
9706,VBM,52,39,75,7,19,6,,,7
9707,Election_Day,741,146,19.7,38,56,14,,,38
9707,VBM,741,283,38.19,92,112,31,2,,46
9708,Election_Day,876,225,25.68,51,100,28,1,,45
9708,VBM,876,307,35.05,71,124,37,1,2,72
9709,Election_Day,942,203,21.55,50,73,24,,,56
9709,VBM,942,333,35.35,105,127,31,3,,67
9711,Election_Day,621,162,26.09,50,57,21,1,,33
9711,VBM,621,267,43,74,101,25,,2,65
9712,Election_Day,621,147,23.67,44,56,20,2,,25
9712,VBM,621,265,42.67,92,83,32,,,58
9713,Election_Day,913,170,18.62,39,70,12,1,,48
9713,VBM,913,347,38.01,113,143,25,,2,64
9714,Election_Day,898,187,20.82,64,69,24,2,,28
9714,VBM,898,372,41.43,128,131,41,1,,71
9715,Election_Day,557,174,31.24,55,61,19,,,39
9715,VBM,557,191,34.29,70,58,23,,,40
9716,Election_Day,914,194,21.23,55,61,33,2,1,42
9716,VBM,914,325,35.56,98,132,37,1,1,56
9717,Election_Day,942,217,23.04,75,63,32,3,,44
9717,VBM,942,339,35.99,119,109,45,,,66
9718,Election_Day,819,195,23.81,74,59,18,1,,43
9718,VBM,819,356,43.47,135,121,43,2,1,54
9719,Election_Day,852,216,25.35,72,69,28,3,,44
9719,VBM,852,349,40.96,130,108,45,,1,65
9721,Election_Day,628,176,28.03,62,47,27,3,,37
9721,VBM,628,230,36.62,91,65,25,1,,48
9722,Election_Day,608,109,17.93,39,34,14,,,22
9722,VBM,608,264,43.42,98,69,28,1,1,67
9723,Election_Day,435,58,13.33,18,17,9,,1,13
9723,VBM,435,200,45.98,69,76,12,2,,41
9724,Election_Day,903,159,17.61,47,58,17,2,,35
9724,VBM,903,349,38.65,135,108,30,,,76
9725,Election_Day,937,156,16.65,48,53,15,2,,38
9725,VBM,937,337,35.97,113,127,33,1,,63
9726,Election_Day,676,133,19.67,44,52,21,1,,15
9726,VBM,676,175,25.89,45,70,32,1,,27
9727,Election_Day,419,70,16.71,27,22,6,,,15
9727,VBM,419,185,44.15,71,68,12,,,34
9728,Election_Day,899,190,21.13,73,51,18,,,48
9728,VBM,899,362,40.27,155,114,33,2,,58
9729,Election_Day,766,155,20.23,57,47,18,,,33
9729,VBM,766,320,41.78,133,89,26,,1,71
9731,Election_Day,506,148,29.25,71,34,8,4,,31
9731,VBM,506,182,35.97,81,47,19,,,35
9732,Election_Day,74,4,5.41,2,,1,,,1
9732,VBM,74,52,70.27,26,9,8,,,9
9733,Election_Day,209,5,2.39,,3,1,,,1
9733,VBM,209,143,68.42,52,51,14,1,,25
9734,Election_Day,580,133,22.93,61,34,15,,,23
9734,VBM,580,237,40.86,99,69,26,,,43
9735,Election_Day,763,159,20.84,61,42,22,1,,33
9735,VBM,763,329,43.12,129,101,40,,,59
9736,Election_Day,687,156,22.71,54,55,14,1,,32
9736,VBM,687,289,42.07,105,86,33,3,,62
9737,Election_Day,756,177,23.41,46,61,25,,,45
9737,VBM,756,348,46.03,114,117,46,4,1,66
9738,Election_Day,769,167,21.72,45,71,20,1,1,29
9738,VBM,769,245,31.86,101,57,33,1,1,52
9739,Election_Day,806,166,20.6,51,55,27,,1,32
9739,VBM,806,202,25.06,63,67,36,2,2,32
9741,Election_Day,765,53,6.93,4,25,8,2,,14
9741,VBM,765,49,6.41,9,18,8,1,1,12
9742,Election_Day,603,120,19.9,37,40,15,2,,26
9742,VBM,603,185,30.68,44,69,20,1,,51
9743,Election_Day,986,217,22.01,55,87,33,,,42
9743,VBM,986,331,33.57,105,120,50,1,2,53
9744,Election_Day,877,191,21.78,43,73,26,4,,45
9744,VBM,877,228,26,85,64,29,1,1,48
9745,Election_Day,969,184,18.99,41,71,36,2,,34
9745,VBM,969,235,24.25,79,74,40,,2,40
9746,Election_Day,872,200,22.94,71,66,21,2,,40
9746,VBM,872,338,38.76,116,123,33,,2,64
9747,Election_Day,917,215,23.45,65,92,25,,1,32
9747,VBM,917,332,36.21,95,135,38,,2,62
9748,Election_Day,937,195,20.81,60,73,24,3,,35
9748,VBM,937,342,36.5,128,128,30,,,56
9749,Election_Day,865,173,20,50,64,20,2,,37
9749,VBM,865,238,27.51,64,115,25,1,,33
9751,Election_Day,929,197,21.21,67,69,23,2,,36
9751,VBM,929,370,39.83,132,121,34,1,1,81
9752,Election_Day,704,163,23.15,48,43,31,1,,40
9752,VBM,704,299,42.47,119,85,41,1,,53
9753,Election_Day,727,148,20.36,45,48,23,1,,31
9753,VBM,727,282,38.79,99,105,37,,,41
9754,Election_Day,695,170,24.46,44,63,32,,,31
9754,VBM,695,271,38.99,91,97,40,,1,42
9755,Election_Day,578,134,23.18,35,49,26,,,24
9755,VBM,578,221,38.24,70,89,31,,,31
9756,Election_Day,867,160,18.45,42,50,23,2,1,42
9756,VBM,867,288,33.22,79,119,40,,1,49
9801,Election_Day,426,86,20.19,23,34,13,,,16
9801,VBM,426,147,34.51,42,46,26,,,33
9900,Election_Day,0,0,0,,,,,,
9900,VBM,0,0,0,,,,,,
9901,Election_Day,0,0,0,,,,,,
9901,VBM,0,0,0,,,,,,
9902,Election_Day,0,0,0,,,,,,
9902,VBM,0,0,0,,,,,,
