precinct,ballot_type,registered_voters,ballots_cast,turnout,Yes,No,over_votes,under_votes
1101,Election_Day,518,83,16.02,36,37,,10
1101,VBM,518,168,32.43,85,77,,6
1102,Election_Day,931,255,27.39,146,90,,19
1102,VBM,931,309,33.19,165,126,,18
1103,Election_Day,897,192,21.4,107,69,,16
1103,VBM,897,316,35.23,166,124,1,25
1104-1105,Election_Day,925,191,20.65,99,74,,18
1104-1105,VBM,925,289,31.24,150,119,,20
1106,Election_Day,760,157,20.66,94,45,,18
1106,VBM,760,248,32.63,116,114,,18
1107,Election_Day,723,130,17.98,71,44,,15
1107,VBM,723,233,32.23,113,98,,22
1108,Election_Day,896,160,17.86,90,57,,13
1108,VBM,896,339,37.83,182,131,,26
1109,Election_Day,770,132,17.14,78,43,,11
1109,VBM,770,265,34.42,130,112,,23
1111,Election_Day,916,148,16.16,80,53,1,14
1111,VBM,916,289,31.55,157,108,,24
1112,Election_Day,701,113,16.12,58,47,,8
1112,VBM,701,221,31.53,121,80,,20
1113,Election_Day,663,100,15.08,57,35,,8
1113,VBM,663,235,35.44,128,92,,15
1114,Election_Day,905,170,18.78,88,60,1,21
1114,VBM,905,274,30.28,138,114,,22
1115,Election_Day,848,136,16.04,78,38,,20
1115,VBM,848,289,34.08,158,105,,26
1116,Election_Day,812,148,18.23,87,43,,18
1116,VBM,812,238,29.31,130,89,,19
1117,Election_Day,817,153,18.73,86,45,,22
1117,VBM,817,244,29.87,131,93,2,18
1118,Election_Day,972,176,18.11,102,64,,10
1118,VBM,972,318,32.72,181,113,,24
1119,Election_Day,719,121,16.83,70,39,,12
1119,VBM,719,241,33.52,143,82,,16
1121,Election_Day,642,115,17.91,58,49,,8
1121,VBM,642,219,34.11,104,99,,16
1122,Election_Day,613,105,17.13,53,40,,12
1122,VBM,613,194,31.65,87,95,,12
1123,Election_Day,881,139,15.78,71,54,,14
1123,VBM,881,242,27.47,126,95,1,20
1124,Election_Day,758,145,19.13,82,42,,21
1124,VBM,758,207,27.31,100,94,,13
1125,Election_Day,935,115,12.3,73,26,,16
1125,VBM,935,288,30.8,183,81,,24
1126,Election_Day,864,147,17.01,93,42,1,11
1126,VBM,864,283,32.75,165,97,1,20
1127,Election_Day,841,158,18.79,79,61,,18
1127,VBM,841,280,33.29,123,135,,22
1128,Election_Day,813,116,14.27,69,38,,9
1128,VBM,813,261,32.1,150,92,,19
1129,Election_Day,852,136,15.96,70,43,,23
1129,VBM,852,269,31.57,156,94,,19
1131,Election_Day,787,108,13.72,59,36,,13
1131,VBM,787,276,35.07,149,103,,24
1132,Election_Day,910,135,14.84,78,39,,18
1132,VBM,910,333,36.59,166,139,,28
1133,Election_Day,811,128,15.78,71,46,,11
1133,VBM,811,283,34.9,150,118,1,14
1134,Election_Day,720,142,19.72,81,54,,7
1134,VBM,720,218,30.28,104,101,,13
1135,Election_Day,495,86,17.37,40,37,,9
1135,VBM,495,184,37.17,81,89,1,13
1136,Election_Day,775,103,13.29,58,34,,11
1136,VBM,775,294,37.94,143,119,,32
1141,Election_Day,960,157,16.35,71,62,,24
1141,VBM,960,371,38.65,193,156,,22
1142,Election_Day,755,144,19.07,89,36,,19
1142,VBM,755,260,34.44,109,125,,26
1143,Election_Day,974,205,21.05,119,72,,14
1143,VBM,974,316,32.44,163,130,,23
1144,Election_Day,864,184,21.3,85,84,,15
1144,VBM,864,275,31.83,154,107,,14
1145,Election_Day,878,170,19.36,93,60,,17
1145,VBM,878,341,38.84,190,125,,26
1146,Election_Day,927,168,18.12,102,56,,10
1146,VBM,927,318,34.3,175,115,1,27
1147,Election_Day,860,176,20.47,89,70,,17
1147,VBM,860,290,33.72,156,116,,18
1148,Election_Day,900,172,19.11,93,62,,17
1148,VBM,900,280,31.11,129,132,,19
1149,Election_Day,873,192,21.99,112,62,,18
1149,VBM,873,274,31.39,139,110,,25
1151,Election_Day,0,0,0,,,,
1151,VBM,0,0,0,,,,
1152,Election_Day,826,154,18.64,76,71,,7
1152,VBM,826,280,33.9,150,114,,16
1153,Election_Day,886,163,18.4,85,67,,11
1153,VBM,886,287,32.39,157,108,,22
1154,Election_Day,0,0,0,,,,
1154,VBM,0,0,0,,,,
7001,Election_Day,647,143,22.1,81,52,,10
7001,VBM,647,209,32.3,110,80,,19
7002,Election_Day,934,177,18.95,92,66,,19
7002,VBM,934,303,32.44,165,113,,25
7003,Election_Day,850,216,25.41,108,92,,16
7003,VBM,850,341,40.12,191,134,,16
7004,Election_Day,823,196,23.82,105,70,,21
7004,VBM,823,312,37.91,162,122,,28
7005,Election_Day,810,243,30,120,96,,27
7005,VBM,810,262,32.35,111,130,1,20
7006,Election_Day,900,235,26.11,105,109,1,20
7006,VBM,900,301,33.44,146,128,,27
7007,Election_Day,938,274,29.21,132,114,2,26
7007,VBM,938,343,36.57,184,128,1,30
7008,Election_Day,819,213,26.01,109,89,,15
7008,VBM,819,357,43.59,204,120,,33
7009,Election_Day,873,178,20.39,91,65,,22
7009,VBM,873,315,36.08,168,123,,24
7011,Election_Day,990,170,17.17,102,53,,15
7011,VBM,990,215,21.72,124,70,,21
7012,Election_Day,937,251,26.79,130,99,,22
7012,VBM,937,341,36.39,185,129,1,26
7013,Election_Day,670,128,19.1,71,49,,8
7013,VBM,670,255,38.06,154,77,,24
7014,Election_Day,971,241,24.82,122,97,,22
7014,VBM,971,329,33.88,199,109,,21
7015,Election_Day,91,3,3.3,1,1,,1
7015,VBM,91,47,51.65,24,15,,8
7016,Election_Day,885,122,13.79,70,38,,14
7016,VBM,885,223,25.2,129,72,,22
7017,Election_Day,721,81,11.23,57,11,,13
7017,VBM,721,150,20.8,88,51,,11
7018,Election_Day,904,106,11.73,61,33,,12
7018,VBM,904,305,33.74,164,116,,25
7019,Election_Day,883,136,15.4,84,35,,17
7019,VBM,883,319,36.13,196,105,,18
7021,Election_Day,910,141,15.49,79,36,,26
7021,VBM,910,235,25.82,132,86,,17
7022,Election_Day,969,157,16.2,98,46,,13
7022,VBM,969,245,25.28,150,75,1,19
7023,Election_Day,878,134,15.26,85,38,,11
7023,VBM,878,253,28.82,155,79,,19
7024,Election_Day,290,21,7.24,15,5,,1
7024,VBM,290,23,7.93,16,5,,2
7025,Election_Day,460,61,13.26,33,19,,9
7025,VBM,460,82,17.83,51,21,,10
7026,Election_Day,927,108,11.65,59,35,,14
7026,VBM,927,334,36.03,154,146,,34
7027,Election_Day,823,143,17.38,87,35,,21
7027,VBM,823,242,29.4,136,86,,20
7028,Election_Day,838,146,17.42,90,42,,14
7028,VBM,838,178,21.24,113,50,,15
7029,Election_Day,853,102,11.96,67,21,,14
7029,VBM,853,149,17.47,89,48,,12
7030,Election_Day,727,80,11,46,31,,3
7030,VBM,727,234,32.19,101,117,,16
7031,Election_Day,412,39,9.47,22,13,,4
7031,VBM,412,179,43.45,113,52,,14
7032,Election_Day,857,131,15.29,81,38,,12
7032,VBM,857,232,27.07,136,70,,26
7033,Election_Day,767,150,19.56,71,54,,25
7033,VBM,767,158,20.6,106,43,,9
7034,Election_Day,875,94,10.74,62,19,,13
7034,VBM,875,143,16.34,98,30,,15
7035,Election_Day,386,71,18.39,49,18,,4
7035,VBM,386,113,29.27,71,34,,8
7036,Election_Day,862,92,10.67,45,36,1,10
7036,VBM,862,233,27.03,119,103,,11
7037,Election_Day,762,83,10.89,59,13,,11
7037,VBM,762,70,9.19,45,17,,8
7038,Election_Day,874,90,10.3,49,28,,13
7038,VBM,874,242,27.69,133,90,1,18
7039,Election_Day,764,168,21.99,93,59,,16
7039,VBM,764,194,25.39,103,73,,18
7041,Election_Day,55,3,5.45,2,,,1
7041,VBM,55,20,36.36,8,11,,1
7042,Election_Day,627,100,15.95,54,33,,13
7042,VBM,627,202,32.22,116,75,,11
7043,Election_Day,884,111,12.56,73,25,,13
7043,VBM,884,257,29.07,129,111,,17
7044,Election_Day,785,85,10.83,51,20,,14
7044,VBM,785,104,13.25,57,38,,9
7045,Election_Day,736,99,13.45,50,36,,13
7045,VBM,736,242,32.88,110,100,2,30
7046,Election_Day,416,61,14.66,35,25,,1
7046,VBM,416,139,33.41,66,63,,10
7047,Election_Day,783,98,12.52,53,37,,8
7047,VBM,783,282,36.02,140,121,,21
7048,Election_Day,793,106,13.37,68,30,,8
7048,VBM,793,210,26.48,115,72,,23
7049,Election_Day,778,105,13.5,59,33,,13
7049,VBM,778,218,28.02,97,97,,24
7051,Election_Day,839,80,9.54,49,21,,10
7051,VBM,839,297,35.4,156,120,,21
7052,Election_Day,813,126,15.5,64,48,1,13
7052,VBM,813,266,32.72,127,123,1,15
7053,Election_Day,446,40,8.97,27,11,,2
7053,VBM,446,170,38.12,91,58,,21
7054,Election_Day,949,179,18.86,98,62,1,18
7054,VBM,949,252,26.55,150,72,,30
7101,Election_Day,135,9,6.67,6,1,,2
7101,VBM,135,81,60,55,24,,2
7201,Election_Day,874,170,19.45,93,57,,20
7201,VBM,874,322,36.84,180,110,,32
7202,Election_Day,783,180,22.99,104,62,,14
7202,VBM,783,258,32.95,138,99,,21
7203,Election_Day,806,209,25.93,122,62,,25
7203,VBM,806,229,28.41,132,71,1,25
7204,Election_Day,811,155,19.11,94,46,,15
7204,VBM,811,332,40.94,187,114,,31
7205,Election_Day,826,162,19.61,94,50,,18
7205,VBM,826,288,34.87,168,101,,19
7206,Election_Day,339,89,26.25,51,28,,10
7206,VBM,339,106,31.27,56,38,,12
7207,Election_Day,584,115,19.69,70,28,,17
7207,VBM,584,191,32.71,114,58,,19
7208,Election_Day,565,117,20.71,69,32,,16
7208,VBM,565,199,35.22,93,85,,21
7209,Election_Day,529,67,12.67,39,19,,9
7209,VBM,529,288,54.44,170,100,1,17
7301,Election_Day,953,142,14.9,81,49,,12
7301,VBM,953,321,33.68,188,93,,40
7302,Election_Day,773,138,17.85,71,48,,19
7302,VBM,773,358,46.31,206,112,,40
7303,Election_Day,914,205,22.43,123,70,,12
7303,VBM,914,294,32.17,146,114,,34
7304,Election_Day,924,199,21.54,99,75,,25
7304,VBM,924,317,34.31,165,125,,27
7305,Election_Day,825,215,26.06,113,76,,26
7305,VBM,825,302,36.61,158,121,,23
7306,Election_Day,936,181,19.34,93,69,,19
7306,VBM,936,308,32.91,165,117,,26
7307,Election_Day,717,167,23.29,84,58,,25
7307,VBM,717,231,32.22,135,76,,20
7308,Election_Day,588,171,29.08,99,58,,14
7308,VBM,588,209,35.54,123,74,,12
7309,Election_Day,775,198,25.55,104,72,,22
7309,VBM,775,222,28.65,130,64,,28
7311,Election_Day,875,214,24.46,117,72,,25
7311,VBM,875,268,30.63,152,88,,28
7312,Election_Day,806,156,19.35,86,55,,15
7312,VBM,806,345,42.8,182,134,1,28
7313,Election_Day,879,155,17.63,68,67,,20
7313,VBM,879,308,35.04,173,108,,27
7314,Election_Day,739,92,12.45,53,28,,11
7314,VBM,739,225,30.45,143,56,1,25
7315,Election_Day,695,165,23.74,94,44,,27
7315,VBM,695,193,27.77,111,63,,19
7316,Election_Day,823,142,17.25,82,42,,18
7316,VBM,823,283,34.39,150,95,,38
7317,Election_Day,885,159,17.97,85,61,,13
7317,VBM,885,343,38.76,174,141,,28
7318,Election_Day,700,154,22,70,55,,29
7318,VBM,700,247,35.29,125,94,,28
7319,Election_Day,983,193,19.63,95,75,,23
7319,VBM,983,293,29.81,156,101,,36
7321,Election_Day,620,88,14.19,38,38,,12
7321,VBM,620,207,33.39,113,69,,25
7322,Election_Day,868,66,7.6,38,18,,10
7322,VBM,868,277,31.91,159,66,1,51
7323,Election_Day,804,187,23.26,98,66,1,22
7323,VBM,804,237,29.48,129,81,,27
7324,Election_Day,657,130,19.79,71,46,,13
7324,VBM,657,207,31.51,131,56,,20
7325,Election_Day,870,159,18.28,86,47,,26
7325,VBM,870,272,31.26,161,81,,30
7326,Election_Day,808,173,21.41,99,53,,21
7326,VBM,808,247,30.57,135,84,,28
7327,Election_Day,701,58,8.27,34,15,,9
7327,VBM,701,266,37.95,146,75,,45
7328,Election_Day,936,79,8.44,46,22,,11
7328,VBM,936,362,38.68,213,91,,58
7329,Election_Day,543,76,14,41,28,,7
7329,VBM,543,201,37.02,120,58,1,22
7331,Election_Day,831,181,21.78,91,61,,29
7331,VBM,831,343,41.28,180,142,,21
7332,Election_Day,782,188,24.04,105,65,,18
7332,VBM,782,241,30.82,145,71,,25
7333,Election_Day,936,228,24.36,123,72,,33
7333,VBM,936,273,29.17,160,84,,29
7334,Election_Day,833,173,20.77,90,63,,20
7334,VBM,833,277,33.25,153,91,,33
7335,Election_Day,883,166,18.8,88,57,,21
7335,VBM,883,336,38.05,187,123,,26
7336,Election_Day,879,188,21.39,113,59,,16
7336,VBM,879,334,38,170,138,,26
7337,Election_Day,829,141,17.01,74,54,,13
7337,VBM,829,339,40.89,183,118,,38
7338,Election_Day,912,120,13.16,59,39,1,21
7338,VBM,912,346,37.94,185,100,2,59
7339,Election_Day,585,142,24.27,81,44,,17
7339,VBM,585,169,28.89,116,40,1,12
7341,Election_Day,868,192,22.12,104,61,,27
7341,VBM,868,239,27.53,144,78,,17
7342,Election_Day,908,269,29.63,167,87,,15
7342,VBM,908,252,27.75,134,92,,26
7343,Election_Day,647,176,27.2,89,62,,25
7343,VBM,647,176,27.2,113,46,,17
7344,Election_Day,1024,210,20.51,128,57,,25
7344,VBM,1024,356,34.77,197,122,,37
7345,Election_Day,1006,238,23.66,134,78,,26
7345,VBM,1006,314,31.21,181,103,,30
7346,Election_Day,869,217,24.97,109,77,,31
7346,VBM,869,234,26.93,146,65,,23
7347,Election_Day,954,200,20.96,102,80,,18
7347,VBM,954,311,32.6,170,110,,31
7348,Election_Day,808,143,17.7,81,55,,7
7348,VBM,808,229,28.34,137,64,,28
7349,Election_Day,893,186,20.83,92,68,,26
7349,VBM,893,297,33.26,178,86,,33
7501,Election_Day,523,142,27.15,81,41,,20
7501,VBM,523,161,30.78,92,53,,16
7502,Election_Day,735,159,21.63,83,58,,18
7502,VBM,735,259,35.24,142,100,,17
7503,Election_Day,706,156,22.1,91,48,1,16
7503,VBM,706,213,30.17,132,68,,13
7504,Election_Day,454,98,21.59,55,27,,16
7504,VBM,454,141,31.06,85,42,,14
7505,Election_Day,853,148,17.35,81,48,,19
7505,VBM,853,426,49.94,294,95,1,36
7506,Election_Day,908,202,22.25,131,45,,26
7506,VBM,908,263,28.96,155,79,,29
7507,Election_Day,927,152,16.4,80,44,1,27
7507,VBM,927,263,28.37,156,93,,14
7508,Election_Day,683,122,17.86,71,31,,20
7508,VBM,683,304,44.51,187,97,,20
7509-7511,Election_Day,896,195,21.76,124,50,,21
7509-7511,VBM,896,323,36.05,190,102,,31
7512,Election_Day,579,100,17.27,61,29,,10
7512,VBM,579,217,37.48,137,57,,23
7513,Election_Day,735,172,23.4,97,45,,30
7513,VBM,735,183,24.9,120,39,,24
7514,Election_Day,803,92,11.46,53,21,,18
7514,VBM,803,194,24.16,123,48,,23
7515,Election_Day,826,158,19.13,98,44,,16
7515,VBM,826,278,33.66,175,80,,23
7516,Election_Day,805,160,19.88,84,53,,23
7516,VBM,805,361,44.84,214,114,,33
7517,Election_Day,877,260,29.65,138,100,,22
7517,VBM,877,283,32.27,171,90,1,21
7518,Election_Day,905,292,32.27,144,117,,31
7518,VBM,905,291,32.15,167,97,,27
7519,Election_Day,741,228,30.77,122,84,,22
7519,VBM,741,206,27.8,114,72,,20
7521,Election_Day,773,236,30.53,142,77,,17
7521,VBM,773,230,29.75,147,65,,18
7522,Election_Day,801,240,29.96,129,86,,25
7522,VBM,801,266,33.21,140,96,,30
7523,Election_Day,743,256,34.45,136,99,,21
7523,VBM,743,205,27.59,114,65,,26
7524,Election_Day,638,173,27.12,106,53,,14
7524,VBM,638,183,28.68,108,58,,17
7525,Election_Day,800,168,21,97,43,,28
7525,VBM,800,224,28,132,65,,27
7526,Election_Day,890,212,23.82,118,68,,26
7526,VBM,890,340,38.2,193,107,,40
7527-7528,Election_Day,714,191,26.75,112,51,,28
7527-7528,VBM,714,216,30.25,117,68,,31
7529,Election_Day,896,256,28.57,138,98,,20
7529,VBM,896,286,31.92,157,107,,22
7531,Election_Day,879,246,27.99,134,88,,24
7531,VBM,879,258,29.35,143,86,1,28
7532,Election_Day,795,212,26.67,126,68,,18
7532,VBM,795,252,31.7,138,91,,23
7533,Election_Day,927,331,35.71,185,120,,26
7533,VBM,927,282,30.42,135,120,,27
7534,Election_Day,882,278,31.52,150,106,,22
7534,VBM,882,276,31.29,178,74,,24
7535,Election_Day,761,245,32.19,141,82,,22
7535,VBM,761,248,32.59,156,76,,16
7536,Election_Day,804,257,31.97,144,80,,33
7536,VBM,804,284,35.32,177,84,,23
7537,Election_Day,737,218,29.58,111,82,,25
7537,VBM,737,237,32.16,142,74,,21
7538,Election_Day,774,239,30.88,121,95,,23
7538,VBM,774,267,34.5,163,83,1,20
7539,Election_Day,891,310,34.79,152,132,,26
7539,VBM,891,255,28.62,145,90,,20
7541,Election_Day,792,216,27.27,100,96,,20
7541,VBM,792,265,33.46,152,90,,23
7542,Election_Day,844,259,30.69,125,97,,37
7542,VBM,844,244,28.91,134,83,,27
7543,Election_Day,886,199,22.46,118,67,,14
7543,VBM,886,322,36.34,207,96,,19
7544,Election_Day,856,214,25,123,76,,15
7544,VBM,856,305,35.63,177,97,,31
7545,Election_Day,851,210,24.68,117,72,,21
7545,VBM,851,295,34.67,158,113,,24
7546,Election_Day,857,289,33.72,154,115,,20
7546,VBM,857,274,31.97,154,100,,20
7547,Election_Day,969,282,29.1,157,91,,34
7547,VBM,969,314,32.4,191,105,,18
7548,Election_Day,1029,270,26.24,147,91,1,31
7548,VBM,1029,366,35.57,223,108,,35
7549,Election_Day,789,214,27.12,124,62,,28
7549,VBM,789,266,33.71,167,84,,15
7551,Election_Day,682,219,32.11,112,89,,18
7551,VBM,682,221,32.4,125,77,,19
7552,Election_Day,702,203,28.92,118,62,,23
7552,VBM,702,229,32.62,147,64,,18
7553,Election_Day,166,3,1.81,2,1,,
7553,VBM,166,89,53.61,58,29,,2
7554,Election_Day,808,228,28.22,137,68,,23
7554,VBM,808,311,38.49,206,79,,26
7555,Election_Day,848,253,29.83,138,87,,28
7555,VBM,848,313,36.91,179,118,,16
7556-7557,Election_Day,955,268,28.06,164,79,,25
7556-7557,VBM,955,367,38.43,221,123,,23
7601,Election_Day,828,150,18.12,85,50,1,14
7601,VBM,828,184,22.22,108,57,,19
7602,Election_Day,884,183,20.7,105,56,,22
7602,VBM,884,256,28.96,153,79,,24
7603,Election_Day,791,187,23.64,103,61,,23
7603,VBM,791,238,30.09,157,56,,25
7604,Election_Day,841,186,22.12,113,54,,19
7604,VBM,841,243,28.89,151,70,,22
7605,Election_Day,693,122,17.6,75,28,,19
7605,VBM,693,161,23.23,110,29,,22
7606,Election_Day,881,137,15.55,73,49,,15
7606,VBM,881,230,26.11,149,56,,25
7607,Election_Day,942,189,20.06,116,55,,18
7607,VBM,942,273,28.98,166,79,,28
7608,Election_Day,417,51,12.23,30,15,,6
7608,VBM,417,108,25.9,68,24,,16
7609,Election_Day,917,83,9.05,66,7,,10
7609,VBM,917,291,31.73,205,54,,32
7611,Election_Day,793,94,11.85,46,24,,24
7611,VBM,793,223,28.12,134,47,,42
7612,Election_Day,579,84,14.51,38,31,1,14
7612,VBM,579,167,28.84,106,47,,14
7613,Election_Day,917,156,17.01,88,43,1,24
7613,VBM,917,248,27.04,164,55,,29
7614,Election_Day,1046,171,16.35,98,47,,26
7614,VBM,1046,284,27.15,158,94,,32
7615,Election_Day,996,112,11.24,63,29,,20
7615,VBM,996,203,20.38,129,56,,18
7616,Election_Day,713,120,16.83,76,31,,13
7616,VBM,713,278,38.99,176,71,,31
7617,Election_Day,801,95,11.86,52,22,,21
7617,VBM,801,240,29.96,158,63,,19
7618,Election_Day,847,156,18.42,79,62,,15
7618,VBM,847,291,34.36,163,108,,20
7619,Election_Day,1473,258,17.52,137,83,,38
7619,VBM,1473,468,31.77,292,137,,39
7621,Election_Day,912,162,17.76,94,46,,22
7621,VBM,912,310,33.99,180,99,,31
7622,Election_Day,901,114,12.65,65,32,,17
7622,VBM,901,198,21.98,134,46,,18
7623,Election_Day,759,121,15.94,70,33,,18
7623,VBM,759,193,25.43,135,50,,8
7624,Election_Day,957,105,10.97,68,29,,8
7624,VBM,957,211,22.05,141,48,,22
7625,Election_Day,853,64,7.5,40,13,,11
7625,VBM,853,396,46.42,241,95,,60
7626,Election_Day,953,158,16.58,87,50,1,20
7626,VBM,953,356,37.36,208,111,,37
7627,Election_Day,1123,182,16.21,126,40,,16
7627,VBM,1123,374,33.3,187,150,1,36
7628,Election_Day,913,180,19.72,100,58,,22
7628,VBM,913,307,33.63,165,102,,40
7629,Election_Day,756,146,19.31,88,42,,16
7629,VBM,756,199,26.32,120,66,,13
7631,Election_Day,931,182,19.55,99,59,,24
7631,VBM,931,315,33.83,184,103,1,27
7632,Election_Day,642,146,22.74,90,42,,14
7632,VBM,642,198,30.84,110,68,,20
7633,Election_Day,638,122,19.12,55,49,,18
7633,VBM,638,233,36.52,137,65,,31
7634,Election_Day,901,149,16.54,76,45,,28
7634,VBM,901,312,34.63,199,88,,25
7635,Election_Day,707,123,17.4,69,42,,12
7635,VBM,707,235,33.24,133,69,,33
7636,Election_Day,840,174,20.71,88,71,1,14
7636,VBM,840,265,31.55,138,104,,23
7637,Election_Day,1075,170,15.81,95,53,,22
7637,VBM,1075,397,36.93,213,147,,37
7638,Election_Day,999,132,13.21,76,35,,21
7638,VBM,999,402,40.24,199,179,,24
7639,Election_Day,868,159,18.32,86,51,,22
7639,VBM,868,274,31.57,139,111,,24
7641,Election_Day,881,147,16.69,90,48,,9
7641,VBM,881,330,37.46,187,120,,23
7642,Election_Day,879,143,16.27,68,39,,36
7642,VBM,879,397,45.16,185,96,,116
7643,Election_Day,860,125,14.53,71,41,,13
7643,VBM,860,339,39.42,198,112,,29
7644,Election_Day,918,190,20.7,120,45,,25
7644,VBM,918,275,29.96,156,86,,33
7645,Election_Day,607,88,14.5,60,20,,8
7645,VBM,607,270,44.48,161,87,,22
7646,Election_Day,1601,274,17.11,167,71,,36
7646,VBM,1601,574,35.85,330,184,,60
7647,Election_Day,861,167,19.4,99,46,,22
7647,VBM,861,169,19.63,117,38,1,13
7648,Election_Day,7,0,0,,,,
7648,VBM,7,2,28.57,2,,,
7701,Election_Day,938,290,30.92,163,103,1,23
7701,VBM,938,328,34.97,200,110,,18
7702,Election_Day,752,161,21.41,92,53,,16
7702,VBM,752,323,42.95,182,112,1,28
7703,Election_Day,137,2,1.46,1,,,1
7703,VBM,137,55,40.15,37,11,,7
7704,Election_Day,943,239,25.34,114,110,,15
7704,VBM,943,393,41.68,206,148,,39
7705,Election_Day,536,148,27.61,79,51,,18
7705,VBM,536,228,42.54,104,112,,12
7706,Election_Day,813,220,27.06,96,108,,16
7706,VBM,813,356,43.79,180,153,,23
7707,Election_Day,817,215,26.32,107,95,,13
7707,VBM,817,348,42.59,178,147,,23
7708,Election_Day,853,181,21.22,89,79,,13
7708,VBM,853,365,42.79,177,165,,23
7709,Election_Day,359,97,27.02,46,45,,6
7709,VBM,359,180,50.14,93,72,,15
7711,Election_Day,763,188,24.64,107,64,,17
7711,VBM,763,310,40.63,160,128,,22
7712,Election_Day,543,142,26.15,65,63,,14
7712,VBM,543,223,41.07,107,98,1,17
7801,Election_Day,928,266,28.66,164,85,,17
7801,VBM,928,394,42.46,216,149,,29
7802,Election_Day,732,223,30.46,119,88,,16
7802,VBM,732,285,38.93,171,94,,20
7803,Election_Day,775,172,22.19,102,55,,15
7803,VBM,775,403,52,240,137,,26
7804,Election_Day,881,261,29.63,157,83,,21
7804,VBM,881,368,41.77,205,137,,26
7805,Election_Day,795,207,26.04,121,74,,12
7805,VBM,795,331,41.64,190,110,1,30
7806,Election_Day,727,205,28.2,111,76,,18
7806,VBM,727,267,36.73,168,81,,18
7807,Election_Day,729,243,33.33,150,74,,19
7807,VBM,729,229,31.41,133,77,,19
7808,Election_Day,653,218,33.38,116,77,,25
7808,VBM,653,217,33.23,118,83,,16
7809,Election_Day,978,265,27.1,162,78,,25
7809,VBM,978,357,36.5,219,105,,33
7811,Election_Day,731,207,28.32,94,92,,21
7811,VBM,731,235,32.15,115,106,,14
7812,Election_Day,819,229,27.96,125,76,,28
7812,VBM,819,294,35.9,180,93,1,20
7813,Election_Day,982,306,31.16,152,125,,29
7813,VBM,982,367,37.37,205,137,1,24
7814,Election_Day,835,177,21.2,83,72,,22
7814,VBM,835,209,25.03,120,66,1,22
7815,Election_Day,890,226,25.39,129,74,,23
7815,VBM,890,392,44.04,239,125,1,27
7816,Election_Day,837,236,28.2,138,83,,15
7816,VBM,837,396,47.31,257,115,,24
7817,Election_Day,781,268,34.31,137,106,,25
7817,VBM,781,301,38.54,186,99,,16
7818,Election_Day,828,235,28.38,122,87,,26
7818,VBM,828,323,39.01,178,127,,18
7819,Election_Day,762,213,27.95,115,80,,18
7819,VBM,762,270,35.43,156,92,,22
7821,Election_Day,918,254,27.67,144,89,,21
7821,VBM,918,399,43.46,211,158,1,29
7822,Election_Day,873,277,31.73,150,99,,28
7822,VBM,873,300,34.36,165,111,,24
7823,Election_Day,854,253,29.63,114,110,,29
7823,VBM,854,321,37.59,182,115,,24
7824,Election_Day,748,213,28.48,103,80,,30
7824,VBM,748,269,35.96,135,113,,21
7825,Election_Day,547,174,31.81,88,75,,11
7825,VBM,547,193,35.28,116,63,,14
7826,Election_Day,672,214,31.85,111,75,,28
7826,VBM,672,251,37.35,137,95,,19
7827,Election_Day,890,249,27.98,112,104,,33
7827,VBM,890,270,30.34,140,106,1,23
7828,Election_Day,935,238,25.45,133,90,,15
7828,VBM,935,397,42.46,216,148,,33
7829,Election_Day,845,217,25.68,109,96,,12
7829,VBM,845,385,45.56,221,143,,21
7831,Election_Day,878,255,29.04,153,79,,23
7831,VBM,878,364,41.46,232,114,1,17
7832,Election_Day,782,221,28.26,138,72,,11
7832,VBM,782,348,44.5,212,109,1,26
7833,Election_Day,753,192,25.5,95,73,,24
7833,VBM,753,281,37.32,155,96,1,29
7834,Election_Day,852,279,32.75,114,141,,24
7834,VBM,852,267,31.34,143,106,,18
7835,Election_Day,787,217,27.57,116,81,,20
7835,VBM,787,321,40.79,198,109,,14
7836,Election_Day,948,247,26.05,132,100,,15
7836,VBM,948,403,42.51,210,154,,39
7837,Election_Day,868,247,28.46,149,79,,19
7837,VBM,868,358,41.24,195,134,,29
7838,Election_Day,895,227,25.36,142,68,,17
7838,VBM,895,424,47.37,235,162,1,26
7839,Election_Day,824,218,26.46,113,72,1,32
7839,VBM,824,359,43.57,218,118,,23
7841,Election_Day,904,271,29.98,131,114,,26
7841,VBM,904,361,39.93,199,133,,29
7842,Election_Day,864,292,33.8,149,120,,23
7842,VBM,864,292,33.8,157,115,1,19
7843,Election_Day,733,228,31.11,107,91,,30
7843,VBM,733,231,31.51,124,93,,14
7844,Election_Day,653,199,30.47,93,86,,20
7844,VBM,653,216,33.08,123,76,,17
7845,Election_Day,835,235,28.14,130,87,,18
7845,VBM,835,319,38.2,215,82,,22
7846,Election_Day,886,248,27.99,143,86,,19
7846,VBM,886,326,36.79,199,107,,20
7847,Election_Day,888,254,28.6,135,98,,21
7847,VBM,888,328,36.94,215,87,,26
7848,Election_Day,860,246,28.6,141,83,,22
7848,VBM,860,351,40.81,203,118,,30
7849,Election_Day,920,290,31.52,153,121,,16
7849,VBM,920,326,35.43,189,113,,24
7851,Election_Day,502,114,22.71,52,51,,11
7851,VBM,502,230,45.82,121,94,,15
7852,Election_Day,633,153,24.17,83,57,,13
7852,VBM,633,268,42.34,127,120,,21
7853,Election_Day,817,213,26.07,123,77,,13
7853,VBM,817,319,39.05,196,100,1,22
7854,Election_Day,884,248,28.05,147,81,,20
7854,VBM,884,339,38.35,196,118,,25
7855,Election_Day,881,282,32.01,168,91,,23
7855,VBM,881,323,36.66,169,123,,31
7856,Election_Day,785,231,29.43,113,96,,22
7856,VBM,785,312,39.75,172,113,,27
7857,Election_Day,919,232,25.24,108,105,,19
7857,VBM,919,362,39.39,208,130,,24
7858,Election_Day,750,240,32,110,106,,24
7858,VBM,750,240,32,133,93,1,13
7859,Election_Day,844,226,26.78,126,81,,19
7859,VBM,844,346,41,195,120,,31
7861,Election_Day,844,240,28.44,134,78,,28
7861,VBM,844,315,37.32,184,97,,34
7862,Election_Day,884,265,29.98,144,101,,20
7862,VBM,884,320,36.2,199,103,,18
7863,Election_Day,879,279,31.74,150,108,,21
7863,VBM,879,288,32.76,158,107,,23
7864,Election_Day,769,214,27.83,127,66,,21
7864,VBM,769,266,34.59,136,110,1,19
7865,Election_Day,814,258,31.7,122,114,,22
7865,VBM,814,300,36.86,177,100,,23
7866,Election_Day,786,196,24.94,100,81,,15
7866,VBM,786,361,45.93,195,141,1,24
7867,Election_Day,892,251,28.14,141,86,,24
7867,VBM,892,340,38.12,188,132,,20
7868,Election_Day,835,212,25.39,120,75,,17
7868,VBM,835,331,39.64,202,109,,20
7869,Election_Day,832,248,29.81,123,95,,30
7869,VBM,832,361,43.39,201,132,,28
7871,Election_Day,863,253,29.32,144,86,,23
7871,VBM,863,355,41.14,201,125,1,28
7872,Election_Day,876,284,32.42,130,124,,30
7872,VBM,876,345,39.38,199,121,1,24
7873,Election_Day,847,249,29.4,136,90,,23
7873,VBM,847,345,40.73,181,132,1,31
7874,Election_Day,461,127,27.55,67,46,,14
7874,VBM,461,167,36.23,97,59,1,10
7875,Election_Day,580,108,18.62,66,31,,11
7875,VBM,580,219,37.76,132,70,,17
7901,Election_Day,1134,281,24.78,155,95,,31
7901,VBM,1134,312,27.51,180,104,1,27
7902,Election_Day,935,254,27.17,122,107,,25
7902,VBM,935,243,25.99,152,79,,12
7903,Election_Day,848,186,21.93,95,62,,29
7903,VBM,848,240,28.3,147,74,,19
7904,Election_Day,861,176,20.44,92,69,,15
7904,VBM,861,269,31.24,151,92,,26
7905,Election_Day,821,225,27.41,109,91,,25
7905,VBM,821,261,31.79,147,93,,21
7906,Election_Day,778,229,29.43,113,101,,15
7906,VBM,778,234,30.08,131,85,,18
7907,Election_Day,925,258,27.89,138,92,,28
7907,VBM,925,289,31.24,148,112,1,28
7908,Election_Day,935,249,26.63,117,110,,22
7908,VBM,935,271,28.98,166,87,,18
7909,Election_Day,735,217,29.52,99,101,,17
7909,VBM,735,204,27.76,118,74,,12
7911,Election_Day,849,238,28.03,122,95,,21
7911,VBM,849,277,32.63,137,115,,25
7912,Election_Day,1004,263,26.2,133,97,,33
7912,VBM,1004,306,30.48,157,117,,32
7913,Election_Day,890,293,32.92,159,102,,32
7913,VBM,890,252,28.31,123,114,,15
7914,Election_Day,859,265,30.85,133,100,,32
7914,VBM,859,270,31.43,124,119,,27
7915,Election_Day,784,239,30.48,117,99,,23
7915,VBM,784,195,24.87,105,75,,15
7916,Election_Day,867,257,29.64,120,112,,25
7916,VBM,867,268,30.91,152,103,,13
7917,Election_Day,1003,296,29.51,142,129,,25
7917,VBM,1003,286,28.51,151,111,1,23
7918,Election_Day,807,244,30.24,133,89,,22
7918,VBM,807,238,29.49,128,96,1,13
7919,Election_Day,858,270,31.47,157,91,1,21
7919,VBM,858,226,26.34,116,94,,16
7921,Election_Day,893,229,25.64,118,85,,26
7921,VBM,893,244,27.32,157,74,1,12
7922,Election_Day,836,229,27.39,121,83,,25
7922,VBM,836,277,33.13,146,109,,22
7923,Election_Day,877,252,28.73,116,119,,17
7923,VBM,877,276,31.47,143,111,,22
7924,Election_Day,815,226,27.73,110,90,,26
7924,VBM,815,252,30.92,123,113,,16
7925,Election_Day,551,154,27.95,62,81,,11
7925,VBM,551,194,35.21,107,77,,10
7926,Election_Day,786,219,27.86,110,93,,16
7926,VBM,786,272,34.61,149,101,1,21
7927,Election_Day,751,247,32.89,125,102,1,19
7927,VBM,751,270,35.95,158,97,1,14
7928,Election_Day,907,302,33.3,139,137,,26
7928,VBM,907,315,34.73,184,104,,27
7929,Election_Day,833,227,27.25,126,83,,18
7929,VBM,833,351,42.14,198,135,1,17
7931,Election_Day,737,207,28.09,118,75,1,13
7931,VBM,737,325,44.1,192,109,3,21
7932,Election_Day,531,133,25.05,77,48,,8
7932,VBM,531,197,37.1,110,76,,11
7933,Election_Day,8,0,0,,,,
7933,VBM,8,6,75,4,1,,1
7934,Election_Day,831,219,26.35,98,96,,25
7934,VBM,831,308,37.06,180,105,,23
7935,Election_Day,907,273,30.1,133,113,,27
7935,VBM,907,344,37.93,194,132,,18
7936,Election_Day,843,266,31.55,136,104,,26
7936,VBM,843,294,34.88,169,106,1,18
7937,Election_Day,870,246,28.28,135,86,,25
7937,VBM,870,313,35.98,186,101,2,24
7938,Election_Day,753,213,28.29,104,89,,20
7938,VBM,753,221,29.35,103,101,,17
7939,Election_Day,659,230,34.9,110,99,,21
7939,VBM,659,227,34.45,127,89,,11
7941,Election_Day,761,208,27.33,108,84,,16
7941,VBM,761,273,35.87,131,114,,28
7942,Election_Day,868,217,25,118,80,,19
7942,VBM,868,272,31.34,140,99,1,32
7943,Election_Day,873,238,27.26,121,96,,21
7943,VBM,873,304,34.82,170,110,,24
7944,Election_Day,793,235,29.63,118,95,,22
7944,VBM,793,247,31.15,142,91,,14
7945,Election_Day,846,113,13.36,67,32,,14
7945,VBM,846,305,36.05,171,111,,23
7946,Election_Day,915,149,16.28,79,62,,8
7946,VBM,915,337,36.83,159,146,1,31
7947,Election_Day,886,156,17.61,78,58,,20
7947,VBM,886,281,31.72,145,104,,32
7948,Election_Day,875,190,21.71,97,79,,14
7948,VBM,875,281,32.11,153,104,,24
7949,Election_Day,538,80,14.87,42,26,,12
7949,VBM,538,197,36.62,85,94,,18
7951,Election_Day,752,117,15.56,64,40,,13
7951,VBM,752,306,40.69,134,147,,25
7952,Election_Day,778,137,17.61,70,53,,14
7952,VBM,778,257,33.03,122,114,,21
7953,Election_Day,794,156,19.65,85,53,,18
7953,VBM,794,285,35.89,146,110,1,28
7954,Election_Day,0,0,0,,,,
7954,VBM,0,1,0,1,,,
7955,Election_Day,831,143,17.21,76,54,,13
7955,VBM,831,281,33.81,142,113,,26
7956,Election_Day,712,99,13.9,59,32,,8
7956,VBM,712,255,35.81,116,120,,19
7957,Election_Day,624,109,17.47,65,35,,9
7957,VBM,624,202,32.37,109,76,,17
7958,Election_Day,266,10,3.76,4,4,,2
7958,VBM,266,112,42.11,63,39,,10
9001,Election_Day,234,5,2.14,3,1,,1
9001,VBM,234,98,41.88,62,29,,7
9101,Election_Day,840,197,23.45,112,65,,20
9101,VBM,840,306,36.43,170,111,1,24
9102,Election_Day,892,214,23.99,117,76,,21
9102,VBM,892,319,35.76,196,102,,21
9103,Election_Day,909,192,21.12,106,64,,22
9103,VBM,909,293,32.23,168,93,1,31
9104,Election_Day,927,204,22.01,130,50,,24
9104,VBM,927,295,31.82,156,118,,21
9105,Election_Day,903,225,24.92,136,62,,27
9105,VBM,903,309,34.22,139,133,,37
9106,Election_Day,892,252,28.25,142,82,1,27
9106,VBM,892,333,37.33,198,108,,27
9107,Election_Day,767,197,25.68,103,67,1,26
9107,VBM,767,240,31.29,124,88,,28
9108,Election_Day,758,197,25.99,112,72,,13
9108,VBM,758,232,30.61,130,85,,17
9109,Election_Day,810,206,25.43,104,89,,13
9109,VBM,810,273,33.7,153,96,,24
9111,Election_Day,713,184,25.81,99,58,,27
9111,VBM,713,209,29.31,111,71,,27
9112,Election_Day,908,210,23.13,129,67,,14
9112,VBM,908,312,34.36,186,96,,30
9113,Election_Day,938,245,26.12,145,87,,13
9113,VBM,938,319,34.01,180,111,,28
9114,Election_Day,847,191,22.55,107,63,,21
9114,VBM,847,279,32.94,147,109,,23
9115,Election_Day,876,205,23.4,117,76,,12
9115,VBM,876,283,32.31,164,98,,21
9116,Election_Day,900,208,23.11,111,73,,24
9116,VBM,900,263,29.22,151,92,,20
9117,Election_Day,729,179,24.55,91,77,,11
9117,VBM,729,278,38.13,164,95,,19
9118,Election_Day,904,212,23.45,99,93,,20
9118,VBM,904,282,31.19,134,117,,31
9119,Election_Day,865,166,19.19,92,57,,17
9119,VBM,865,318,36.76,174,118,,26
9121,Election_Day,882,207,23.47,118,65,,24
9121,VBM,882,284,32.2,142,111,,31
9122,Election_Day,864,168,19.44,88,57,,23
9122,VBM,864,283,32.75,146,108,,29
9123,Election_Day,819,206,25.15,126,65,,15
9123,VBM,819,288,35.16,165,95,,28
9124,Election_Day,877,187,21.32,98,68,,21
9124,VBM,877,265,30.22,136,108,1,20
9125,Election_Day,833,183,21.97,101,58,,24
9125,VBM,833,302,36.25,162,117,,23
9126,Election_Day,914,203,22.21,115,72,,16
9126,VBM,914,326,35.67,175,134,,17
9127,Election_Day,929,234,25.19,122,94,,18
9127,VBM,929,306,32.94,170,117,,19
9128,Election_Day,826,230,27.85,134,68,,28
9128,VBM,826,270,32.69,136,107,,27
9129,Election_Day,673,182,27.04,96,69,,17
9129,VBM,673,212,31.5,113,71,,28
9131,Election_Day,733,178,24.28,96,55,,27
9131,VBM,733,248,33.83,125,103,1,19
9132,Election_Day,834,203,24.34,98,80,,25
9132,VBM,834,241,28.9,142,75,,24
9133,Election_Day,986,211,21.4,116,77,,18
9133,VBM,986,360,36.51,216,115,,29
9134,Election_Day,822,155,18.86,83,56,,16
9134,VBM,822,282,34.31,144,116,,22
9135,Election_Day,782,169,21.61,96,60,,13
9135,VBM,782,249,31.84,135,91,,23
9136,Election_Day,893,210,23.52,117,77,,16
9136,VBM,893,302,33.82,145,130,,27
9137,Election_Day,912,184,20.18,90,75,,19
9137,VBM,912,315,34.54,161,133,1,20
9138,Election_Day,858,146,17.02,74,57,,15
9138,VBM,858,284,33.1,168,97,,19
9139,Election_Day,943,187,19.83,93,75,,19
9139,VBM,943,350,37.12,178,144,,28
9141,Election_Day,895,190,21.23,97,75,,18
9141,VBM,895,321,35.87,159,137,,25
9142,Election_Day,901,217,24.08,126,72,,19
9142,VBM,901,290,32.19,155,115,,20
9143,Election_Day,865,208,24.05,96,96,,16
9143,VBM,865,296,34.22,147,118,,31
9144,Election_Day,926,242,26.13,123,97,,22
9144,VBM,926,316,34.13,185,113,,18
9145,Election_Day,823,210,25.52,117,74,,19
9145,VBM,823,271,32.93,155,101,,15
9146,Election_Day,856,246,28.74,129,91,,26
9146,VBM,856,267,31.19,152,95,2,18
9147,Election_Day,894,233,26.06,128,84,,21
9147,VBM,894,289,32.33,142,125,,22
9148,Election_Day,943,272,28.84,150,86,,36
9148,VBM,943,295,31.28,175,89,,31
9149,Election_Day,893,236,26.43,125,88,,23
9149,VBM,893,292,32.7,156,114,,22
9151,Election_Day,775,155,20,93,54,,8
9151,VBM,775,266,34.32,145,100,,21
9152,Election_Day,724,106,14.64,64,31,,11
9152,VBM,724,158,21.82,106,38,,14
9201,Election_Day,903,240,26.58,144,74,,22
9201,VBM,903,262,29.01,168,68,,26
9202,Election_Day,871,221,25.37,157,47,,17
9202,VBM,871,239,27.44,148,75,,16
9203,Election_Day,903,174,19.27,95,51,,28
9203,VBM,903,290,32.12,160,98,,32
9204,Election_Day,753,166,22.05,92,52,,22
9204,VBM,753,226,30.01,125,82,1,18
9205,Election_Day,665,137,20.6,67,51,,19
9205,VBM,665,219,32.93,139,57,,23
9206,Election_Day,879,155,17.63,84,61,,10
9206,VBM,879,301,34.24,124,140,1,36
9207,Election_Day,858,177,20.63,93,59,,25
9207,VBM,858,242,28.21,149,73,,20
9208,Election_Day,869,183,21.06,100,53,,30
9208,VBM,869,226,26.01,119,87,,20
9209,Election_Day,658,157,23.86,84,54,,19
9209,VBM,658,182,27.66,109,59,,14
9211,Election_Day,777,162,20.85,98,48,,16
9211,VBM,777,201,25.87,105,77,,19
9212,Election_Day,762,159,20.87,82,55,,22
9212,VBM,762,211,27.69,103,85,,23
9213,Election_Day,870,172,19.77,109,38,,25
9213,VBM,870,257,29.54,148,86,,23
9214,Election_Day,565,110,19.47,57,35,,18
9214,VBM,565,194,34.34,118,61,,15
9215,Election_Day,604,134,22.19,67,48,,19
9215,VBM,604,196,32.45,110,69,,17
9216,Election_Day,712,159,22.33,89,50,,20
9216,VBM,712,170,23.88,95,57,,18
9217,Election_Day,682,148,21.7,83,49,,16
9217,VBM,682,199,29.18,117,63,,19
9218,Election_Day,743,136,18.3,73,44,,19
9218,VBM,743,214,28.8,131,66,,17
9219,Election_Day,719,182,25.31,117,42,,23
9219,VBM,719,177,24.62,98,56,,23
9221,Election_Day,611,133,21.77,76,42,,15
9221,VBM,611,259,42.39,142,100,,17
9222,Election_Day,802,151,18.83,85,53,,13
9222,VBM,802,302,37.66,184,91,,27
9223,Election_Day,591,93,15.74,55,32,,6
9223,VBM,591,210,35.53,127,62,1,20
9224,Election_Day,898,182,20.27,99,58,,25
9224,VBM,898,288,32.07,142,121,,25
9225,Election_Day,866,192,22.17,88,73,,31
9225,VBM,866,237,27.37,119,90,,28
9226,Election_Day,822,169,20.56,98,52,,19
9226,VBM,822,274,33.33,138,107,,29
9227,Election_Day,709,153,21.58,92,44,,17
9227,VBM,709,287,40.48,161,109,,17
9228,Election_Day,687,164,23.87,80,66,,18
9228,VBM,687,273,39.74,136,119,,18
9229,Election_Day,576,135,23.44,80,46,,9
9229,VBM,576,229,39.76,130,88,,11
9231,Election_Day,961,281,29.24,167,89,1,24
9231,VBM,961,308,32.05,193,94,,21
9232,Election_Day,706,181,25.64,99,59,,23
9232,VBM,706,240,33.99,130,94,,16
9233,Election_Day,748,166,22.19,102,41,,23
9233,VBM,748,280,37.43,147,122,,11
9234,Election_Day,708,141,19.92,77,49,,15
9234,VBM,708,264,37.29,155,83,1,25
9235,Election_Day,825,195,23.64,115,57,,23
9235,VBM,825,284,34.42,180,81,,23
9236,Election_Day,637,144,22.61,84,44,,16
9236,VBM,637,225,35.32,137,66,,22
9237,Election_Day,846,167,19.74,93,47,,27
9237,VBM,846,294,34.75,169,104,1,20
9238,Election_Day,778,148,19.02,78,48,,22
9238,VBM,778,297,38.17,158,108,,31
9239,Election_Day,811,154,18.99,83,52,,19
9239,VBM,811,301,37.11,173,97,,31
9241,Election_Day,903,197,21.82,105,63,,29
9241,VBM,903,281,31.12,156,101,,24
9242,Election_Day,864,192,22.22,113,60,,19
9242,VBM,864,274,31.71,155,97,,22
9243,Election_Day,567,139,24.51,76,42,,21
9243,VBM,567,193,34.04,98,73,1,21
9244,Election_Day,828,191,23.07,114,52,,25
9244,VBM,828,252,30.43,160,73,1,18
9245,Election_Day,665,157,23.61,90,45,,22
9245,VBM,665,218,32.78,131,67,,20
9246,Election_Day,861,196,22.76,108,67,,21
9246,VBM,861,294,34.15,170,91,,33
9247,Election_Day,887,202,22.77,129,54,,19
9247,VBM,887,312,35.17,180,102,,30
9248,Election_Day,834,181,21.7,91,66,,24
9248,VBM,834,286,34.29,177,83,,26
9249,Election_Day,857,219,25.55,113,82,,24
9249,VBM,857,278,32.44,168,89,,21
9251,Election_Day,882,220,24.94,132,71,,17
9251,VBM,882,312,35.37,186,99,,27
9252,Election_Day,861,170,19.74,89,63,,18
9252,VBM,861,351,40.77,204,122,,25
9253,Election_Day,741,168,22.67,95,47,,26
9253,VBM,741,231,31.17,129,72,,30
9254,Election_Day,860,203,23.6,112,66,,25
9254,VBM,860,311,36.16,171,112,,28
9255,Election_Day,513,134,26.12,72,41,,21
9255,VBM,513,156,30.41,97,46,,13
9256,Election_Day,371,83,22.37,43,24,,16
9256,VBM,371,101,27.22,60,35,,6
9257,Election_Day,284,14,4.93,7,4,,3
9257,VBM,284,156,54.93,94,53,,9
9258,Election_Day,659,130,19.73,68,55,,7
9258,VBM,659,246,37.33,131,100,2,13
9401,Election_Day,909,253,27.83,134,82,,37
9401,VBM,909,262,28.82,145,98,,19
9402,Election_Day,954,243,25.47,148,74,,21
9402,VBM,954,311,32.6,161,120,,30
9403,Election_Day,862,185,21.46,103,67,,15
9403,VBM,862,291,33.76,149,121,,21
9404,Election_Day,849,171,20.14,77,77,,17
9404,VBM,849,252,29.68,109,125,1,17
9405,Election_Day,765,186,24.31,100,67,,19
9405,VBM,765,255,33.33,133,101,,21
9406,Election_Day,862,200,23.2,98,73,,29
9406,VBM,862,263,30.51,139,103,,21
9407,Election_Day,851,211,24.79,102,81,,28
9407,VBM,851,256,30.08,122,106,,28
9408,Election_Day,805,214,26.58,116,75,,23
9408,VBM,805,244,30.31,138,83,,23
9409,Election_Day,574,168,29.27,101,50,,17
9409,VBM,574,175,30.49,106,53,,16
9411,Election_Day,987,256,25.94,143,74,,39
9411,VBM,987,293,29.69,165,109,,19
9412,Election_Day,838,213,25.42,102,92,,19
9412,VBM,838,261,31.15,119,122,,20
9413,Election_Day,871,191,21.93,94,69,,28
9413,VBM,871,292,33.52,140,133,,19
9414,Election_Day,837,175,20.91,96,53,,26
9414,VBM,837,336,40.14,174,131,,31
9415,Election_Day,764,145,18.98,75,61,,9
9415,VBM,764,259,33.9,132,108,,19
9416,Election_Day,947,225,23.76,115,93,,17
9416,VBM,947,302,31.89,142,122,,38
9417,Election_Day,709,137,19.32,55,68,,14
9417,VBM,709,235,33.15,115,103,,17
9418,Election_Day,761,160,21.02,75,72,,13
9418,VBM,761,243,31.93,115,103,,25
9419,Election_Day,841,142,16.88,66,68,,8
9419,VBM,841,307,36.5,138,141,,28
9421,Election_Day,876,145,16.55,81,45,,19
9421,VBM,876,312,35.62,157,137,1,17
9422,Election_Day,1001,240,23.98,132,88,,20
9422,VBM,1001,317,31.67,156,131,,30
9423,Election_Day,850,162,19.06,78,72,,12
9423,VBM,850,288,33.88,145,112,,31
9424,Election_Day,902,165,18.29,77,72,1,15
9424,VBM,902,295,32.71,129,139,,27
9425,Election_Day,880,155,17.61,76,55,,24
9425,VBM,880,287,32.61,157,104,,26
9426,Election_Day,766,128,16.71,62,51,,15
9426,VBM,766,248,32.38,110,121,,17
9427,Election_Day,886,143,16.14,63,61,,19
9427,VBM,886,300,33.86,130,154,,16
9428,Election_Day,890,133,14.94,62,60,,11
9428,VBM,890,325,36.52,167,138,,20
9429,Election_Day,848,197,23.23,98,85,,14
9429,VBM,848,253,29.83,123,118,,12
9431,Election_Day,941,172,18.28,80,82,,10
9431,VBM,941,348,36.98,127,188,,33
9432,Election_Day,855,183,21.4,90,79,,14
9432,VBM,855,271,31.7,120,122,,29
9433,Election_Day,882,166,18.82,80,63,1,22
9433,VBM,882,307,34.81,145,136,,26
9434,Election_Day,944,208,22.03,90,98,,20
9434,VBM,944,320,33.9,167,125,,28
9435,Election_Day,909,201,22.11,107,72,,22
9435,VBM,909,305,33.55,149,131,,25
9436,Election_Day,951,178,18.72,77,75,,26
9436,VBM,951,320,33.65,148,150,,22
9437,Election_Day,878,174,19.82,89,68,,17
9437,VBM,878,298,33.94,124,147,,27
9438,Election_Day,917,161,17.56,63,82,,16
9438,VBM,917,325,35.44,152,149,,24
9439,Election_Day,836,156,18.66,71,67,,18
9439,VBM,836,283,33.85,137,124,,22
9441,Election_Day,944,185,19.6,93,75,,17
9441,VBM,944,322,34.11,145,150,,27
9442,Election_Day,935,218,23.32,125,74,,19
9442,VBM,935,308,32.94,142,147,,19
9443,Election_Day,867,195,22.49,114,66,1,14
9443,VBM,867,266,30.68,131,119,,16
9444,Election_Day,877,125,14.25,65,45,,15
9444,VBM,877,295,33.64,137,125,,33
9445,Election_Day,918,192,20.92,91,85,,16
9445,VBM,918,329,35.84,157,149,,23
9446,Election_Day,995,210,21.11,107,88,,15
9446,VBM,995,369,37.09,163,172,,34
9447,Election_Day,892,169,18.95,89,65,,15
9447,VBM,892,317,35.54,151,141,,25
9448,Election_Day,855,155,18.13,75,64,,16
9448,VBM,855,296,34.62,143,129,,24
9449,Election_Day,763,111,14.55,49,49,,13
9449,VBM,763,276,36.17,124,129,2,21
9451,Election_Day,402,85,21.14,36,41,,8
9451,VBM,402,156,38.81,77,72,,7
9452,Election_Day,765,206,26.93,99,87,,20
9452,VBM,765,258,33.73,116,122,,20
9453,Election_Day,454,90,19.82,45,37,,8
9453,VBM,454,168,37,75,77,,16
9501,Election_Day,141,2,1.42,2,,,
9501,VBM,141,74,52.48,39,28,,7
9502,Election_Day,201,7,3.48,5,2,,
9502,VBM,201,120,59.7,71,38,,11
9503-9504,Election_Day,673,125,18.57,82,34,,9
9503-9504,VBM,673,210,31.2,121,71,,18
9505,Election_Day,738,149,20.19,91,41,,17
9505,VBM,738,223,30.22,138,66,,19
9506,Election_Day,734,160,21.8,97,46,,17
9506,VBM,734,183,24.93,126,44,,13
9507,Election_Day,731,180,24.62,96,68,,16
9507,VBM,731,258,35.29,168,71,1,18
9508,Election_Day,797,229,28.73,122,77,,30
9508,VBM,797,233,29.23,138,69,,26
9509,Election_Day,671,182,27.12,109,59,,14
9509,VBM,671,213,31.74,119,70,,24
9511,Election_Day,592,165,27.87,82,70,,13
9511,VBM,592,169,28.55,86,65,,18
9512,Election_Day,776,192,24.74,114,53,,25
9512,VBM,776,259,33.38,158,85,,16
9513,Election_Day,849,204,24.03,109,72,,23
9513,VBM,849,243,28.62,140,79,,24
9514-9522,Election_Day,890,265,29.78,146,86,,33
9514-9522,VBM,890,284,31.91,153,102,,29
9515,Election_Day,694,222,31.99,122,79,,21
9515,VBM,694,224,32.28,128,75,1,20
9516,Election_Day,855,225,26.32,107,94,,24
9516,VBM,855,282,32.98,167,91,,24
9517,Election_Day,786,215,27.35,101,77,,37
9517,VBM,786,271,34.48,145,94,,32
9518,Election_Day,750,213,28.4,122,66,1,24
9518,VBM,750,251,33.47,143,85,,23
9519,Election_Day,859,251,29.22,128,90,,33
9519,VBM,859,277,32.25,161,89,,27
9521,Election_Day,860,275,31.98,149,98,,28
9521,VBM,860,280,32.56,156,92,,32
9701,Election_Day,642,194,30.22,110,65,,19
9701,VBM,642,213,33.18,107,92,,14
9702,Election_Day,723,220,30.43,117,81,,22
9702,VBM,723,221,30.57,122,82,,17
9703,Election_Day,917,197,21.48,107,72,,18
9703,VBM,917,318,34.68,143,141,1,33
9704,Election_Day,902,228,25.28,118,81,,29
9704,VBM,902,317,35.14,159,134,,24
9705,Election_Day,859,269,31.32,156,96,,17
9705,VBM,859,285,33.18,168,98,,19
9706,Election_Day,52,1,1.92,,1,,
9706,VBM,52,39,75,26,8,,5
9707,Election_Day,741,146,19.7,77,61,,8
9707,VBM,741,283,38.19,137,134,,12
9708,Election_Day,876,225,25.68,120,81,1,23
9708,VBM,876,307,35.05,180,97,,30
9709,Election_Day,942,203,21.55,100,75,,28
9709,VBM,942,333,35.35,148,163,,22
9711,Election_Day,621,162,26.09,91,61,,10
9711,VBM,621,267,43,130,116,,21
9712,Election_Day,621,147,23.67,70,71,,6
9712,VBM,621,265,42.67,131,114,,20
9713,Election_Day,913,170,18.62,85,68,,17
9713,VBM,913,347,38.01,180,138,,29
9714,Election_Day,898,187,20.82,83,96,,8
9714,VBM,898,372,41.43,176,169,,27
9715,Election_Day,557,174,31.24,73,82,,19
9715,VBM,557,191,34.29,94,83,,14
9716,Election_Day,914,194,21.23,106,66,,22
9716,VBM,914,325,35.56,156,144,2,23
9717,Election_Day,942,217,23.04,102,99,,16
9717,VBM,942,339,35.99,156,158,,25
9718,Election_Day,819,195,23.81,91,94,,10
9718,VBM,819,356,43.47,164,171,1,20
9719,Election_Day,852,216,25.35,101,94,,21
9719,VBM,852,349,40.96,177,157,1,14
9721,Election_Day,628,176,28.03,77,91,,8
9721,VBM,628,230,36.62,99,120,,11
9722,Election_Day,608,109,17.93,51,47,,11
9722,VBM,608,264,43.42,139,102,,23
9723,Election_Day,435,58,13.33,27,28,,3
9723,VBM,435,200,45.98,88,100,,12
9724,Election_Day,903,159,17.61,60,87,,12
9724,VBM,903,349,38.65,150,182,,17
9725,Election_Day,937,156,16.65,61,76,,19
9725,VBM,937,337,35.97,160,152,,25
9726,Election_Day,676,133,19.67,82,40,,11
9726,VBM,676,175,25.89,113,43,1,18
9727,Election_Day,419,70,16.71,28,36,,6
9727,VBM,419,185,44.15,85,89,,11
9728,Election_Day,899,190,21.13,93,81,,16
9728,VBM,899,362,40.27,150,185,,27
9729,Election_Day,766,155,20.23,69,71,,15
9729,VBM,766,320,41.78,159,148,,13
9731,Election_Day,506,148,29.25,79,56,,13
9731,VBM,506,182,35.97,80,93,,9
9732,Election_Day,74,4,5.41,2,2,,
9732,VBM,74,52,70.27,23,25,,4
9733,Election_Day,209,5,2.39,2,1,,2
9733,VBM,209,143,68.42,85,49,,9
9734,Election_Day,580,133,22.93,73,49,1,10
9734,VBM,580,237,40.86,112,106,,19
9735,Election_Day,763,159,20.84,80,55,1,23
9735,VBM,763,329,43.12,153,156,1,19
9736,Election_Day,687,156,22.71,70,72,,14
9736,VBM,687,289,42.07,130,130,,29
9737,Election_Day,756,177,23.41,86,74,,17
9737,VBM,756,348,46.03,187,137,,24
9738,Election_Day,769,167,21.72,94,56,,17
9738,VBM,769,245,31.86,151,66,,28
9739,Election_Day,806,166,20.6,109,43,,14
9739,VBM,806,202,25.06,133,58,,11
9741,Election_Day,765,53,6.93,30,10,,13
9741,VBM,765,49,6.41,34,8,,7
9742,Election_Day,603,120,19.9,56,49,,15
9742,VBM,603,185,30.68,72,92,,21
9743,Election_Day,986,217,22.01,132,58,,27
9743,VBM,986,331,33.57,206,96,,29
9744,Election_Day,877,191,21.78,123,41,,27
9744,VBM,877,228,26,147,67,,14
9745,Election_Day,969,184,18.99,97,68,,19
9745,VBM,969,235,24.25,145,64,,26
9746,Election_Day,872,200,22.94,98,91,,11
9746,VBM,872,338,38.76,167,154,,17
9747,Election_Day,917,215,23.45,114,82,,19
9747,VBM,917,332,36.21,177,127,,28
9748,Election_Day,937,195,20.81,101,83,,11
9748,VBM,937,342,36.5,188,129,,25
9749,Election_Day,865,173,20,93,70,,10
9749,VBM,865,238,27.51,130,94,,14
9751,Election_Day,929,197,21.21,106,78,,13
9751,VBM,929,370,39.83,181,168,,21
9752,Election_Day,704,163,23.15,88,65,,10
9752,VBM,704,299,42.47,152,127,,20
9753,Election_Day,727,148,20.36,70,64,,14
9753,VBM,727,282,38.79,147,112,,23
9754,Election_Day,695,170,24.46,77,81,,12
9754,VBM,695,271,38.99,156,97,,18
9755,Election_Day,578,134,23.18,74,49,,11
9755,VBM,578,221,38.24,118,98,,5
9756,Election_Day,867,160,18.45,79,55,,26
9756,VBM,867,288,33.22,146,127,,15
9801,Election_Day,426,86,20.19,48,29,,9
9801,VBM,426,147,34.51,72,62,,13
9900,Election_Day,0,0,0,,,,
9900,VBM,0,0,0,,,,
9901,Election_Day,0,0,0,,,,
9901,VBM,0,0,0,,,,
9902,Election_Day,0,0,0,,,,
9902,VBM,0,0,0,,,,
