precinct,ballot_type,registered,ballots_cast,turnout,Yes,No,over_votes,under_votes
1101,Election_Day,518,83,16.02,71,6,,6
1101,VBM,518,168,32.43,128,32,,8
1102,Election_Day,931,255,27.39,196,45,,14
1102,VBM,931,309,33.19,226,65,,18
1103,Election_Day,897,192,21.4,150,31,,11
1103,VBM,897,316,35.23,231,64,,21
1104/1105,Election_Day,925,191,20.65,146,29,,16
1104/1105,VBM,925,289,31.24,230,38,,21
1106,Election_Day,760,157,20.66,124,22,,11
1106,VBM,760,248,32.63,175,60,,13
1107,Election_Day,723,130,17.98,104,16,,10
1107,VBM,723,233,32.23,169,44,,20
1108,Election_Day,896,160,17.86,126,23,1,10
1108,VBM,896,339,37.83,266,49,,24
1109,Election_Day,770,132,17.14,109,14,,9
1109,VBM,770,265,34.42,201,41,,23
1111,Election_Day,916,148,16.16,118,14,,16
1111,VBM,916,289,31.55,228,38,,23
1112,Election_Day,701,113,16.12,95,10,,8
1112,VBM,701,221,31.53,180,24,,17
1113,Election_Day,663,100,15.08,80,15,,5
1113,VBM,663,235,35.44,172,49,,14
1114,Election_Day,905,170,18.78,131,20,,19
1114,VBM,905,274,30.28,207,47,1,19
1115,Election_Day,848,136,16.04,108,14,,14
1115,VBM,848,289,34.08,220,45,,24
1116,Election_Day,812,148,18.23,115,19,,14
1116,VBM,812,238,29.31,194,28,,16
1117,Election_Day,817,153,18.73,125,10,,18
1117,VBM,817,244,29.87,187,45,,12
1118,Election_Day,972,176,18.11,148,16,,12
1118,VBM,972,318,32.72,254,51,,13
1119,Election_Day,719,121,16.83,105,6,,10
1119,VBM,719,241,33.52,189,34,2,16
1121,Election_Day,642,115,17.91,85,21,,9
1121,VBM,642,219,34.11,157,44,,18
1122,Election_Day,613,105,17.13,81,15,,9
1122,VBM,613,194,31.65,126,52,1,15
1123,Election_Day,881,139,15.78,115,10,,14
1123,VBM,881,242,27.47,187,40,,15
1124,Election_Day,758,145,19.13,122,9,,14
1124,VBM,758,207,27.31,164,31,,12
1125,Election_Day,935,115,12.3,98,8,,9
1125,VBM,935,288,30.8,221,43,2,22
1126,Election_Day,864,147,17.01,123,16,,8
1126,VBM,864,283,32.75,228,34,,21
1127,Election_Day,841,158,18.79,114,28,,16
1127,VBM,841,280,33.29,198,60,,22
1128,Election_Day,813,116,14.27,88,21,,7
1128,VBM,813,261,32.1,193,52,,16
1129,Election_Day,852,136,15.96,99,15,,22
1129,VBM,852,269,31.57,203,41,,25
1131,Election_Day,787,108,13.72,83,11,,14
1131,VBM,787,276,35.07,196,64,,16
1132,Election_Day,910,135,14.84,99,23,,13
1132,VBM,910,333,36.59,235,71,,27
1133,Election_Day,811,128,15.78,95,23,,10
1133,VBM,811,283,34.9,205,60,1,17
1134,Election_Day,720,142,19.72,115,18,,9
1134,VBM,720,218,30.28,164,42,1,11
1135,Election_Day,495,86,17.37,57,22,,7
1135,VBM,495,184,37.17,115,51,,18
1136,Election_Day,775,103,13.29,71,22,,10
1136,VBM,775,294,37.94,202,63,2,27
1141,Election_Day,960,157,16.35,124,14,,19
1141,VBM,960,371,38.65,286,60,,25
1142,Election_Day,755,144,19.07,114,13,,17
1142,VBM,755,260,34.44,191,39,,30
1143,Election_Day,974,205,21.05,167,21,,17
1143,VBM,974,316,32.44,256,42,1,17
1144,Election_Day,864,184,21.3,143,24,1,16
1144,VBM,864,275,31.83,213,44,1,17
1145,Election_Day,878,170,19.36,120,28,,22
1145,VBM,878,341,38.84,254,72,1,14
1146,Election_Day,927,168,18.12,143,18,,7
1146,VBM,927,318,34.3,249,43,1,25
1147,Election_Day,860,176,20.47,126,32,,18
1147,VBM,860,290,33.72,228,47,,15
1148,Election_Day,900,172,19.11,129,28,1,14
1148,VBM,900,280,31.11,203,50,,27
1149,Election_Day,873,192,21.99,160,14,,18
1149,VBM,873,274,31.39,191,55,,28
1151,Election_Day,0,0,0,,,,
1151,VBM,0,0,0,,,,
1152,Election_Day,826,154,18.64,115,28,,11
1152,VBM,826,280,33.9,221,42,,17
1153,Election_Day,886,163,18.4,126,24,,13
1153,VBM,886,287,32.39,218,46,,23
1154,Election_Day,0,0,0,,,,
1154,VBM,0,0,0,,,,
7001,Election_Day,647,143,22.1,117,19,,7
7001,VBM,647,209,32.3,171,20,,18
7002,Election_Day,934,177,18.95,146,15,,16
7002,VBM,934,303,32.44,209,68,,26
7003,Election_Day,850,216,25.41,168,33,,15
7003,VBM,850,341,40.12,254,68,,19
7004,Election_Day,823,196,23.82,149,27,,20
7004,VBM,823,312,37.91,239,49,,24
7005,Election_Day,810,243,30,178,35,,30
7005,VBM,810,262,32.35,197,45,1,19
7006,Election_Day,900,235,26.11,180,33,1,21
7006,VBM,900,301,33.44,247,34,,20
7007,Election_Day,938,274,29.21,208,41,1,24
7007,VBM,938,343,36.57,256,54,1,32
7008,Election_Day,819,213,26.01,164,34,,15
7008,VBM,819,357,43.59,248,73,1,35
7009,Election_Day,873,178,20.39,142,22,,14
7009,VBM,873,315,36.08,248,47,,20
7011,Election_Day,990,170,17.17,141,19,1,9
7011,VBM,990,215,21.72,164,36,,15
7012,Election_Day,937,251,26.79,197,34,,20
7012,VBM,937,341,36.39,261,56,1,23
7013,Election_Day,670,128,19.1,100,20,,8
7013,VBM,670,255,38.06,188,46,,21
7014,Election_Day,971,241,24.82,190,34,,17
7014,VBM,971,329,33.88,259,47,,23
7015,Election_Day,91,3,3.3,2,,,1
7015,VBM,91,47,51.65,38,4,,5
7016,Election_Day,885,122,13.79,100,14,,8
7016,VBM,885,223,25.2,181,26,,16
7017,Election_Day,721,81,11.23,64,4,,13
7017,VBM,721,150,20.8,124,16,,10
7018,Election_Day,904,106,11.73,89,4,,13
7018,VBM,904,305,33.74,248,41,,16
7019,Election_Day,883,136,15.4,108,12,,16
7019,VBM,883,319,36.13,254,48,,17
7021,Election_Day,910,141,15.49,110,10,,21
7021,VBM,910,235,25.82,187,32,1,15
7022,Election_Day,969,157,16.2,136,7,,14
7022,VBM,969,245,25.28,201,32,,12
7023,Election_Day,878,134,15.26,109,14,,11
7023,VBM,878,253,28.82,206,29,,18
7024,Election_Day,290,21,7.24,18,1,,2
7024,VBM,290,23,7.93,19,4,,
7025,Election_Day,460,61,13.26,47,4,,10
7025,VBM,460,82,17.83,70,5,,7
7026,Election_Day,927,108,11.65,91,7,,10
7026,VBM,927,334,36.03,236,63,,35
7027,Election_Day,823,143,17.38,111,18,,14
7027,VBM,823,242,29.4,195,29,,18
7028,Election_Day,838,146,17.42,123,10,,13
7028,VBM,838,178,21.24,149,17,1,11
7029,Election_Day,853,102,11.96,92,2,,8
7029,VBM,853,149,17.47,123,15,1,10
7030,Election_Day,727,80,11,59,17,,4
7030,VBM,727,234,32.19,163,52,1,18
7031,Election_Day,412,39,9.47,34,3,,2
7031,VBM,412,179,43.45,145,22,1,11
7032,Election_Day,857,131,15.29,110,12,,9
7032,VBM,857,232,27.07,186,22,,24
7033,Election_Day,767,150,19.56,116,12,1,21
7033,VBM,767,158,20.6,139,10,,9
7034,Election_Day,875,94,10.74,79,2,,13
7034,VBM,875,143,16.34,120,13,,10
7035,Election_Day,386,71,18.39,60,6,,5
7035,VBM,386,113,29.27,88,20,,5
7036,Election_Day,862,92,10.67,73,5,1,13
7036,VBM,862,233,27.03,195,27,,11
7037,Election_Day,762,83,10.89,69,3,,11
7037,VBM,762,70,9.19,58,5,,7
7038,Election_Day,874,90,10.3,67,10,,13
7038,VBM,874,242,27.69,181,39,1,21
7039,Election_Day,764,168,21.99,129,21,,18
7039,VBM,764,194,25.39,139,39,,16
7041,Election_Day,55,3,5.45,3,,,
7041,VBM,55,20,36.36,17,3,,
7042,Election_Day,627,100,15.95,76,14,,10
7042,VBM,627,202,32.22,163,31,,8
7043,Election_Day,884,111,12.56,96,5,,10
7043,VBM,884,257,29.07,209,29,,19
7044,Election_Day,785,85,10.83,68,6,,11
7044,VBM,785,104,13.25,81,16,,7
7045,Election_Day,736,99,13.45,72,16,,11
7045,VBM,736,242,32.88,193,26,1,22
7046,Election_Day,416,61,14.66,52,8,,1
7046,VBM,416,139,33.41,104,31,,4
7047,Election_Day,783,98,12.52,73,17,,8
7047,VBM,783,282,36.02,216,45,1,20
7048,Election_Day,793,106,13.37,90,8,,8
7048,VBM,793,210,26.48,156,35,1,18
7049,Election_Day,778,105,13.5,68,18,1,18
7049,VBM,778,218,28.02,147,49,,22
7051,Election_Day,839,80,9.54,62,8,,10
7051,VBM,839,297,35.4,222,51,,24
7052,Election_Day,813,126,15.5,95,19,,12
7052,VBM,813,266,32.72,191,57,1,17
7053,Election_Day,446,40,8.97,34,6,,
7053,VBM,446,170,38.12,110,41,,19
7054,Election_Day,949,179,18.86,154,13,,12
7054,VBM,949,252,26.55,208,26,,18
7101,Election_Day,135,9,6.67,7,,,2
7101,VBM,135,81,60,68,12,,1
7201,Election_Day,874,170,19.45,117,29,,24
7201,VBM,874,322,36.84,228,62,,32
7202,Election_Day,783,180,22.99,121,39,,20
7202,VBM,783,258,32.95,150,81,1,26
7203,Election_Day,806,209,25.93,145,36,,28
7203,VBM,806,229,28.41,155,49,1,24
7204,Election_Day,811,155,19.11,115,27,,13
7204,VBM,811,332,40.94,234,67,,31
7205,Election_Day,826,162,19.61,103,40,,19
7205,VBM,826,288,34.87,193,77,,18
7206,Election_Day,339,89,26.25,64,15,,10
7206,VBM,339,106,31.27,72,23,,11
7207,Election_Day,584,115,19.69,86,13,,16
7207,VBM,584,191,32.71,120,52,,19
7208,Election_Day,565,117,20.71,88,16,,13
7208,VBM,565,199,35.22,143,39,,17
7209,Election_Day,529,67,12.67,48,13,,6
7209,VBM,529,288,54.44,192,67,,29
7301,Election_Day,953,142,14.9,106,24,,12
7301,VBM,953,321,33.68,217,70,,34
7302,Election_Day,773,138,17.85,105,21,,12
7302,VBM,773,358,46.31,226,89,1,42
7303,Election_Day,914,205,22.43,157,35,,13
7303,VBM,914,294,32.17,220,49,,25
7304,Election_Day,924,199,21.54,134,38,,27
7304,VBM,924,317,34.31,202,87,,28
7305,Election_Day,825,215,26.06,149,38,,28
7305,VBM,825,302,36.61,175,91,,36
7306,Election_Day,936,181,19.34,126,39,,16
7306,VBM,936,308,32.91,210,74,1,23
7307,Election_Day,717,167,23.29,117,25,,25
7307,VBM,717,231,32.22,165,44,,22
7308,Election_Day,588,171,29.08,125,30,,16
7308,VBM,588,209,35.54,148,45,1,15
7309,Election_Day,775,198,25.55,145,35,,18
7309,VBM,775,222,28.65,154,41,,27
7311,Election_Day,875,214,24.46,161,37,,16
7311,VBM,875,268,30.63,195,46,,27
7312,Election_Day,806,156,19.35,111,32,,13
7312,VBM,806,345,42.8,210,104,,31
7313,Election_Day,879,155,17.63,112,27,,16
7313,VBM,879,308,35.04,212,68,,28
7314,Election_Day,739,92,12.45,68,11,,13
7314,VBM,739,225,30.45,153,36,2,34
7315,Election_Day,695,165,23.74,123,19,,23
7315,VBM,695,193,27.77,155,25,,13
7316,Election_Day,823,142,17.25,105,17,,20
7316,VBM,823,283,34.39,196,51,1,35
7317,Election_Day,885,159,17.97,128,24,,7
7317,VBM,885,343,38.76,233,84,,26
7318,Election_Day,700,154,22,107,25,,22
7318,VBM,700,247,35.29,180,47,,20
7319,Election_Day,983,193,19.63,139,32,,22
7319,VBM,983,293,29.81,200,59,,34
7321,Election_Day,620,88,14.19,61,18,,9
7321,VBM,620,207,33.39,143,45,,19
7322,Election_Day,868,66,7.6,43,11,,12
7322,VBM,868,277,31.91,187,35,,55
7323,Election_Day,804,187,23.26,137,29,1,20
7323,VBM,804,237,29.48,166,45,,26
7324,Election_Day,657,130,19.79,104,14,,12
7324,VBM,657,207,31.51,157,29,,21
7325,Election_Day,870,159,18.28,106,27,,26
7325,VBM,870,272,31.26,204,46,1,21
7326,Election_Day,808,173,21.41,123,28,,22
7326,VBM,808,247,30.57,169,43,,35
7327,Election_Day,701,58,8.27,45,5,,8
7327,VBM,701,266,37.95,179,33,,54
7328,Election_Day,936,79,8.44,54,13,,12
7328,VBM,936,362,38.68,239,51,3,69
7329,Election_Day,543,76,14,48,19,,9
7329,VBM,543,201,37.02,125,53,,23
7331,Election_Day,831,181,21.78,116,39,1,25
7331,VBM,831,343,41.28,239,79,,25
7332,Election_Day,782,188,24.04,149,21,,18
7332,VBM,782,241,30.82,184,31,,26
7333,Election_Day,936,228,24.36,173,32,,23
7333,VBM,936,273,29.17,195,52,,26
7334,Election_Day,833,173,20.77,137,20,,16
7334,VBM,833,277,33.25,195,45,,37
7335,Election_Day,883,166,18.8,119,31,,16
7335,VBM,883,336,38.05,216,96,,24
7336,Election_Day,879,188,21.39,143,33,,12
7336,VBM,879,334,38,225,84,,25
7337,Election_Day,829,141,17.01,105,26,,10
7337,VBM,829,339,40.89,214,91,,34
7338,Election_Day,912,120,13.16,76,23,,21
7338,VBM,912,346,37.94,213,71,,62
7339,Election_Day,585,142,24.27,111,20,,11
7339,VBM,585,169,28.89,134,25,,10
7341,Election_Day,868,192,22.12,143,18,1,30
7341,VBM,868,239,27.53,180,35,,24
7342,Election_Day,908,269,29.63,216,38,1,14
7342,VBM,908,252,27.75,174,56,1,21
7343,Election_Day,647,176,27.2,134,21,,21
7343,VBM,647,176,27.2,143,23,,10
7344,Election_Day,1024,210,20.51,163,27,,20
7344,VBM,1024,356,34.77,265,57,,34
7345,Election_Day,1006,238,23.66,182,31,,25
7345,VBM,1006,314,31.21,246,42,,26
7346,Election_Day,869,217,24.97,175,20,,22
7346,VBM,869,234,26.93,190,26,,18
7347,Election_Day,954,200,20.96,177,13,,10
7347,VBM,954,311,32.6,251,34,,26
7348,Election_Day,808,143,17.7,111,28,,4
7348,VBM,808,229,28.34,163,42,,24
7349,Election_Day,893,186,20.83,146,20,,20
7349,VBM,893,297,33.26,209,62,,26
7501,Election_Day,523,142,27.15,92,28,,22
7501,VBM,523,161,30.78,110,37,,14
7502,Election_Day,735,159,21.63,108,37,,14
7502,VBM,735,259,35.24,170,66,,23
7503,Election_Day,706,156,22.1,111,27,,18
7503,VBM,706,213,30.17,149,40,,24
7504,Election_Day,454,98,21.59,69,18,,11
7504,VBM,454,141,31.06,88,29,,24
7505,Election_Day,853,148,17.35,109,21,,18
7505,VBM,853,426,49.94,314,71,1,40
7506,Election_Day,908,202,22.25,154,23,,25
7506,VBM,908,263,28.96,211,22,1,29
7507,Election_Day,927,152,16.4,115,17,,20
7507,VBM,927,263,28.37,219,23,,21
7508,Election_Day,683,122,17.86,91,10,1,20
7508,VBM,683,304,44.51,225,59,1,19
7509/7511,Election_Day,896,195,21.76,159,23,,13
7509/7511,VBM,896,323,36.05,234,65,,24
7512,Election_Day,579,100,17.27,74,13,1,12
7512,VBM,579,217,37.48,162,29,,26
7513,Election_Day,735,172,23.4,132,15,1,24
7513,VBM,735,183,24.9,145,18,,20
7514,Election_Day,803,92,11.46,73,5,,14
7514,VBM,803,194,24.16,160,15,,19
7515,Election_Day,826,158,19.13,130,14,,14
7515,VBM,826,278,33.66,218,33,,27
7516,Election_Day,805,160,19.88,111,29,,20
7516,VBM,805,361,44.84,267,64,,30
7517,Election_Day,877,260,29.65,224,22,,14
7517,VBM,877,283,32.27,212,45,,26
7518,Election_Day,905,292,32.27,228,36,,28
7518,VBM,905,291,32.15,234,35,1,21
7519,Election_Day,741,228,30.77,195,17,,16
7519,VBM,741,206,27.8,164,25,,17
7521,Election_Day,773,236,30.53,205,17,,14
7521,VBM,773,230,29.75,188,25,,17
7522,Election_Day,801,240,29.96,202,21,,17
7522,VBM,801,266,33.21,215,24,,27
7523,Election_Day,743,256,34.45,219,23,1,13
7523,VBM,743,205,27.59,169,17,,19
7524,Election_Day,638,173,27.12,149,12,,12
7524,VBM,638,183,28.68,150,18,,15
7525,Election_Day,800,168,21,134,8,,26
7525,VBM,800,224,28,182,21,,21
7526,Election_Day,890,212,23.82,176,16,,20
7526,VBM,890,340,38.2,276,36,,28
7527/7528,Election_Day,714,191,26.75,157,11,,23
7527/7528,VBM,714,216,30.25,172,24,2,18
7529,Election_Day,896,256,28.57,226,16,,14
7529,VBM,896,286,31.92,246,24,,16
7531,Election_Day,879,246,27.99,207,16,,23
7531,VBM,879,258,29.35,211,26,,21
7532,Election_Day,795,212,26.67,174,28,,10
7532,VBM,795,252,31.7,198,34,,20
7533,Election_Day,927,331,35.71,270,38,,23
7533,VBM,927,282,30.42,217,45,,20
7534,Election_Day,882,278,31.52,231,27,1,19
7534,VBM,882,276,31.29,224,32,,20
7535,Election_Day,761,245,32.19,200,28,,17
7535,VBM,761,248,32.59,210,27,,11
7536,Election_Day,804,257,31.97,197,32,,28
7536,VBM,804,284,35.32,224,34,,26
7537,Election_Day,737,218,29.58,187,11,,20
7537,VBM,737,237,32.16,178,36,1,22
7538,Election_Day,774,239,30.88,198,24,1,16
7538,VBM,774,267,34.5,226,26,,15
7539,Election_Day,891,310,34.79,258,28,,24
7539,VBM,891,255,28.62,204,37,,14
7541,Election_Day,792,216,27.27,169,25,1,21
7541,VBM,792,265,33.46,209,34,1,21
7542,Election_Day,844,259,30.69,214,21,1,23
7542,VBM,844,244,28.91,206,18,,20
7543,Election_Day,886,199,22.46,169,15,,15
7543,VBM,886,322,36.34,253,49,1,19
7544,Election_Day,856,214,25,176,22,,16
7544,VBM,856,305,35.63,246,37,,22
7545,Election_Day,851,210,24.68,166,30,,14
7545,VBM,851,295,34.67,238,35,2,20
7546,Election_Day,857,289,33.72,239,30,,20
7546,VBM,857,274,31.97,209,39,,26
7547,Election_Day,969,282,29.1,241,18,,23
7547,VBM,969,314,32.4,270,29,,15
7548,Election_Day,1029,270,26.24,226,21,,23
7548,VBM,1029,366,35.57,301,35,,30
7549,Election_Day,789,214,27.12,169,23,,22
7549,VBM,789,266,33.71,216,30,,20
7551,Election_Day,682,219,32.11,159,40,,20
7551,VBM,682,221,32.4,170,31,,20
7552,Election_Day,702,203,28.92,152,23,,28
7552,VBM,702,229,32.62,182,29,,18
7553,Election_Day,166,3,1.81,3,,,
7553,VBM,166,89,53.61,74,14,,1
7554,Election_Day,808,228,28.22,157,43,,28
7554,VBM,808,311,38.49,245,47,,19
7555,Election_Day,848,253,29.83,198,30,,25
7555,VBM,848,313,36.91,242,58,,13
7556/7557,Election_Day,955,268,28.06,191,51,,26
7556/7557,VBM,955,367,38.43,272,62,2,31
7601,Election_Day,828,150,18.12,116,17,,17
7601,VBM,828,184,22.22,145,16,,23
7602,Election_Day,884,183,20.7,140,21,,22
7602,VBM,884,256,28.96,208,29,,19
7603,Election_Day,791,187,23.64,154,14,,19
7603,VBM,791,238,30.09,186,32,1,19
7604,Election_Day,841,186,22.12,144,25,,17
7604,VBM,841,243,28.89,192,32,,19
7605,Election_Day,693,122,17.6,94,13,,15
7605,VBM,693,161,23.23,124,11,,26
7606,Election_Day,881,137,15.55,108,18,1,10
7606,VBM,881,230,26.11,181,27,1,21
7607,Election_Day,942,189,20.06,153,21,,15
7607,VBM,942,273,28.98,216,34,,23
7608,Election_Day,417,51,12.23,37,8,,6
7608,VBM,417,108,25.9,79,14,,15
7609,Election_Day,917,83,9.05,64,9,,10
7609,VBM,917,291,31.73,217,42,,32
7611,Election_Day,793,94,11.85,67,8,,19
7611,VBM,793,223,28.12,154,28,,41
7612,Election_Day,579,84,14.51,58,14,,12
7612,VBM,579,167,28.84,130,18,,19
7613,Election_Day,917,156,17.01,120,11,1,24
7613,VBM,917,248,27.04,193,25,,30
7614,Election_Day,1046,171,16.35,128,21,,22
7614,VBM,1046,284,27.15,228,37,,19
7615,Election_Day,996,112,11.24,89,10,,13
7615,VBM,996,203,20.38,161,27,,15
7616,Election_Day,713,120,16.83,96,7,,17
7616,VBM,713,278,38.99,210,43,,25
7617,Election_Day,801,95,11.86,68,8,,19
7617,VBM,801,240,29.96,196,19,,25
7618,Election_Day,847,156,18.42,137,10,,9
7618,VBM,847,291,34.36,230,42,1,18
7619,Election_Day,1473,258,17.52,202,29,,27
7619,VBM,1473,468,31.77,364,68,,36
7621,Election_Day,912,162,17.76,130,14,,18
7621,VBM,912,310,33.99,238,45,,27
7622,Election_Day,901,114,12.65,94,6,,14
7622,VBM,901,198,21.98,157,19,,22
7623,Election_Day,759,121,15.94,96,14,,11
7623,VBM,759,193,25.43,164,18,,11
7624,Election_Day,957,105,10.97,87,9,,9
7624,VBM,957,211,22.05,168,22,,21
7625,Election_Day,853,64,7.5,42,9,,13
7625,VBM,853,396,46.42,264,65,,67
7626,Election_Day,953,158,16.58,119,21,1,17
7626,VBM,953,356,37.36,251,76,,29
7627,Election_Day,1123,182,16.21,135,31,,16
7627,VBM,1123,374,33.3,243,95,,36
7628,Election_Day,913,180,19.72,141,18,,21
7628,VBM,913,307,33.63,238,35,,34
7629,Election_Day,756,146,19.31,121,15,,10
7629,VBM,756,199,26.32,157,31,,11
7631,Election_Day,931,182,19.55,142,21,,19
7631,VBM,931,315,33.83,231,59,,25
7632,Election_Day,642,146,22.74,119,15,,12
7632,VBM,642,198,30.84,142,34,,22
7633,Election_Day,638,122,19.12,86,20,,16
7633,VBM,638,233,36.52,180,27,,26
7634,Election_Day,901,149,16.54,102,24,,23
7634,VBM,901,312,34.63,217,66,,29
7635,Election_Day,707,123,17.4,92,22,,9
7635,VBM,707,235,33.24,168,36,,31
7636,Election_Day,840,174,20.71,128,31,,15
7636,VBM,840,265,31.55,195,45,,25
7637,Election_Day,1075,170,15.81,118,32,,20
7637,VBM,1075,397,36.93,262,100,,35
7638,Election_Day,999,132,13.21,80,34,,18
7638,VBM,999,402,40.24,233,143,,26
7639,Election_Day,868,159,18.32,110,28,,21
7639,VBM,868,274,31.57,170,85,,19
7641,Election_Day,881,147,16.69,105,30,,12
7641,VBM,881,330,37.46,219,88,,23
7642,Election_Day,879,143,16.27,91,20,,32
7642,VBM,879,397,45.16,254,58,,85
7643,Election_Day,860,125,14.53,95,16,,14
7643,VBM,860,339,39.42,246,71,,22
7644,Election_Day,918,190,20.7,138,24,,28
7644,VBM,918,275,29.96,191,57,,27
7645,Election_Day,607,88,14.5,70,12,,6
7645,VBM,607,270,44.48,170,79,,21
7646,Election_Day,1601,274,17.11,210,34,,30
7646,VBM,1601,574,35.85,415,111,1,47
7647,Election_Day,861,167,19.4,127,24,,16
7647,VBM,861,169,19.63,141,18,1,9
7648,Election_Day,7,0,0,,,,
7648,VBM,7,2,28.57,2,,,
7701,Election_Day,938,290,30.92,224,42,,24
7701,VBM,938,328,34.97,247,60,,21
7702,Election_Day,752,161,21.41,113,30,,18
7702,VBM,752,323,42.95,206,91,,26
7703,Election_Day,137,2,1.46,1,,,1
7703,VBM,137,55,40.15,41,7,,7
7704,Election_Day,943,239,25.34,165,58,,16
7704,VBM,943,393,41.68,230,130,,33
7705,Election_Day,536,148,27.61,83,45,,20
7705,VBM,536,228,42.54,128,84,,16
7706,Election_Day,813,220,27.06,142,61,,17
7706,VBM,813,356,43.79,227,102,,27
7707,Election_Day,817,215,26.32,142,57,,16
7707,VBM,817,348,42.59,219,105,,24
7708,Election_Day,853,181,21.22,129,33,,19
7708,VBM,853,365,42.79,248,93,,24
7709,Election_Day,359,97,27.02,81,11,,5
7709,VBM,359,180,50.14,137,30,,13
7711,Election_Day,763,188,24.64,142,28,,18
7711,VBM,763,310,40.63,220,66,,24
7712,Election_Day,543,142,26.15,116,17,,9
7712,VBM,543,223,41.07,180,31,,12
7801,Election_Day,928,266,28.66,206,40,,20
7801,VBM,928,394,42.46,279,89,,26
7802,Election_Day,732,223,30.46,174,32,,17
7802,VBM,732,285,38.93,205,56,,24
7803,Election_Day,775,172,22.19,125,31,,16
7803,VBM,775,403,52,281,97,1,24
7804,Election_Day,881,261,29.63,195,44,,22
7804,VBM,881,368,41.77,262,76,,30
7805,Election_Day,795,207,26.04,164,27,,16
7805,VBM,795,331,41.64,243,63,,25
7806,Election_Day,727,205,28.2,169,19,,17
7806,VBM,727,267,36.73,198,48,1,20
7807,Election_Day,729,243,33.33,199,25,,19
7807,VBM,729,229,31.41,187,26,,16
7808,Election_Day,653,218,33.38,172,26,,20
7808,VBM,653,217,33.23,175,26,,16
7809,Election_Day,978,265,27.1,226,23,,16
7809,VBM,978,357,36.5,287,43,1,26
7811,Election_Day,731,207,28.32,167,25,,15
7811,VBM,731,235,32.15,197,24,,14
7812,Election_Day,819,229,27.96,186,16,,27
7812,VBM,819,294,35.9,234,45,,15
7813,Election_Day,982,306,31.16,259,32,,15
7813,VBM,982,367,37.37,294,51,,22
7814,Election_Day,835,177,21.2,148,11,,18
7814,VBM,835,209,25.03,166,23,1,19
7815,Election_Day,890,226,25.39,167,38,,21
7815,VBM,890,392,44.04,297,62,,33
7816,Election_Day,837,236,28.2,179,39,1,17
7816,VBM,837,396,47.31,317,47,2,30
7817,Election_Day,781,268,34.31,225,21,,22
7817,VBM,781,301,38.54,249,35,,17
7818,Election_Day,828,235,28.38,198,19,,18
7818,VBM,828,323,39.01,256,52,,15
7819,Election_Day,762,213,27.95,178,21,1,13
7819,VBM,762,270,35.43,214,41,,15
7821,Election_Day,918,254,27.67,194,41,,19
7821,VBM,918,399,43.46,304,66,,29
7822,Election_Day,873,277,31.73,222,35,,20
7822,VBM,873,300,34.36,239,44,,17
7823,Election_Day,854,253,29.63,201,26,,26
7823,VBM,854,321,37.59,250,49,,22
7824,Election_Day,748,213,28.48,163,28,,22
7824,VBM,748,269,35.96,216,32,,21
7825,Election_Day,547,174,31.81,143,20,,11
7825,VBM,547,193,35.28,165,22,,6
7826,Election_Day,672,214,31.85,181,13,,20
7826,VBM,672,251,37.35,211,24,,16
7827,Election_Day,890,249,27.98,211,13,1,24
7827,VBM,890,270,30.34,215,27,1,27
7828,Election_Day,935,238,25.45,180,45,1,12
7828,VBM,935,397,42.46,292,74,,31
7829,Election_Day,845,217,25.68,167,37,1,12
7829,VBM,845,385,45.56,276,90,,19
7831,Election_Day,878,255,29.04,196,39,,20
7831,VBM,878,364,41.46,282,67,,15
7832,Election_Day,782,221,28.26,179,31,,11
7832,VBM,782,348,44.5,266,64,,18
7833,Election_Day,753,192,25.5,149,22,,21
7833,VBM,753,281,37.32,216,39,,26
7834,Election_Day,852,279,32.75,234,27,,18
7834,VBM,852,267,31.34,219,24,,24
7835,Election_Day,787,217,27.57,165,36,,16
7835,VBM,787,321,40.79,239,70,,12
7836,Election_Day,948,247,26.05,192,43,,12
7836,VBM,948,403,42.51,301,72,,30
7837,Election_Day,868,247,28.46,188,34,1,24
7837,VBM,868,358,41.24,254,78,1,25
7838,Election_Day,895,227,25.36,170,42,,15
7838,VBM,895,424,47.37,320,75,,29
7839,Election_Day,824,218,26.46,159,32,,27
7839,VBM,824,359,43.57,255,79,1,24
7841,Election_Day,904,271,29.98,211,33,,27
7841,VBM,904,361,39.93,272,62,,27
7842,Election_Day,864,292,33.8,241,33,,18
7842,VBM,864,292,33.8,244,34,,14
7843,Election_Day,733,228,31.11,189,19,,20
7843,VBM,733,231,31.51,201,24,,6
7844,Election_Day,653,199,30.47,162,23,,14
7844,VBM,653,216,33.08,178,23,,15
7845,Election_Day,835,235,28.14,182,35,,18
7845,VBM,835,319,38.2,250,46,,23
7846,Election_Day,886,248,27.99,186,40,2,20
7846,VBM,886,326,36.79,239,66,,21
7847,Election_Day,888,254,28.6,194,41,,19
7847,VBM,888,328,36.94,235,64,,29
7848,Election_Day,860,246,28.6,187,36,1,22
7848,VBM,860,351,40.81,262,63,2,24
7849,Election_Day,920,290,31.52,229,44,,17
7849,VBM,920,326,35.43,244,56,,26
7851,Election_Day,502,114,22.71,75,29,,10
7851,VBM,502,230,45.82,162,52,,16
7852,Election_Day,633,153,24.17,107,35,,11
7852,VBM,633,268,42.34,180,69,,19
7853,Election_Day,817,213,26.07,164,31,,18
7853,VBM,817,319,39.05,256,46,1,16
7854,Election_Day,884,248,28.05,200,31,,17
7854,VBM,884,339,38.35,261,55,1,22
7855,Election_Day,881,282,32.01,227,28,,27
7855,VBM,881,323,36.66,243,57,,23
7856,Election_Day,785,231,29.43,185,28,,18
7856,VBM,785,312,39.75,244,45,1,22
7857,Election_Day,919,232,25.24,193,23,1,15
7857,VBM,919,362,39.39,280,60,1,21
7858,Election_Day,750,240,32,193,26,,21
7858,VBM,750,240,32,207,25,,8
7859,Election_Day,844,226,26.78,165,46,,15
7859,VBM,844,346,41,259,58,1,28
7861,Election_Day,844,240,28.44,187,30,,23
7861,VBM,844,315,37.32,230,58,1,26
7862,Election_Day,884,265,29.98,203,44,,18
7862,VBM,884,320,36.2,249,53,2,16
7863,Election_Day,879,279,31.74,221,38,,20
7863,VBM,879,288,32.76,215,51,2,20
7864,Election_Day,769,214,27.83,174,23,,17
7864,VBM,769,266,34.59,205,44,1,16
7865,Election_Day,814,258,31.7,207,31,,20
7865,VBM,814,300,36.86,220,59,,21
7866,Election_Day,786,196,24.94,140,42,,14
7866,VBM,786,361,45.93,244,87,1,29
7867,Election_Day,892,251,28.14,193,37,,21
7867,VBM,892,340,38.12,239,80,,21
7868,Election_Day,835,212,25.39,163,31,,18
7868,VBM,835,331,39.64,254,56,,21
7869,Election_Day,832,248,29.81,176,47,,25
7869,VBM,832,361,43.39,254,76,1,30
7871,Election_Day,863,253,29.32,178,47,,28
7871,VBM,863,355,41.14,255,70,,30
7872,Election_Day,876,284,32.42,217,43,,24
7872,VBM,876,345,39.38,250,73,,22
7873,Election_Day,847,249,29.4,197,31,,21
7873,VBM,847,345,40.73,265,60,1,19
7874,Election_Day,461,127,27.55,93,21,,13
7874,VBM,461,167,36.23,128,32,,7
7875,Election_Day,580,108,18.62,82,12,,14
7875,VBM,580,219,37.76,178,21,,20
7901,Election_Day,1134,281,24.78,233,19,1,28
7901,VBM,1134,312,27.51,265,30,,17
7902,Election_Day,935,254,27.17,215,22,,17
7902,VBM,935,243,25.99,207,22,,14
7903,Election_Day,848,186,21.93,147,11,1,27
7903,VBM,848,240,28.3,201,22,,17
7904,Election_Day,861,176,20.44,149,16,,11
7904,VBM,861,269,31.24,230,18,,21
7905,Election_Day,821,225,27.41,176,27,,22
7905,VBM,821,261,31.79,199,42,1,19
7906,Election_Day,778,229,29.43,196,20,,13
7906,VBM,778,234,30.08,210,13,,11
7907,Election_Day,925,258,27.89,219,18,,21
7907,VBM,925,289,31.24,243,22,,24
7908,Election_Day,935,249,26.63,208,18,,23
7908,VBM,935,271,28.98,212,21,,38
7909,Election_Day,735,217,29.52,187,16,,14
7909,VBM,735,204,27.76,176,19,,9
7911,Election_Day,849,238,28.03,205,17,,16
7911,VBM,849,277,32.63,236,24,,17
7912,Election_Day,1004,263,26.2,218,21,,24
7912,VBM,1004,306,30.48,248,30,,28
7913,Election_Day,890,293,32.92,240,29,,24
7913,VBM,890,252,28.31,211,32,,9
7914,Election_Day,859,265,30.85,215,26,,24
7914,VBM,859,270,31.43,222,25,3,20
7915,Election_Day,784,239,30.48,210,12,,17
7915,VBM,784,195,24.87,174,16,,5
7916,Election_Day,867,257,29.64,231,9,,17
7916,VBM,867,268,30.91,226,27,,15
7917,Election_Day,1003,296,29.51,261,10,,25
7917,VBM,1003,286,28.51,247,26,,13
7918,Election_Day,807,244,30.24,203,26,,15
7918,VBM,807,238,29.49,208,17,1,12
7919,Election_Day,858,270,31.47,245,13,2,10
7919,VBM,858,226,26.34,196,16,1,13
7921,Election_Day,893,229,25.64,194,17,,18
7921,VBM,893,244,27.32,218,17,1,8
7922,Election_Day,836,229,27.39,192,18,,19
7922,VBM,836,277,33.13,235,25,,17
7923,Election_Day,877,252,28.73,222,13,,17
7923,VBM,877,276,31.47,226,33,,17
7924,Election_Day,815,226,27.73,193,13,,20
7924,VBM,815,252,30.92,204,39,,9
7925,Election_Day,551,154,27.95,133,12,,9
7925,VBM,551,194,35.21,170,13,,11
7926,Election_Day,786,219,27.86,183,19,,17
7926,VBM,786,272,34.61,225,25,,22
7927,Election_Day,751,247,32.89,212,20,,15
7927,VBM,751,270,35.95,227,30,,13
7928,Election_Day,907,302,33.3,244,31,1,26
7928,VBM,907,315,34.73,253,41,,21
7929,Election_Day,833,227,27.25,183,27,,17
7929,VBM,833,351,42.14,299,42,,10
7931,Election_Day,737,207,28.09,171,23,,13
7931,VBM,737,325,44.1,254,46,,25
7932,Election_Day,531,133,25.05,111,17,,5
7932,VBM,531,197,37.1,152,40,,5
7933,Election_Day,8,0,0,,,,
7933,VBM,8,6,75,6,,,
7934,Election_Day,831,219,26.35,187,9,,23
7934,VBM,831,308,37.06,273,21,,14
7935,Election_Day,907,273,30.1,231,20,,22
7935,VBM,907,344,37.93,280,51,,13
7936,Election_Day,843,266,31.55,217,21,,28
7936,VBM,843,294,34.88,247,31,,16
7937,Election_Day,870,246,28.28,201,23,,22
7937,VBM,870,313,35.98,260,33,,20
7938,Election_Day,753,213,28.29,166,27,,20
7938,VBM,753,221,29.35,182,24,,15
7939,Election_Day,659,230,34.9,186,26,,18
7939,VBM,659,227,34.45,190,22,,15
7941,Election_Day,761,208,27.33,180,14,,14
7941,VBM,761,273,35.87,213,30,,30
7942,Election_Day,868,217,25,182,19,,16
7942,VBM,868,272,31.34,209,39,,24
7943,Election_Day,873,238,27.26,184,36,,18
7943,VBM,873,304,34.82,221,65,1,17
7944,Election_Day,793,235,29.63,194,27,,14
7944,VBM,793,247,31.15,208,30,,9
7945,Election_Day,846,113,13.36,92,10,,11
7945,VBM,846,305,36.05,246,38,1,20
7946,Election_Day,915,149,16.28,123,20,,6
7946,VBM,915,337,36.83,249,57,1,30
7947,Election_Day,886,156,17.61,118,21,,17
7947,VBM,886,281,31.72,204,44,,33
7948,Election_Day,875,190,21.71,146,35,,9
7948,VBM,875,281,32.11,185,75,,21
7949,Election_Day,538,80,14.87,55,14,,11
7949,VBM,538,197,36.62,126,56,1,14
7951,Election_Day,752,117,15.56,90,18,,9
7951,VBM,752,306,40.69,204,77,,25
7952,Election_Day,778,137,17.61,88,37,,12
7952,VBM,778,257,33.03,190,51,,16
7953,Election_Day,794,156,19.65,110,30,,16
7953,VBM,794,285,35.89,184,70,,31
7954,Election_Day,0,0,0,,,,
7954,VBM,0,1,0,1,,,
7955,Election_Day,831,143,17.21,98,34,,11
7955,VBM,831,281,33.81,188,66,,27
7956,Election_Day,712,99,13.9,82,11,,6
7956,VBM,712,255,35.81,193,50,,12
7957,Election_Day,624,109,17.47,88,14,,7
7957,VBM,624,202,32.37,164,27,,11
7958,Election_Day,266,10,3.76,6,1,,3
7958,VBM,266,112,42.11,79,23,,10
9001,Election_Day,234,5,2.14,3,1,,1
9001,VBM,234,98,41.88,79,13,,6
9101,Election_Day,840,197,23.45,143,35,,19
9101,VBM,840,306,36.43,212,74,,20
9102,Election_Day,892,214,23.99,165,36,,13
9102,VBM,892,319,35.76,233,67,,19
9103,Election_Day,909,192,21.12,135,41,,16
9103,VBM,909,293,32.23,195,72,,26
9104,Election_Day,927,204,22.01,161,21,,22
9104,VBM,927,295,31.82,218,62,,15
9105,Election_Day,903,225,24.92,171,32,,22
9105,VBM,903,309,34.22,208,66,2,33
9106,Election_Day,892,252,28.25,176,45,,31
9106,VBM,892,333,37.33,229,79,,25
9107,Election_Day,767,197,25.68,128,36,,33
9107,VBM,767,240,31.29,172,48,,20
9108,Election_Day,758,197,25.99,155,30,,12
9108,VBM,758,232,30.61,174,41,,17
9109,Election_Day,810,206,25.43,142,46,,18
9109,VBM,810,273,33.7,194,64,,15
9111,Election_Day,713,184,25.81,127,31,,26
9111,VBM,713,209,29.31,147,36,,26
9112,Election_Day,908,210,23.13,161,32,,17
9112,VBM,908,312,34.36,238,48,,26
9113,Election_Day,938,245,26.12,178,53,,14
9113,VBM,938,319,34.01,233,59,1,26
9114,Election_Day,847,191,22.55,140,29,,22
9114,VBM,847,279,32.94,209,49,1,20
9115,Election_Day,876,205,23.4,171,22,,12
9115,VBM,876,283,32.31,207,58,,18
9116,Election_Day,900,208,23.11,158,32,,18
9116,VBM,900,263,29.22,187,57,,19
9117,Election_Day,729,179,24.55,116,47,,16
9117,VBM,729,278,38.13,201,54,,23
9118,Election_Day,904,212,23.45,157,38,,17
9118,VBM,904,282,31.19,185,69,,28
9119,Election_Day,865,166,19.19,131,26,,9
9119,VBM,865,318,36.76,219,72,,27
9121,Election_Day,882,207,23.47,147,41,,19
9121,VBM,882,284,32.2,198,61,,25
9122,Election_Day,864,168,19.44,134,19,,15
9122,VBM,864,283,32.75,200,57,,26
9123,Election_Day,819,206,25.15,161,27,1,17
9123,VBM,819,288,35.16,203,54,,31
9124,Election_Day,877,187,21.32,140,31,,16
9124,VBM,877,265,30.22,204,43,,18
9125,Election_Day,833,183,21.97,137,31,,15
9125,VBM,833,302,36.25,222,59,,21
9126,Election_Day,914,203,22.21,159,30,,14
9126,VBM,914,326,35.67,219,87,2,18
9127,Election_Day,929,234,25.19,157,55,1,21
9127,VBM,929,306,32.94,225,56,,25
9128,Election_Day,826,230,27.85,156,41,,33
9128,VBM,826,270,32.69,182,58,,30
9129,Election_Day,673,182,27.04,134,33,,15
9129,VBM,673,212,31.5,144,47,,21
9131,Election_Day,733,178,24.28,131,25,,22
9131,VBM,733,248,33.83,172,56,,20
9132,Election_Day,834,203,24.34,152,27,,24
9132,VBM,834,241,28.9,184,28,,29
9133,Election_Day,986,211,21.4,158,34,,19
9133,VBM,986,360,36.51,258,70,,32
9134,Election_Day,822,155,18.86,120,19,,16
9134,VBM,822,282,34.31,189,75,,18
9135,Election_Day,782,169,21.61,123,32,,14
9135,VBM,782,249,31.84,151,74,,24
9136,Election_Day,893,210,23.52,167,29,,14
9136,VBM,893,302,33.82,215,61,,26
9137,Election_Day,912,184,20.18,135,37,,12
9137,VBM,912,315,34.54,224,65,,26
9138,Election_Day,858,146,17.02,110,24,,12
9138,VBM,858,284,33.1,210,53,,21
9139,Election_Day,943,187,19.83,137,34,1,15
9139,VBM,943,350,37.12,246,85,,19
9141,Election_Day,895,190,21.23,140,33,,17
9141,VBM,895,321,35.87,217,76,,28
9142,Election_Day,901,217,24.08,168,32,,17
9142,VBM,901,290,32.19,219,48,,23
9143,Election_Day,865,208,24.05,167,30,,11
9143,VBM,865,296,34.22,191,70,2,33
9144,Election_Day,926,242,26.13,178,48,,16
9144,VBM,926,316,34.13,223,67,,26
9145,Election_Day,823,210,25.52,168,22,,20
9145,VBM,823,271,32.93,202,54,2,13
9146,Election_Day,856,246,28.74,189,35,1,21
9146,VBM,856,267,31.19,203,47,,17
9147,Election_Day,894,233,26.06,188,27,,18
9147,VBM,894,289,32.33,212,57,,20
9148,Election_Day,943,272,28.84,204,37,,31
9148,VBM,943,295,31.28,218,52,,25
9149,Election_Day,893,236,26.43,178,34,,24
9149,VBM,893,292,32.7,223,51,,18
9151,Election_Day,775,155,20,121,28,,6
9151,VBM,775,266,34.32,196,50,,20
9152,Election_Day,724,106,14.64,90,9,,7
9152,VBM,724,158,21.82,116,30,,12
9201,Election_Day,903,240,26.58,193,32,,15
9201,VBM,903,262,29.01,191,47,,24
9202,Election_Day,871,221,25.37,155,41,1,24
9202,VBM,871,239,27.44,169,51,,19
9203,Election_Day,903,174,19.27,104,47,,23
9203,VBM,903,290,32.12,161,104,,25
9204,Election_Day,753,166,22.05,101,40,,25
9204,VBM,753,226,30.01,132,71,1,22
9205,Election_Day,665,137,20.6,84,37,,16
9205,VBM,665,219,32.93,145,51,,23
9206,Election_Day,879,155,17.63,93,53,,9
9206,VBM,879,301,34.24,152,109,,40
9207,Election_Day,858,177,20.63,103,47,2,25
9207,VBM,858,242,28.21,144,76,,22
9208,Election_Day,869,183,21.06,104,53,,26
9208,VBM,869,226,26.01,138,67,1,20
9209,Election_Day,658,157,23.86,95,46,,16
9209,VBM,658,182,27.66,111,57,,14
9211,Election_Day,777,162,20.85,106,38,,18
9211,VBM,777,201,25.87,112,66,1,22
9212,Election_Day,762,159,20.87,111,33,1,14
9212,VBM,762,211,27.69,138,58,,15
9213,Election_Day,870,172,19.77,121,25,,26
9213,VBM,870,257,29.54,169,65,,23
9214,Election_Day,565,110,19.47,60,31,,19
9214,VBM,565,194,34.34,110,68,,16
9215,Election_Day,604,134,22.19,74,43,,17
9215,VBM,604,196,32.45,109,66,,21
9216,Election_Day,712,159,22.33,103,35,,21
9216,VBM,712,170,23.88,91,62,,17
9217,Election_Day,682,148,21.7,101,34,2,11
9217,VBM,682,199,29.18,120,57,,22
9218,Election_Day,743,136,18.3,82,36,,18
9218,VBM,743,214,28.8,132,62,,20
9219,Election_Day,719,182,25.31,122,38,,22
9219,VBM,719,177,24.62,101,53,,23
9221,Election_Day,611,133,21.77,82,37,,14
9221,VBM,611,259,42.39,151,90,,18
9222,Election_Day,802,151,18.83,86,51,,14
9222,VBM,802,302,37.66,180,92,1,29
9223,Election_Day,591,93,15.74,70,20,,3
9223,VBM,591,210,35.53,115,72,1,22
9224,Election_Day,898,182,20.27,108,54,,20
9224,VBM,898,288,32.07,180,90,,18
9225,Election_Day,866,192,22.17,130,38,,24
9225,VBM,866,237,27.37,156,62,,19
9226,Election_Day,822,169,20.56,111,39,,19
9226,VBM,822,274,33.33,160,86,,28
9227,Election_Day,709,153,21.58,104,32,,17
9227,VBM,709,287,40.48,193,76,1,17
9228,Election_Day,687,164,23.87,102,43,,19
9228,VBM,687,273,39.74,169,80,,24
9229,Election_Day,576,135,23.44,91,34,,10
9229,VBM,576,229,39.76,150,66,,13
9231,Election_Day,961,281,29.24,207,48,1,25
9231,VBM,961,308,32.05,228,65,,15
9232,Election_Day,706,181,25.64,123,35,,23
9232,VBM,706,240,33.99,163,63,1,13
9233,Election_Day,748,166,22.19,109,36,,21
9233,VBM,748,280,37.43,163,104,,13
9234,Election_Day,708,141,19.92,95,35,,11
9234,VBM,708,264,37.29,157,82,,25
9235,Election_Day,825,195,23.64,124,50,,21
9235,VBM,825,284,34.42,186,82,,16
9236,Election_Day,637,144,22.61,88,36,,20
9236,VBM,637,225,35.32,159,42,,24
9237,Election_Day,846,167,19.74,109,35,,23
9237,VBM,846,294,34.75,195,80,,19
9238,Election_Day,778,148,19.02,96,35,,17
9238,VBM,778,297,38.17,161,106,1,29
9239,Election_Day,811,154,18.99,94,43,1,16
9239,VBM,811,301,37.11,187,84,,30
9241,Election_Day,903,197,21.82,125,45,,27
9241,VBM,903,281,31.12,180,80,,21
9242,Election_Day,864,192,22.22,142,33,,17
9242,VBM,864,274,31.71,187,74,,13
9243,Election_Day,567,139,24.51,93,25,,21
9243,VBM,567,193,34.04,125,52,,16
9244,Election_Day,828,191,23.07,137,27,,27
9244,VBM,828,252,30.43,184,50,,18
9245,Election_Day,665,157,23.61,113,28,,16
9245,VBM,665,218,32.78,154,43,1,20
9246,Election_Day,861,196,22.76,131,45,,20
9246,VBM,861,294,34.15,191,69,1,33
9247,Election_Day,887,202,22.77,144,37,,21
9247,VBM,887,312,35.17,193,94,,25
9248,Election_Day,834,181,21.7,134,28,,19
9248,VBM,834,286,34.29,197,57,,32
9249,Election_Day,857,219,25.55,147,49,,23
9249,VBM,857,278,32.44,179,75,1,23
9251,Election_Day,882,220,24.94,157,40,,23
9251,VBM,882,312,35.37,209,77,,26
9252,Election_Day,861,170,19.74,113,36,1,20
9252,VBM,861,351,40.77,227,93,,31
9253,Election_Day,741,168,22.67,117,26,,25
9253,VBM,741,231,31.17,159,42,1,29
9254,Election_Day,860,203,23.6,134,34,,35
9254,VBM,860,311,36.16,207,78,,26
9255,Election_Day,513,134,26.12,90,23,,21
9255,VBM,513,156,30.41,113,25,,18
9256,Election_Day,371,83,22.37,55,14,,14
9256,VBM,371,101,27.22,74,19,,8
9257,Election_Day,284,14,4.93,13,,,1
9257,VBM,284,156,54.93,128,22,1,5
9258,Election_Day,659,130,19.73,98,24,,8
9258,VBM,659,246,37.33,200,32,,14
9401,Election_Day,909,253,27.83,198,18,1,36
9401,VBM,909,262,28.82,203,39,,20
9402,Election_Day,954,243,25.47,196,31,,16
9402,VBM,954,311,32.6,230,58,,23
9403,Election_Day,862,185,21.46,137,33,,15
9403,VBM,862,291,33.76,206,69,,16
9404,Election_Day,849,171,20.14,121,35,,15
9404,VBM,849,252,29.68,174,63,,15
9405,Election_Day,765,186,24.31,131,37,,18
9405,VBM,765,255,33.33,194,42,,19
9406,Election_Day,862,200,23.2,145,30,,25
9406,VBM,862,263,30.51,193,52,,18
9407,Election_Day,851,211,24.79,145,37,,29
9407,VBM,851,256,30.08,188,46,,22
9408,Election_Day,805,214,26.58,157,32,,25
9408,VBM,805,244,30.31,191,30,,23
9409,Election_Day,574,168,29.27,130,22,,16
9409,VBM,574,175,30.49,124,34,,17
9411,Election_Day,987,256,25.94,188,29,,39
9411,VBM,987,293,29.69,237,32,,24
9412,Election_Day,838,213,25.42,161,35,,17
9412,VBM,838,261,31.15,188,54,,19
9413,Election_Day,871,191,21.93,138,29,,24
9413,VBM,871,292,33.52,198,69,,25
9414,Election_Day,837,175,20.91,123,29,,23
9414,VBM,837,336,40.14,232,78,,26
9415,Election_Day,764,145,18.98,113,23,,9
9415,VBM,764,259,33.9,186,59,,14
9416,Election_Day,947,225,23.76,171,34,,20
9416,VBM,947,302,31.89,205,63,,34
9417,Election_Day,709,137,19.32,106,18,,13
9417,VBM,709,235,33.15,160,60,,15
9418,Election_Day,761,160,21.02,115,33,,12
9418,VBM,761,243,31.93,150,63,,30
9419,Election_Day,841,142,16.88,101,35,,6
9419,VBM,841,307,36.5,195,91,,21
9421,Election_Day,876,145,16.55,98,30,,17
9421,VBM,876,312,35.62,231,65,,16
9422,Election_Day,1001,240,23.98,160,53,,27
9422,VBM,1001,317,31.67,205,80,1,31
9423,Election_Day,850,162,19.06,123,30,,9
9423,VBM,850,288,33.88,203,55,,30
9424,Election_Day,902,165,18.29,113,33,,19
9424,VBM,902,295,32.71,205,66,,24
9425,Election_Day,880,155,17.61,118,19,,18
9425,VBM,880,287,32.61,205,56,,26
9426,Election_Day,766,128,16.71,86,30,,12
9426,VBM,766,248,32.38,176,46,,26
9427,Election_Day,886,143,16.14,87,37,,19
9427,VBM,886,300,33.86,188,93,,19
9428,Election_Day,890,133,14.94,96,28,,9
9428,VBM,890,325,36.52,232,73,1,19
9429,Election_Day,848,197,23.23,137,43,,17
9429,VBM,848,253,29.83,183,54,,16
9431,Election_Day,941,172,18.28,127,37,,8
9431,VBM,941,348,36.98,232,83,1,32
9432,Election_Day,855,183,21.4,130,41,,12
9432,VBM,855,271,31.7,185,56,,30
9433,Election_Day,882,166,18.82,111,38,,17
9433,VBM,882,307,34.81,215,69,,23
9434,Election_Day,944,208,22.03,141,45,,22
9434,VBM,944,320,33.9,232,68,,20
9435,Election_Day,909,201,22.11,133,43,1,24
9435,VBM,909,305,33.55,222,59,1,23
9436,Election_Day,951,178,18.72,114,44,,20
9436,VBM,951,320,33.65,225,77,,18
9437,Election_Day,878,174,19.82,115,44,,15
9437,VBM,878,298,33.94,192,80,,26
9438,Election_Day,917,161,17.56,112,32,,17
9438,VBM,917,325,35.44,211,91,1,22
9439,Election_Day,836,156,18.66,100,36,,20
9439,VBM,836,283,33.85,195,66,,22
9441,Election_Day,944,185,19.6,135,35,,15
9441,VBM,944,322,34.11,225,74,1,22
9442,Election_Day,935,218,23.32,176,27,,15
9442,VBM,935,308,32.94,223,64,1,20
9443,Election_Day,867,195,22.49,148,33,,14
9443,VBM,867,266,30.68,180,70,1,15
9444,Election_Day,877,125,14.25,93,22,,10
9444,VBM,877,295,33.64,192,74,,29
9445,Election_Day,918,192,20.92,133,42,,17
9445,VBM,918,329,35.84,238,65,,26
9446,Election_Day,995,210,21.11,151,48,,11
9446,VBM,995,369,37.09,242,89,1,37
9447,Election_Day,892,169,18.95,136,24,,9
9447,VBM,892,317,35.54,206,86,,25
9448,Election_Day,855,155,18.13,107,35,,13
9448,VBM,855,296,34.62,200,74,,22
9449,Election_Day,763,111,14.55,77,24,,10
9449,VBM,763,276,36.17,179,79,,18
9451,Election_Day,402,85,21.14,56,19,,10
9451,VBM,402,156,38.81,82,63,,11
9452,Election_Day,765,206,26.93,136,50,,20
9452,VBM,765,258,33.73,163,68,,27
9453,Election_Day,454,90,19.82,62,19,,9
9453,VBM,454,168,37,118,41,,9
9501,Election_Day,141,2,1.42,2,,,
9501,VBM,141,74,52.48,54,12,,8
9502,Election_Day,201,7,3.48,5,2,,
9502,VBM,201,120,59.7,94,17,,9
9503/9504,Election_Day,673,125,18.57,110,8,,7
9503/9504,VBM,673,210,31.2,155,37,1,17
9505,Election_Day,738,149,20.19,112,16,,21
9505,VBM,738,223,30.22,179,31,,13
9506,Election_Day,734,160,21.8,132,15,,13
9506,VBM,734,183,24.93,145,24,1,13
9507,Election_Day,731,180,24.62,146,18,,16
9507,VBM,731,258,35.29,218,22,,18
9508,Election_Day,797,229,28.73,188,20,,21
9508,VBM,797,233,29.23,186,23,,24
9509,Election_Day,671,182,27.12,146,18,,18
9509,VBM,671,213,31.74,166,25,,22
9511,Election_Day,592,165,27.87,137,16,,12
9511,VBM,592,169,28.55,134,21,,14
9512,Election_Day,776,192,24.74,157,15,,20
9512,VBM,776,259,33.38,223,24,1,11
9513,Election_Day,849,204,24.03,170,13,,21
9513,VBM,849,243,28.62,208,16,,19
9514/9522,Election_Day,890,265,29.78,215,31,,19
9514/9522,VBM,890,284,31.91,209,52,,23
9515,Election_Day,694,222,31.99,163,39,,20
9515,VBM,694,224,32.28,159,46,,19
9516,Election_Day,855,225,26.32,167,34,,24
9516,VBM,855,282,32.98,200,63,,19
9517,Election_Day,786,215,27.35,171,19,,25
9517,VBM,786,271,34.48,208,32,,31
9518,Election_Day,750,213,28.4,157,39,,17
9518,VBM,750,251,33.47,198,31,,22
9519,Election_Day,859,251,29.22,183,38,,30
9519,VBM,859,277,32.25,207,47,,23
9521,Election_Day,860,275,31.98,229,22,,24
9521,VBM,860,280,32.56,209,43,,28
9701,Election_Day,642,194,30.22,149,24,1,20
9701,VBM,642,213,33.18,161,38,,14
9702,Election_Day,723,220,30.43,167,35,,18
9702,VBM,723,221,30.57,164,45,,12
9703,Election_Day,917,197,21.48,129,50,,18
9703,VBM,917,318,34.68,218,81,,19
9704,Election_Day,902,228,25.28,167,38,1,22
9704,VBM,902,317,35.14,206,81,,30
9705,Election_Day,859,269,31.32,215,38,,16
9705,VBM,859,285,33.18,216,50,,19
9706,Election_Day,52,1,1.92,1,,,
9706,VBM,52,39,75,27,7,,5
9707,Election_Day,741,146,19.7,92,43,,11
9707,VBM,741,283,38.19,176,89,,18
9708,Election_Day,876,225,25.68,166,35,,24
9708,VBM,876,307,35.05,228,53,,26
9709,Election_Day,942,203,21.55,136,46,,21
9709,VBM,942,333,35.35,206,105,,22
9711,Election_Day,621,162,26.09,102,50,,10
9711,VBM,621,267,43,193,57,,17
9712,Election_Day,621,147,23.67,99,40,,8
9712,VBM,621,265,42.67,163,86,,16
9713,Election_Day,913,170,18.62,120,37,,13
9713,VBM,913,347,38.01,239,81,,27
9714,Election_Day,898,187,20.82,133,46,,8
9714,VBM,898,372,41.43,215,129,,28
9715,Election_Day,557,174,31.24,108,50,,16
9715,VBM,557,191,34.29,107,72,1,11
9716,Election_Day,914,194,21.23,125,49,1,19
9716,VBM,914,325,35.56,221,85,,19
9717,Election_Day,942,217,23.04,149,52,,16
9717,VBM,942,339,35.99,208,106,,25
9718,Election_Day,819,195,23.81,108,72,,15
9718,VBM,819,356,43.47,233,104,,19
9719,Election_Day,852,216,25.35,140,55,,21
9719,VBM,852,349,40.96,214,114,,21
9721,Election_Day,628,176,28.03,100,66,,10
9721,VBM,628,230,36.62,135,79,,16
9722,Election_Day,608,109,17.93,69,29,,11
9722,VBM,608,264,43.42,157,80,,27
9723,Election_Day,435,58,13.33,34,20,,4
9723,VBM,435,200,45.98,115,73,1,11
9724,Election_Day,903,159,17.61,85,59,,15
9724,VBM,903,349,38.65,195,131,,23
9725,Election_Day,937,156,16.65,81,58,,17
9725,VBM,937,337,35.97,187,130,,20
9726,Election_Day,676,133,19.67,110,15,1,7
9726,VBM,676,175,25.89,141,26,,8
9727,Election_Day,419,70,16.71,32,30,,8
9727,VBM,419,185,44.15,100,74,2,9
9728,Election_Day,899,190,21.13,115,62,,13
9728,VBM,899,362,40.27,208,132,1,21
9729,Election_Day,766,155,20.23,92,50,,13
9729,VBM,766,320,41.78,197,113,,10
9731,Election_Day,506,148,29.25,87,46,,15
9731,VBM,506,182,35.97,106,65,1,10
9732,Election_Day,74,4,5.41,4,,,
9732,VBM,74,52,70.27,31,17,,4
9733,Election_Day,209,5,2.39,3,,,2
9733,VBM,209,143,68.42,97,35,,11
9734,Election_Day,580,133,22.93,87,38,,8
9734,VBM,580,237,40.86,138,83,,16
9735,Election_Day,763,159,20.84,92,47,,20
9735,VBM,763,329,43.12,190,121,,18
9736,Election_Day,687,156,22.71,101,41,,14
9736,VBM,687,289,42.07,188,76,,25
9737,Election_Day,756,177,23.41,135,25,1,16
9737,VBM,756,348,46.03,219,101,,28
9738,Election_Day,769,167,21.72,128,25,,14
9738,VBM,769,245,31.86,162,53,1,29
9739,Election_Day,806,166,20.6,134,22,,10
9739,VBM,806,202,25.06,167,24,,11
9741,Election_Day,765,53,6.93,48,1,,4
9741,VBM,765,49,6.41,40,3,,6
9742,Election_Day,603,120,19.9,71,35,1,13
9742,VBM,603,185,30.68,93,74,,18
9743,Election_Day,986,217,22.01,172,24,1,20
9743,VBM,986,331,33.57,241,59,2,29
9744,Election_Day,877,191,21.78,152,24,,15
9744,VBM,877,228,26,179,34,,15
9745,Election_Day,969,184,18.99,144,19,,21
9745,VBM,969,235,24.25,172,37,1,25
9746,Election_Day,872,200,22.94,141,50,,9
9746,VBM,872,338,38.76,222,98,,18
9747,Election_Day,917,215,23.45,172,23,,20
9747,VBM,917,332,36.21,240,66,2,24
9748,Election_Day,937,195,20.81,143,42,,10
9748,VBM,937,342,36.5,226,94,,22
9749,Election_Day,865,173,20,137,24,,12
9749,VBM,865,238,27.51,194,39,,5
9751,Election_Day,929,197,21.21,138,46,,13
9751,VBM,929,370,39.83,254,98,1,17
9752,Election_Day,704,163,23.15,115,37,,11
9752,VBM,704,299,42.47,201,80,,18
9753,Election_Day,727,148,20.36,110,21,1,16
9753,VBM,727,282,38.79,221,48,1,12
9754,Election_Day,695,170,24.46,131,26,1,12
9754,VBM,695,271,38.99,207,47,1,16
9755,Election_Day,578,134,23.18,104,22,,8
9755,VBM,578,221,38.24,180,33,,8
9756,Election_Day,867,160,18.45,122,18,,20
9756,VBM,867,288,33.22,218,57,,13
9801,Election_Day,426,86,20.19,67,10,,9
9801,VBM,426,147,34.51,93,41,,13
9900,Election_Day,0,0,0,,,,
9900,VBM,0,0,0,,,,
9901,Election_Day,0,0,0,,,,
9901,VBM,0,0,0,,,,
9902,Election_Day,0,0,0,,,,
9902,VBM,0,0,0,,,,
