precinct,ballot_type,registered,ballots_cast,turnout,MATTHEW_DEL_CARLO,DAVID_CHIU,WRITE-IN,over_votes,under_votes
1141,Election_Day,960,159,16.56,21,109,4,,25
1141,VBM,960,372,38.75,45,286,5,,36
1142,Election_Day,755,149,19.74,13,108,2,,26
1142,VBM,755,259,34.3,41,180,1,,37
1143,Election_Day,974,207,21.25,22,147,1,,37
1143,VBM,974,316,32.44,53,222,4,,37
1144,Election_Day,864,186,21.53,32,115,3,,36
1144,VBM,864,276,31.94,35,211,1,,29
1145,Election_Day,878,169,19.25,10,117,3,,39
1145,VBM,878,345,39.29,45,255,1,1,43
1146,Election_Day,927,168,18.12,26,104,5,,33
1146,VBM,927,323,34.84,40,241,,,42
1147,Election_Day,860,178,20.7,21,122,6,,29
1147,VBM,860,290,33.72,43,211,4,,32
1148,Election_Day,900,171,19,25,111,,,35
1148,VBM,900,284,31.56,47,205,1,2,29
1149,Election_Day,873,191,21.88,22,132,4,,33
1149,VBM,873,274,31.39,35,195,2,,42
1151,Election_Day,0,0,0,,,,,
1151,VBM,0,0,0,,,,,
1152,Election_Day,826,156,18.89,29,104,1,,22
1152,VBM,826,279,33.78,46,208,1,,24
1153,Election_Day,886,161,18.17,24,101,2,1,33
1153,VBM,886,293,33.07,57,201,1,,34
1154,Election_Day,0,0,0,,,,,
1154,VBM,0,0,0,,,,,
7001,Election_Day,647,143,22.1,8,104,2,,29
7001,VBM,647,214,33.08,18,164,1,,31
7002,Election_Day,934,177,18.95,13,126,4,,34
7002,VBM,934,308,32.98,27,229,2,,50
7003,Election_Day,850,216,25.41,23,152,2,,39
7003,VBM,850,347,40.82,40,258,,,49
7004,Election_Day,823,197,23.94,11,142,3,,41
7004,VBM,823,313,38.03,21,247,3,,42
7005,Election_Day,810,242,29.88,21,163,3,,55
7005,VBM,810,261,32.22,23,195,,,43
7006,Election_Day,900,237,26.33,22,147,3,,65
7006,VBM,900,299,33.22,34,222,2,,41
7007,Election_Day,938,274,29.21,12,205,3,,54
7007,VBM,938,347,36.99,28,276,,,43
7008,Election_Day,819,216,26.37,17,166,1,,32
7008,VBM,819,364,44.44,31,284,,,49
7009,Election_Day,873,178,20.39,34,103,2,,39
7009,VBM,873,319,36.54,17,267,,,35
7011,Election_Day,990,172,17.37,18,118,6,,30
7011,VBM,990,215,21.72,17,165,1,,32
7012,Election_Day,937,252,26.89,20,183,1,,48
7012,VBM,937,348,37.14,27,271,3,1,46
7013,Election_Day,670,128,19.1,10,94,3,,21
7013,VBM,670,263,39.25,20,201,,1,41
7014,Election_Day,971,245,25.23,15,174,3,,53
7014,VBM,971,333,34.29,15,273,2,,43
7015,Election_Day,91,2,2.2,,2,,,
7015,VBM,91,47,51.65,4,34,1,,8
7016,Election_Day,885,122,13.79,18,84,,,20
7016,VBM,885,226,25.54,25,166,,,35
7017,Election_Day,721,81,11.23,9,59,1,,12
7017,VBM,721,149,20.67,22,108,1,,18
7018,Election_Day,904,105,11.62,8,72,2,,23
7018,VBM,904,305,33.74,27,239,2,,37
7019,Election_Day,883,136,15.4,10,98,3,1,24
7019,VBM,883,319,36.13,35,256,3,,25
7021,Election_Day,910,146,16.04,9,93,1,,43
7021,VBM,910,230,25.27,27,173,2,,28
7022,Election_Day,969,158,16.31,8,128,1,,21
7022,VBM,969,247,25.49,27,195,3,,22
7023,Election_Day,878,136,15.49,13,99,2,,22
7023,VBM,878,254,28.93,16,196,,,42
7024,Election_Day,290,20,6.9,2,13,,,5
7024,VBM,290,23,7.93,5,17,,,1
7025,Election_Day,460,59,12.83,4,39,,,16
7025,VBM,460,84,18.26,2,70,,,12
7026,Election_Day,927,110,11.87,8,80,,,22
7026,VBM,927,337,36.35,53,241,1,1,41
7027,Election_Day,823,145,17.62,17,97,4,,27
7027,VBM,823,243,29.53,26,188,1,1,27
7028,Election_Day,838,145,17.3,13,107,3,,22
7028,VBM,838,178,21.24,15,141,1,,21
7029,Election_Day,853,102,11.96,9,74,1,,18
7029,VBM,853,152,17.82,16,120,,,16
7030,Election_Day,727,79,10.87,13,59,,,7
7030,VBM,727,236,32.46,30,173,,,33
7031,Election_Day,412,39,9.47,4,30,,,5
7031,VBM,412,179,43.45,23,138,1,,17
7032,Election_Day,857,132,15.4,13,87,4,,28
7032,VBM,857,229,26.72,31,174,2,,22
7033,Election_Day,767,150,19.56,23,89,3,,35
7033,VBM,767,159,20.73,12,124,2,,21
7034,Election_Day,875,97,11.09,7,66,,,24
7034,VBM,875,143,16.34,12,112,1,,18
7035,Election_Day,386,72,18.65,6,52,1,,13
7035,VBM,386,112,29.02,11,86,1,,14
7036,Election_Day,862,93,10.79,10,67,1,1,14
7036,VBM,862,232,26.91,36,181,1,,14
7037,Election_Day,762,85,11.15,16,43,2,,24
7037,VBM,762,70,9.19,4,54,2,,10
7038,Election_Day,874,90,10.3,20,53,1,,16
7038,VBM,874,243,27.8,23,196,2,,22
7039,Election_Day,764,166,21.73,18,117,5,,26
7039,VBM,764,196,25.65,27,146,1,,22
7041,Election_Day,55,3,5.45,,1,,,2
7041,VBM,55,21,38.18,5,14,,,2
7042,Election_Day,627,100,15.95,19,60,2,,19
7042,VBM,627,203,32.38,32,146,2,,23
7043,Election_Day,884,108,12.22,11,77,,,20
7043,VBM,884,260,29.41,31,197,,,32
7044,Election_Day,785,86,10.96,15,47,1,1,22
7044,VBM,785,103,13.12,16,70,,,17
7045,Election_Day,736,99,13.45,22,59,1,,17
7045,VBM,736,243,33.02,35,178,2,1,27
7046,Election_Day,416,65,15.63,6,49,2,,8
7046,VBM,416,140,33.65,16,107,,,17
7047,Election_Day,783,99,12.64,15,65,1,,18
7047,VBM,783,282,36.02,38,213,,,31
7048,Election_Day,793,108,13.62,10,77,,,21
7048,VBM,793,209,26.36,20,161,4,,24
7049,Election_Day,778,105,13.5,19,68,1,,17
7049,VBM,778,216,27.76,34,160,,,22
7051,Election_Day,839,80,9.54,11,60,,,9
7051,VBM,839,297,35.4,40,230,3,,24
7052,Election_Day,813,126,15.5,12,96,,,18
7052,VBM,813,269,33.09,44,195,2,1,27
7053,Election_Day,446,41,9.19,3,32,,,6
7053,VBM,446,173,38.79,31,128,,,14
7054,Election_Day,949,180,18.97,20,127,2,1,30
7054,VBM,949,252,26.55,23,199,,,30
7101,Election_Day,135,9,6.67,1,6,,,2
7101,VBM,135,82,60.74,3,67,,,12
7201,Election_Day,874,172,19.68,21,119,,,32
7201,VBM,874,326,37.3,62,218,1,,45
7202,Election_Day,783,181,23.12,16,127,,,38
7202,VBM,783,267,34.1,65,163,,,39
7203,Election_Day,806,215,26.67,30,131,1,,53
7203,VBM,806,232,28.78,44,149,1,1,37
7204,Election_Day,811,160,19.73,20,104,3,,33
7204,VBM,811,341,42.05,49,245,,,47
7205,Election_Day,826,163,19.73,15,125,,,23
7205,VBM,826,298,36.08,56,206,,,36
7206,Election_Day,339,91,26.84,11,61,1,,18
7206,VBM,339,106,31.27,18,79,2,,7
7207,Election_Day,584,113,19.35,9,78,2,,24
7207,VBM,584,197,33.73,31,132,2,,32
7208,Election_Day,565,116,20.53,15,78,5,,18
7208,VBM,565,208,36.81,29,152,1,,26
7209,Election_Day,529,68,12.85,12,48,,,8
7209,VBM,529,297,56.14,57,203,1,,36
7301,Election_Day,953,143,15.01,26,92,1,,24
7301,VBM,953,327,34.31,40,231,1,,55
7302,Election_Day,773,139,17.98,23,96,1,,19
7302,VBM,773,361,46.7,61,261,1,,38
7303,Election_Day,914,209,22.87,26,154,,,29
7303,VBM,914,300,32.82,32,223,8,,37
7304,Election_Day,924,201,21.75,26,134,3,,38
7304,VBM,924,321,34.74,52,229,5,,35
7305,Election_Day,825,215,26.06,39,138,3,,35
7305,VBM,825,306,37.09,54,212,3,,37
7306,Election_Day,936,183,19.55,24,124,1,,34
7306,VBM,936,309,33.01,41,237,,,31
7307,Election_Day,717,170,23.71,20,114,4,,32
7307,VBM,717,237,33.05,31,173,1,,32
7308,Election_Day,588,171,29.08,22,121,3,,25
7308,VBM,588,214,36.39,33,146,,,35
7309,Election_Day,775,201,25.94,23,139,,,39
7309,VBM,775,225,29.03,42,149,,,34
7311,Election_Day,875,213,24.34,19,159,2,,33
7311,VBM,875,271,30.97,33,203,1,,34
7312,Election_Day,806,158,19.6,27,98,2,,31
7312,VBM,806,352,43.67,52,247,,,53
7313,Election_Day,879,155,17.63,16,110,1,,28
7313,VBM,879,317,36.06,47,233,1,,36
7314,Election_Day,739,92,12.45,9,63,,,20
7314,VBM,739,229,30.99,15,191,1,,22
7315,Election_Day,695,165,23.74,19,109,1,,36
7315,VBM,695,198,28.49,26,134,3,,35
7316,Election_Day,823,143,17.38,14,99,1,,29
7316,VBM,823,286,34.75,34,203,4,,45
7317,Election_Day,885,159,17.97,17,118,4,,20
7317,VBM,885,346,39.1,55,256,4,,31
7318,Election_Day,700,154,22,18,105,1,,30
7318,VBM,700,251,35.86,31,194,,1,25
7319,Election_Day,983,197,20.04,21,137,3,,36
7319,VBM,983,297,30.21,42,198,1,,56
7321,Election_Day,620,87,14.03,8,59,5,,15
7321,VBM,620,208,33.55,23,160,2,,23
7322,Election_Day,868,66,7.6,3,47,2,,14
7322,VBM,868,279,32.14,9,228,4,,38
7323,Election_Day,804,186,23.13,26,133,1,,26
7323,VBM,804,242,30.1,35,175,1,,31
7324,Election_Day,657,132,20.09,11,94,2,,25
7324,VBM,657,206,31.35,20,158,1,,27
7325,Election_Day,870,157,18.05,20,102,4,,31
7325,VBM,870,277,31.84,25,212,2,,38
7326,Election_Day,808,174,21.53,18,119,4,,33
7326,VBM,808,253,31.31,28,187,,1,37
7327,Election_Day,701,58,8.27,5,45,,,8
7327,VBM,701,269,38.37,26,214,,,29
7328,Election_Day,936,80,8.55,3,60,1,,16
7328,VBM,936,361,38.57,33,284,2,,42
7329,Election_Day,543,78,14.36,22,48,,,8
7329,VBM,543,203,37.38,35,149,,,19
7331,Election_Day,831,183,22.02,34,112,,,37
7331,VBM,831,345,41.52,56,262,,,27
7332,Election_Day,782,189,24.17,15,132,5,,37
7332,VBM,782,248,31.71,35,179,4,1,29
7333,Election_Day,936,232,24.79,20,165,2,,45
7333,VBM,936,270,28.85,26,208,1,,35
7334,Election_Day,833,179,21.49,11,124,4,,40
7334,VBM,833,281,33.73,25,219,4,,33
7335,Election_Day,883,169,19.14,12,123,2,,32
7335,VBM,883,343,38.84,62,240,,,41
7336,Election_Day,879,190,21.62,17,132,4,,37
7336,VBM,879,338,38.45,69,219,2,,48
7337,Election_Day,829,142,17.13,18,97,,,27
7337,VBM,829,344,41.5,67,227,,,50
7338,Election_Day,912,122,13.38,11,95,,,16
7338,VBM,912,351,38.49,41,271,1,,38
7339,Election_Day,585,142,24.27,20,95,3,,24
7339,VBM,585,173,29.57,19,132,,,22
7341,Election_Day,868,192,22.12,20,132,,,40
7341,VBM,868,245,28.23,27,187,1,,30
7342,Election_Day,908,271,29.85,38,183,5,1,44
7342,VBM,908,262,28.85,35,189,3,,35
7343,Election_Day,647,178,27.51,13,119,3,1,42
7343,VBM,647,181,27.98,15,138,,,28
7344,Election_Day,1024,213,20.8,18,154,5,,36
7344,VBM,1024,357,34.86,41,262,1,,53
7345,Election_Day,1006,241,23.96,24,176,1,,40
7345,VBM,1006,322,32.01,29,238,4,,51
7346,Election_Day,869,216,24.86,19,152,3,,42
7346,VBM,869,237,27.27,21,179,2,,35
7347,Election_Day,954,201,21.07,12,144,8,1,36
7347,VBM,954,319,33.44,29,231,2,1,56
7348,Election_Day,808,147,18.19,16,111,,,20
7348,VBM,808,238,29.46,23,178,2,,35
7349,Election_Day,893,187,20.94,16,134,3,,34
7349,VBM,893,298,33.37,54,204,,,40
7501,Election_Day,523,142,27.15,17,101,,,24
7501,VBM,523,166,31.74,21,111,1,,33
7502,Election_Day,735,160,21.77,15,117,1,,27
7502,VBM,735,267,36.33,37,192,2,1,35
7503,Election_Day,706,159,22.52,19,106,1,,33
7503,VBM,706,218,30.88,33,158,1,,26
7504,Election_Day,454,98,21.59,6,75,2,,15
7504,VBM,454,143,31.5,13,112,3,,15
7505,Election_Day,853,149,17.47,9,109,,,31
7505,VBM,853,427,50.06,59,324,1,,43
7506,Election_Day,908,205,22.58,23,144,,,38
7506,VBM,908,271,29.85,30,195,3,,43
7507,Election_Day,927,149,16.07,16,105,2,,26
7507,VBM,927,266,28.69,24,211,3,,28
7508,Election_Day,683,122,17.86,12,90,2,1,17
7508,VBM,683,308,45.1,38,218,1,,51
7509/7511,Election_Day,896,196,21.88,19,145,2,,30
7509/7511,VBM,896,325,36.27,33,253,2,,37
7512,Election_Day,579,98,16.93,11,66,1,,20
7512,VBM,579,220,38,40,140,1,,39
7513,Election_Day,735,173,23.54,8,120,1,,44
7513,VBM,735,187,25.44,24,125,,,38
7514,Election_Day,803,92,11.46,4,59,1,,28
7514,VBM,803,194,24.16,21,148,1,,24
7515,Election_Day,826,158,19.13,8,117,5,,28
7515,VBM,826,281,34.02,38,195,5,,43
7516,Election_Day,805,161,20,15,115,2,,29
7516,VBM,805,369,45.84,43,273,6,,47
7517,Election_Day,877,268,30.56,18,197,4,,49
7517,VBM,877,291,33.18,19,225,2,,45
7518,Election_Day,905,295,32.6,16,209,2,,68
7518,VBM,905,295,32.6,16,220,1,,58
7519,Election_Day,741,230,31.04,12,161,4,,53
7519,VBM,741,208,28.07,13,152,1,,42
7521,Election_Day,773,239,30.92,14,179,5,,41
7521,VBM,773,232,30.01,16,168,2,,46
7522,Election_Day,801,242,30.21,15,161,2,,64
7522,VBM,801,267,33.33,15,203,2,,47
7523,Election_Day,743,262,35.26,20,173,6,,63
7523,VBM,743,208,27.99,21,158,1,,28
7524,Election_Day,638,175,27.43,11,121,4,,39
7524,VBM,638,182,28.53,18,140,,,24
7525,Election_Day,800,172,21.5,16,118,4,,34
7525,VBM,800,221,27.63,16,166,2,,37
7526,Election_Day,890,212,23.82,11,157,4,,40
7526,VBM,890,343,38.54,16,276,1,,50
7527/7528,Election_Day,714,194,27.17,14,132,2,,46
7527/7528,VBM,714,222,31.09,21,162,1,1,37
7529,Election_Day,896,257,28.68,17,170,8,,62
7529,VBM,896,287,32.03,13,231,,,43
7531,Election_Day,879,249,28.33,12,187,3,,47
7531,VBM,879,265,30.15,10,195,2,1,57
7532,Election_Day,795,211,26.54,13,149,4,,45
7532,VBM,795,260,32.7,27,193,2,,38
7533,Election_Day,927,336,36.25,17,247,6,,66
7533,VBM,927,284,30.64,21,214,1,,48
7534,Election_Day,882,282,31.97,11,198,8,,65
7534,VBM,882,275,31.18,27,202,,,46
7535,Election_Day,761,247,32.46,17,182,5,,43
7535,VBM,761,250,32.85,15,200,3,,32
7536,Election_Day,804,260,32.34,16,195,1,,48
7536,VBM,804,287,35.7,14,231,3,1,38
7537,Election_Day,737,225,30.53,13,163,3,,46
7537,VBM,737,240,32.56,15,181,2,,42
7538,Election_Day,774,240,31.01,15,179,3,,43
7538,VBM,774,268,34.63,6,224,1,,37
7539,Election_Day,891,312,35.02,16,230,11,,55
7539,VBM,891,256,28.73,12,201,3,,40
7541,Election_Day,792,219,27.65,11,158,1,,49
7541,VBM,792,270,34.09,16,206,5,,43
7542,Election_Day,844,261,30.92,8,187,2,,64
7542,VBM,844,249,29.5,14,199,1,,35
7543,Election_Day,886,198,22.35,6,150,2,,40
7543,VBM,886,328,37.02,17,260,2,,49
7544,Election_Day,856,216,25.23,12,170,1,,33
7544,VBM,856,308,35.98,19,248,2,,39
7545,Election_Day,851,211,24.79,10,157,,,44
7545,VBM,851,298,35.02,23,226,1,,48
7546,Election_Day,857,293,34.19,26,198,4,,65
7546,VBM,857,276,32.21,17,222,2,,35
7547,Election_Day,969,283,29.21,17,203,2,,61
7547,VBM,969,319,32.92,15,251,2,1,50
7548,Election_Day,1029,271,26.34,13,201,6,,51
7548,VBM,1029,371,36.05,25,286,3,,57
7549,Election_Day,789,217,27.5,16,156,2,,43
7549,VBM,789,268,33.97,21,204,3,,40
7551,Election_Day,682,221,32.4,11,165,2,,43
7551,VBM,682,224,32.84,10,176,1,,37
7552,Election_Day,702,204,29.06,8,168,4,,24
7552,VBM,702,233,33.19,14,187,1,,31
7553,Election_Day,166,3,1.81,,2,,,1
7553,VBM,166,92,55.42,8,78,,,6
7554,Election_Day,808,228,28.22,18,161,3,,46
7554,VBM,808,318,39.36,21,254,2,,41
7555,Election_Day,848,253,29.83,16,186,2,,49
7555,VBM,848,323,38.09,12,255,3,,53
7556/7557,Election_Day,955,270,28.27,26,198,3,,43
7556/7557,VBM,955,371,38.85,22,294,,,55
7601,Election_Day,828,152,18.36,15,97,,,40
7601,VBM,828,183,22.1,18,140,1,,24
7602,Election_Day,884,185,20.93,11,134,4,,36
7602,VBM,884,253,28.62,22,191,4,,36
7603,Election_Day,791,189,23.89,17,139,2,,31
7603,VBM,791,242,30.59,16,195,,,31
7604,Election_Day,841,189,22.47,23,127,5,,34
7604,VBM,841,246,29.25,44,172,6,,24
7605,Election_Day,693,124,17.89,8,79,,,37
7605,VBM,693,161,23.23,17,115,3,,26
7606,Election_Day,881,139,15.78,17,88,1,,33
7606,VBM,881,229,25.99,22,172,2,1,32
7607,Election_Day,942,187,19.85,16,137,3,,31
7607,VBM,942,274,29.09,24,211,,,39
7608,Election_Day,417,51,12.23,6,33,,1,11
7608,VBM,417,111,26.62,13,80,1,1,16
7609,Election_Day,917,82,8.94,13,53,,,16
7609,VBM,917,292,31.84,21,237,3,2,29
7611,Election_Day,793,96,12.11,11,61,3,,21
7611,VBM,793,220,27.74,26,157,1,,36
7612,Election_Day,579,84,14.51,5,66,1,,12
7612,VBM,579,173,29.88,24,129,,,20
7613,Election_Day,917,157,17.12,22,106,5,1,23
7613,VBM,917,249,27.15,32,183,4,,30
7614,Election_Day,1046,176,16.83,15,119,,,42
7614,VBM,1046,285,27.25,34,211,3,,37
7615,Election_Day,996,108,10.84,11,66,2,,29
7615,VBM,996,205,20.58,39,146,,,20
7616,Election_Day,713,122,17.11,7,92,1,,22
7616,VBM,713,283,39.69,37,197,2,,47
7617,Election_Day,801,96,11.99,16,57,1,,22
7617,VBM,801,239,29.84,36,169,4,1,29
7618,Election_Day,847,164,19.36,14,121,1,,28
7618,VBM,847,295,34.83,27,227,2,1,38
7619,Election_Day,1473,263,17.85,20,182,4,,57
7619,VBM,1473,475,32.25,49,367,5,1,53
7621,Election_Day,912,164,17.98,10,119,,,35
7621,VBM,912,318,34.87,37,236,4,,41
7622,Election_Day,901,113,12.54,13,76,1,,23
7622,VBM,901,201,22.31,32,145,,,24
7623,Election_Day,759,120,15.81,15,70,6,,29
7623,VBM,759,194,25.56,10,158,2,,24
7624,Election_Day,957,105,10.97,12,74,3,,16
7624,VBM,957,212,22.15,30,162,3,,17
7625,Election_Day,853,65,7.62,6,46,,,13
7625,VBM,853,398,46.66,47,290,1,1,59
7626,Election_Day,953,161,16.89,18,114,,,29
7626,VBM,953,360,37.78,48,264,1,,47
7627,Election_Day,1123,191,17.01,21,132,,,38
7627,VBM,1123,378,33.66,62,265,2,,49
7628,Election_Day,913,182,19.93,16,132,,,34
7628,VBM,913,312,34.17,22,234,7,,49
7629,Election_Day,756,145,19.18,4,113,2,,26
7629,VBM,756,204,26.98,18,157,1,,28
7631,Election_Day,931,182,19.55,12,126,3,,41
7631,VBM,931,319,34.26,34,242,2,,41
7632,Election_Day,642,147,22.9,8,110,5,,24
7632,VBM,642,200,31.15,31,136,2,,31
7633,Election_Day,638,123,19.28,10,86,1,,26
7633,VBM,638,236,36.99,19,180,3,,34
7634,Election_Day,901,147,16.32,19,106,,,22
7634,VBM,901,314,34.85,48,238,,,28
7635,Election_Day,707,123,17.4,8,85,3,,27
7635,VBM,707,241,34.09,19,184,3,1,34
7636,Election_Day,840,175,20.83,16,121,2,1,35
7636,VBM,840,268,31.9,45,192,,,31
7637,Election_Day,1075,171,15.91,24,104,2,1,40
7637,VBM,1075,403,37.49,47,290,4,,62
7638,Election_Day,999,132,13.21,22,90,,,20
7638,VBM,999,406,40.64,88,287,2,,29
7639,Election_Day,868,162,18.66,18,112,,,32
7639,VBM,868,280,32.26,51,201,2,,26
7641,Election_Day,881,146,16.57,14,104,2,,26
7641,VBM,881,339,38.48,66,235,1,,37
7642,Election_Day,879,144,16.38,20,93,,,31
7642,VBM,879,405,46.08,62,294,5,,44
7643,Election_Day,860,124,14.42,13,87,2,,22
7643,VBM,860,344,40,41,267,1,,35
7644,Election_Day,918,191,20.81,20,132,2,1,36
7644,VBM,918,282,30.72,27,210,1,,44
7645,Election_Day,607,89,14.66,11,60,1,,17
7645,VBM,607,278,45.8,43,203,,,32
7646,Election_Day,1601,274,17.11,20,196,3,,55
7646,VBM,1601,591,36.91,66,436,3,,86
7647,Election_Day,861,167,19.4,20,114,4,,29
7647,VBM,861,177,20.56,19,140,1,,17
7648,Election_Day,7,0,0,,,,,
7648,VBM,7,2,28.57,,2,,,
7701,Election_Day,938,290,30.92,32,203,5,1,49
7701,VBM,938,333,35.5,41,254,4,,34
7702,Election_Day,752,162,21.54,23,107,,,32
7702,VBM,752,327,43.48,69,220,3,,35
7703,Election_Day,137,2,1.46,1,,,,1
7703,VBM,137,55,40.15,8,36,,,11
7704,Election_Day,943,242,25.66,26,167,4,,45
7704,VBM,943,389,41.25,73,277,1,,38
7705,Election_Day,536,148,27.61,15,104,,,29
7705,VBM,536,230,42.91,53,152,,,25
7706,Election_Day,813,219,26.94,35,157,2,,25
7706,VBM,813,355,43.67,48,255,,,52
7707,Election_Day,817,215,26.32,22,169,,,24
7707,VBM,817,353,43.21,46,274,1,,32
7708,Election_Day,853,184,21.57,16,132,2,,34
7708,VBM,853,368,43.14,54,270,,,44
7709,Election_Day,359,99,27.58,8,70,2,,19
7709,VBM,359,180,50.14,20,144,,,16
7711,Election_Day,763,191,25.03,12,147,3,,29
7711,VBM,763,312,40.89,31,242,,,39
7712,Election_Day,543,142,26.15,10,109,,,23
7712,VBM,543,225,41.44,22,165,1,,37
7801,Election_Day,928,266,28.66,17,213,,,36
7801,VBM,928,396,42.67,39,310,3,,44
7802,Election_Day,732,224,30.6,9,180,3,,32
7802,VBM,732,286,39.07,22,232,,,32
7803,Election_Day,775,173,22.32,8,132,1,,32
7803,VBM,775,410,52.9,23,345,3,,39
7804,Election_Day,881,262,29.74,18,210,1,,33
7804,VBM,881,372,42.22,22,310,1,,39
7805,Election_Day,795,207,26.04,6,166,3,,32
7805,VBM,795,334,42.01,26,257,1,,50
7806,Election_Day,727,203,27.92,9,152,3,,39
7806,VBM,727,275,37.83,20,220,,,35
7807,Election_Day,729,243,33.33,13,194,2,,34
7807,VBM,729,231,31.69,9,190,1,,31
7808,Election_Day,653,216,33.08,6,168,1,,41
7808,VBM,653,223,34.15,11,174,,,38
7809,Election_Day,978,266,27.2,13,205,3,,45
7809,VBM,978,362,37.01,29,287,2,,44
7811,Election_Day,731,209,28.59,10,161,2,,36
7811,VBM,731,244,33.38,13,190,6,,35
7812,Election_Day,819,231,28.21,14,167,2,,48
7812,VBM,819,297,36.26,23,239,1,,34
7813,Election_Day,982,305,31.06,16,227,5,1,56
7813,VBM,982,377,38.39,19,282,4,,72
7814,Election_Day,835,178,21.32,17,116,4,1,40
7814,VBM,835,211,25.27,23,164,1,2,21
7815,Election_Day,890,225,25.28,18,180,1,,26
7815,VBM,890,397,44.61,22,327,3,,45
7816,Election_Day,837,238,28.43,10,185,1,,42
7816,VBM,837,398,47.55,19,332,4,,43
7817,Election_Day,781,270,34.57,13,204,4,,49
7817,VBM,781,303,38.8,14,258,2,,29
7818,Election_Day,828,235,28.38,12,183,1,,39
7818,VBM,828,324,39.13,11,271,,,42
7819,Election_Day,762,216,28.35,16,152,6,,42
7819,VBM,762,274,35.96,21,212,1,,40
7821,Election_Day,918,255,27.78,7,214,,,34
7821,VBM,918,407,44.34,36,324,4,,43
7822,Election_Day,873,278,31.84,16,210,2,,50
7822,VBM,873,301,34.48,18,241,4,,38
7823,Election_Day,854,255,29.86,12,207,3,1,32
7823,VBM,854,322,37.7,22,264,2,,34
7824,Election_Day,748,214,28.61,12,167,1,,34
7824,VBM,748,272,36.36,14,215,2,,41
7825,Election_Day,547,174,31.81,15,136,5,,18
7825,VBM,547,196,35.83,11,154,2,,29
7826,Election_Day,672,215,31.99,9,167,1,,38
7826,VBM,672,255,37.95,8,203,1,,43
7827,Election_Day,890,250,28.09,16,184,6,,44
7827,VBM,890,275,30.9,26,199,9,,41
7828,Election_Day,935,239,25.56,18,184,3,,34
7828,VBM,935,401,42.89,33,302,,,66
7829,Election_Day,845,217,25.68,18,162,1,,36
7829,VBM,845,390,46.15,28,327,,,35
7831,Election_Day,878,258,29.38,14,198,1,,45
7831,VBM,878,364,41.46,20,300,2,,42
7832,Election_Day,782,222,28.39,14,178,2,,28
7832,VBM,782,350,44.76,23,287,3,,37
7833,Election_Day,753,193,25.63,10,142,4,,37
7833,VBM,753,289,38.38,21,206,2,,60
7834,Election_Day,852,280,32.86,17,207,3,,53
7834,VBM,852,268,31.46,14,203,,,51
7835,Election_Day,787,223,28.34,21,153,2,,47
7835,VBM,787,327,41.55,51,239,,,37
7836,Election_Day,948,249,26.27,20,189,2,,38
7836,VBM,948,406,42.83,41,319,,,46
7837,Election_Day,868,250,28.8,13,196,1,,40
7837,VBM,868,362,41.71,29,292,1,,40
7838,Election_Day,895,229,25.59,17,178,1,,33
7838,VBM,895,426,47.6,29,352,2,,43
7839,Election_Day,824,218,26.46,14,154,1,,49
7839,VBM,824,365,44.3,39,284,3,,39
7841,Election_Day,904,271,29.98,14,197,2,,58
7841,VBM,904,367,40.6,15,289,2,,61
7842,Election_Day,864,294,34.03,30,226,3,,35
7842,VBM,864,293,33.91,28,217,4,,44
7843,Election_Day,733,231,31.51,14,161,6,,50
7843,VBM,733,233,31.79,25,169,4,,35
7844,Election_Day,653,198,30.32,15,146,4,,33
7844,VBM,653,217,33.23,20,161,2,,34
7845,Election_Day,835,234,28.02,16,173,1,,44
7845,VBM,835,326,39.04,16,276,2,,32
7846,Election_Day,886,248,27.99,18,189,2,,39
7846,VBM,886,334,37.7,36,255,1,1,41
7847,Election_Day,888,258,29.05,18,202,2,,36
7847,VBM,888,334,37.61,36,256,1,,41
7848,Election_Day,860,247,28.72,16,189,,,42
7848,VBM,860,353,41.05,23,282,4,,44
7849,Election_Day,920,298,32.39,17,227,1,,53
7849,VBM,920,329,35.76,25,257,4,,43
7851,Election_Day,502,116,23.11,13,88,,,15
7851,VBM,502,228,45.42,25,182,1,,20
7852,Election_Day,633,154,24.33,20,116,1,,17
7852,VBM,633,269,42.5,21,215,1,,32
7853,Election_Day,817,213,26.07,19,165,2,,27
7853,VBM,817,321,39.29,26,254,1,,40
7854,Election_Day,884,250,28.28,23,192,2,,33
7854,VBM,884,344,38.91,40,261,2,,41
7855,Election_Day,881,284,32.24,13,227,1,,43
7855,VBM,881,321,36.44,37,228,,,56
7856,Election_Day,785,233,29.68,16,176,2,,39
7856,VBM,785,313,39.87,19,264,,,30
7857,Election_Day,919,233,25.35,14,170,4,,45
7857,VBM,919,370,40.26,32,266,2,,70
7858,Election_Day,750,240,32,14,170,4,,52
7858,VBM,750,245,32.67,12,204,2,,27
7859,Election_Day,844,233,27.61,21,169,3,,40
7859,VBM,844,352,41.71,30,279,1,,42
7861,Election_Day,844,243,28.79,20,180,,,43
7861,VBM,844,319,37.8,26,252,2,,39
7862,Election_Day,884,272,30.77,25,207,4,,36
7862,VBM,884,324,36.65,22,253,4,,45
7863,Election_Day,879,275,31.29,17,216,2,,40
7863,VBM,879,290,32.99,17,229,2,,42
7864,Election_Day,769,215,27.96,14,166,1,,34
7864,VBM,769,269,34.98,25,206,3,,35
7865,Election_Day,814,258,31.7,19,183,3,,53
7865,VBM,814,309,37.96,29,230,1,,49
7866,Election_Day,786,196,24.94,30,142,,,24
7866,VBM,786,367,46.69,59,262,4,,42
7867,Election_Day,892,251,28.14,18,195,1,,37
7867,VBM,892,338,37.89,26,280,2,,30
7868,Election_Day,835,213,25.51,24,163,2,,24
7868,VBM,835,332,39.76,40,270,,,22
7869,Election_Day,832,247,29.69,16,187,1,,43
7869,VBM,832,361,43.39,35,278,,,48
7871,Election_Day,863,255,29.55,21,203,3,,28
7871,VBM,863,362,41.95,26,297,2,,37
7872,Election_Day,876,284,32.42,15,234,3,,32
7872,VBM,876,351,40.07,24,280,4,1,42
7873,Election_Day,847,251,29.63,12,186,4,,49
7873,VBM,847,346,40.85,25,277,,,44
7874,Election_Day,461,128,27.77,12,94,1,,21
7874,VBM,461,166,36.01,8,137,1,1,19
7875,Election_Day,580,107,18.45,9,78,1,,19
7875,VBM,580,222,38.28,26,164,2,,30
7901,Election_Day,1134,282,24.87,29,193,6,,54
7901,VBM,1134,317,27.95,19,240,3,,55
7902,Election_Day,935,253,27.06,11,179,6,,57
7902,VBM,935,245,26.2,17,195,5,,28
7903,Election_Day,848,187,22.05,15,117,2,,53
7903,VBM,848,239,28.18,17,183,1,,38
7904,Election_Day,861,178,20.67,8,126,4,,40
7904,VBM,861,273,31.71,31,196,6,,40
7905,Election_Day,821,224,27.28,15,160,5,,44
7905,VBM,821,265,32.28,17,216,4,,28
7906,Election_Day,778,231,29.69,13,170,4,,44
7906,VBM,778,233,29.95,7,189,2,,35
7907,Election_Day,925,261,28.22,14,190,6,,51
7907,VBM,925,293,31.68,12,238,3,,40
7908,Election_Day,935,250,26.74,15,183,5,,47
7908,VBM,935,271,28.98,31,199,2,,39
7909,Election_Day,735,227,30.88,13,143,5,,66
7909,VBM,735,207,28.16,12,157,4,,34
7911,Election_Day,849,247,29.09,10,176,12,,49
7911,VBM,849,279,32.86,20,214,4,,41
7912,Election_Day,1004,274,27.29,10,183,12,,69
7912,VBM,1004,314,31.27,21,237,6,,50
7913,Election_Day,890,293,32.92,20,203,5,,65
7913,VBM,890,258,28.99,21,196,1,,40
7914,Election_Day,859,268,31.2,24,178,6,,60
7914,VBM,859,275,32.01,13,217,2,,43
7915,Election_Day,784,242,30.87,14,161,4,,63
7915,VBM,784,195,24.87,7,151,1,,36
7916,Election_Day,867,256,29.53,12,196,6,,42
7916,VBM,867,274,31.6,20,218,4,,32
7917,Election_Day,1003,300,29.91,25,198,6,,71
7917,VBM,1003,288,28.71,16,220,3,,49
7918,Election_Day,807,249,30.86,11,174,6,,58
7918,VBM,807,241,29.86,14,188,3,,36
7919,Election_Day,858,271,31.59,20,195,5,1,50
7919,VBM,858,232,27.04,12,167,4,,49
7921,Election_Day,893,228,25.53,16,153,4,1,54
7921,VBM,893,245,27.44,28,185,3,,29
7922,Election_Day,836,232,27.75,18,148,6,,60
7922,VBM,836,278,33.25,26,203,3,,46
7923,Election_Day,877,253,28.85,16,183,6,,48
7923,VBM,877,279,31.81,30,202,6,,41
7924,Election_Day,815,229,28.1,13,159,7,,50
7924,VBM,815,255,31.29,24,180,6,,45
7925,Election_Day,551,156,28.31,10,109,2,,35
7925,VBM,551,194,35.21,17,147,3,,27
7926,Election_Day,786,218,27.74,8,168,2,,40
7926,VBM,786,280,35.62,22,202,2,,54
7927,Election_Day,751,246,32.76,12,185,8,,41
7927,VBM,751,271,36.09,14,225,,,32
7928,Election_Day,907,302,33.3,21,218,8,,55
7928,VBM,907,317,34.95,21,254,2,,40
7929,Election_Day,833,227,27.25,14,175,,,38
7929,VBM,833,356,42.74,23,298,4,,31
7931,Election_Day,737,209,28.36,12,160,2,,35
7931,VBM,737,324,43.96,23,258,4,,39
7932,Election_Day,531,135,25.42,14,104,,,17
7932,VBM,531,200,37.66,15,162,2,,21
7933,Election_Day,8,0,0,,,,,
7933,VBM,8,6,75,,5,,,1
7934,Election_Day,831,220,26.47,16,142,6,,56
7934,VBM,831,312,37.55,18,249,2,,43
7935,Election_Day,907,273,30.1,12,206,3,,52
7935,VBM,907,346,38.15,20,273,4,,49
7936,Election_Day,843,268,31.79,12,199,3,,54
7936,VBM,843,297,35.23,18,228,1,,50
7937,Election_Day,870,246,28.28,17,187,4,,38
7937,VBM,870,311,35.75,24,253,1,,33
7938,Election_Day,753,215,28.55,19,140,7,1,48
7938,VBM,753,224,29.75,13,181,1,,29
7939,Election_Day,659,230,34.9,12,172,2,,44
7939,VBM,659,227,34.45,5,179,2,,41
7941,Election_Day,761,211,27.73,21,144,5,,41
7941,VBM,761,273,35.87,22,204,3,,44
7942,Election_Day,868,220,25.35,20,154,6,,40
7942,VBM,868,276,31.8,17,206,1,,52
7943,Election_Day,873,237,27.15,28,167,1,1,40
7943,VBM,873,303,34.71,46,218,1,1,37
7944,Election_Day,793,234,29.51,18,169,3,,44
7944,VBM,793,247,31.15,16,202,5,,24
7945,Election_Day,846,114,13.48,14,76,,,24
7945,VBM,846,312,36.88,39,226,3,,44
7946,Election_Day,915,151,16.5,17,109,3,,22
7946,VBM,915,335,36.61,55,243,2,,35
7947,Election_Day,886,155,17.49,30,94,1,,30
7947,VBM,886,284,32.05,62,189,3,,30
7948,Election_Day,875,191,21.83,20,130,3,,38
7948,VBM,875,285,32.57,39,193,4,,49
7949,Election_Day,538,81,15.06,15,46,2,,18
7949,VBM,538,197,36.62,31,131,3,,32
7951,Election_Day,752,119,15.82,20,81,,,18
7951,VBM,752,307,40.82,48,210,5,,44
7952,Election_Day,778,138,17.74,26,92,2,,18
7952,VBM,778,260,33.42,36,185,1,,38
7953,Election_Day,794,157,19.77,12,118,1,,26
7953,VBM,794,285,35.89,51,202,1,,31
7954,Election_Day,0,0,0,,,,,
7954,VBM,0,0,0,,,,,
7955,Election_Day,831,145,17.45,20,102,3,,20
7955,VBM,831,279,33.57,49,195,2,,33
7956,Election_Day,712,98,13.76,15,64,1,,18
7956,VBM,712,258,36.24,48,176,5,,29
7957,Election_Day,624,109,17.47,9,81,1,,18
7957,VBM,624,204,32.69,17,149,1,,37
7958,Election_Day,266,10,3.76,3,4,1,,2
7958,VBM,266,112,42.11,15,83,2,,12
9900,Election_Day,0,0,0,,,,,
9900,VBM,0,0,0,,,,,
9901,Election_Day,0,0,0,,,,,
9901,VBM,0,0,0,,,,,
9902,Election_Day,0,0,0,,,,,
9902,VBM,0,0,0,,,,,
